-- --------------------------------------------------------
-- 호스트:                          127.0.0.1
-- 서버 버전:                        8.0.15 - MySQL Community Server - GPL
-- 서버 OS:                        Win64
-- HeidiSQL 버전:                  11.2.0.6213
-- --------------------------------------------------------

/*!40101 SET @OLD_CHARACTER_SET_CLIENT=@@CHARACTER_SET_CLIENT */;
/*!40101 SET NAMES utf8 */;
/*!50503 SET NAMES utf8mb4 */;
/*!40014 SET @OLD_FOREIGN_KEY_CHECKS=@@FOREIGN_KEY_CHECKS, FOREIGN_KEY_CHECKS=0 */;
/*!40101 SET @OLD_SQL_MODE=@@SQL_MODE, SQL_MODE='NO_AUTO_VALUE_ON_ZERO' */;
/*!40111 SET @OLD_SQL_NOTES=@@SQL_NOTES, SQL_NOTES=0 */;


-- startup_campus 데이터베이스 구조 내보내기
DROP DATABASE IF EXISTS `startup_campus`;
CREATE DATABASE IF NOT EXISTS `startup_campus` /*!40100 DEFAULT CHARACTER SET utf8mb4 COLLATE utf8mb4_0900_ai_ci */;
USE `startup_campus`;

-- 테이블 startup_campus.board_agency 구조 내보내기
DROP TABLE IF EXISTS `board_agency`;
CREATE TABLE IF NOT EXISTS `board_agency` (
  `SEQ_ID` int(11) NOT NULL AUTO_INCREMENT,
  `WRITER_ID` int(11) NOT NULL COMMENT '바이오 정책 · 지원 게시자 계정 SEQ_ID',
  `WRITER_IP` varchar(30) NOT NULL COMMENT '바이오 정책 · 지원 게시자 IP',
  `AGENCY_NAME` varchar(30) NOT NULL COMMENT '미사용 컬럼',
  `TITLE` varchar(50) NOT NULL COMMENT '바이오 정책 · 지원 게시글 제목',
  `CONTENT` mediumtext NOT NULL COMMENT '바이오 정책 · 지원 게시글 내용',
  `VIEW_COUNT` int(11) NOT NULL DEFAULT '0' COMMENT '바이오 정책 · 지원 게시글 조회수',
  `CREATED_AT` datetime NOT NULL DEFAULT CURRENT_TIMESTAMP COMMENT '바이오 정책 · 지원 최초 작성일',
  `UPDATED_AT` datetime NOT NULL DEFAULT CURRENT_TIMESTAMP ON UPDATE CURRENT_TIMESTAMP COMMENT '바이오 정책 · 지원 최근 수정일',
  `FILE_NAME` varchar(200) DEFAULT NULL,
  `FILE_PATH` varchar(300) DEFAULT NULL,
  PRIMARY KEY (`SEQ_ID`) USING BTREE,
  KEY `FK_NOTICE_USER_ID_WRITER_ID` (`WRITER_ID`)
) ENGINE=InnoDB AUTO_INCREMENT=51 DEFAULT CHARSET=utf8 ROW_FORMAT=DYNAMIC COMMENT='타 기관 공지 게시판 테이블';

-- 테이블 데이터 startup_campus.board_agency:~0 rows (대략적) 내보내기
DELETE FROM `board_agency`;
/*!40000 ALTER TABLE `board_agency` DISABLE KEYS */;
INSERT INTO `board_agency` (`SEQ_ID`, `WRITER_ID`, `WRITER_IP`, `AGENCY_NAME`, `TITLE`, `CONTENT`, `VIEW_COUNT`, `CREATED_AT`, `UPDATED_AT`, `FILE_NAME`, `FILE_PATH`) VALUES
	(5, 10001, '210.95.41.129', '정책 · 지원', '[이지비즈] 중소기업 개발생산판로 맞춤형 지원사업 1차 통합공고 안내', '<p>[경기도경제과학진흥원 이지비즈]&nbsp;2021년 중소기업 개발생산판로 맞춤형 지원사업 1차 통합공고 안내</p>\n\n<p><a href="https://www.egbiz.or.kr/prjCategory/a/m/selectPrjView.do?prjDegreeId=PD000000021172#">https://www.egbiz.or.kr/prjCategory/a/m/selectPrjView.do?prjDegreeId=PD000000021172#</a></p>\n\n<p><a href="https://www.egbiz.or.kr/prjCategory/a/m/selectPrjView.do?prjDegreeId=PD000000021172#">이지비즈 - 2021년 중소기업 개발생산판로 맞춤형 지원사업 1차 통합공고 안내 (egbiz.or.kr)</a></p>\n\n<p>위 링크를 클릭하시면 이동합니다.</p>\n\n<p><img alt="" height="760" src="/startupcampus/upload/board/agency/2a374150-42dd-4ba8-a695-35be2f29dfa0.png" width="597" /></p>\n\n<p><img alt="" height="699" src="/startupcampus/upload/board/agency/d0fab5db-4eb7-4671-bc6c-8a958073cac0.png" width="582" /></p>\n\n<p><strong>##. 자세한 내용은 홈페이지 참조</strong></p>\n', 28, '2021-03-22 08:37:03', '2021-04-19 02:34:34', NULL, NULL),
	(6, 10001, '210.95.41.129', '정책 · 지원', '[이지비즈] 경기도 디자인개발지원사업 참여기업 모집', '<p><strong>1. [경기도경제과학진흥원 이지비즈] 경기도 디자인개발지원사업 참여기업 모집 (디자인챌린져스 분야)</strong></p>\n\n<p><a href="https://www.egbiz.or.kr/prjCategory/a/m/selectPrjView.do?prjDegreeId=PD000000021062">https://www.egbiz.or.kr/prjCategory/a/m/selectPrjView.do?prjDegreeId=PD000000021062</a></p>\n\n<p>위 링크를 클릭하시면 이동합니다.&nbsp;</p>\n\n<p>&nbsp;</p>\n\n<p><img alt="" height="703" src="/startupcampus/upload/board/agency/dbd11261-252d-4463-a5a8-370e1482127b.png" width="580" /></p>\n\n<p><img alt="" height="712" src="/startupcampus/upload/board/agency/b63124df-6f94-42ad-ad96-5f84c521aca3.png" width="577" /></p>\n\n<p><strong>##. 자세한 내용은 홈페이지 참조</strong></p>\n\n<p><br />\n<strong>2. [경기도경제과학진흥원 이지비즈] 경기도 디자인개발지원사업 참여기업 모집 (디자인개발 분야)</strong></p>\n\n<p><a href="https://www.egbiz.or.kr/prjCategory/a/m/selectPrjView.do?prjDegreeId=PD000000021061">https://www.egbiz.or.kr/prjCategory/a/m/selectPrjView.do?prjDegreeId=PD000000021061</a></p>\n\n<p>위 링크를 클릭하시면 이동합니다.</p>\n\n<p><img alt="" height="716" src="/startupcampus/upload/board/agency/4d66a3c9-b842-4b86-b081-d50509ca2f2b.png" width="578" /></p>\n\n<p><img alt="" height="702" src="/startupcampus/upload/board/agency/b7f7de59-8fb7-465a-a4ac-000462a7e7d0.png" width="576" /></p>\n\n<p><strong>##. 자세한 내용은 홈페이지 참조</strong></p>\n', 28, '2021-03-22 08:40:18', '2021-04-19 02:34:15', NULL, NULL),
	(7, 10001, '210.95.41.129', '정책 · 지원', '[경기테크노파크] 기술이전창업 지원사업 이전기술기반 창업지원 모집공고', '<p>경기테크노파크 : 2021년 기술이전창업 지원사업 이전기술기반 창업지원 모집공고</p>\n\n<p><a href="https://pms.gtp.or.kr/web/business/webBusinessView.do?b_idx=161360">경기테크노파크 성과관리시스템 (gtp.or.kr)</a></p>\n\n<p><a href="https://pms.gtp.or.kr/web/business/webBusinessView.do?b_idx=161360">https://pms.gtp.or.kr/web/business/webBusinessView.do?b_idx=161360</a></p>\n\n<p>위 링크를 클릭하시면 이동합니다.</p>\n\n<p>&nbsp;</p>\n\n<p><img alt="" height="849" src="/startupcampus/upload/board/agency/2f20e3b2-2c1e-4b2b-a90f-8b06d9e8795d.png" width="600" /></p>\n\n<p><img alt="" height="849" src="/startupcampus/upload/board/agency/966071ed-ee40-495f-b2a4-8d51151c3b43.png" width="600" /></p>\n\n<p><strong>##. 자세한 내용은 홈페이지 참고.</strong></p>\n', 20, '2021-03-22 08:57:00', '2021-03-29 11:14:46', NULL, NULL),
	(8, 10001, '210.95.41.129', '정책 · 지원', '[경기지식재산센터] 하남-IP닥터 사업 공고', '<p><img alt="" height="960" src="/startupcampus/upload/board/agency/42c992fd-fc50-44d0-a656-6a5bb42ad770.png" width="654" /><img alt="" src="https://www2.ripc.org/regional/ansan/main.do" /></p>\n\n<p>&nbsp;</p>\n\n<p>경기 지식재산센터 : 2021년 하남-IP닥터 사업 공고</p>\n\n<p><a href="https://biz.ripc.org/online/main.do">https://biz.ripc.org/online/main.do</a>&nbsp;(RIPC 지원사업 관리시스템)</p>\n\n<p>신청방법: biz.ripc.org 접속 -&gt; 경기지식재산센터 클릭 -&gt;&nbsp;<strong>2021년 하남시 중소기업 IP(지식재산) 바로지원 사업 모집공고 클릭</strong></p>\n', 29, '2021-03-23 01:19:17', '2021-04-06 01:00:54', NULL, NULL),
	(9, 10001, '210.95.41.129', '정책 · 지원', '[경기신용보증재단] 중소기업육성자금 지원', '<p><b>&nbsp;경기도 중소기업육성자금 지원 관련</b></p>\n\n<p>&nbsp;경기신용보증재단 하남지점 위치:&nbsp;&nbsp;하남시 검단산로 239 하남벤처센터 1층에 있습니다.&nbsp;</p>\n\n<p><a href="https://www.gcgf.or.kr/gcgf/subIndex/74.do">https://www.gcgf.or.kr/gcgf/subIndex/74.do</a></p>\n\n<p>위 링크를 클릭하시면 이동합니다.</p>\n\n<p>&nbsp;</p>\n\n<p><img alt="" height="580" src="/startupcampus/upload/board/agency/07b71845-a3b7-448f-b6d0-777b912d96bf.png" width="600" /></p>\n\n<p><img alt="" height="428" src="/startupcampus/upload/board/agency/23942321-97ea-45c5-8e27-34cc3a9ae442.png" width="600" /></p>\n\n<p>&nbsp;</p>\n', 26, '2021-03-23 01:21:38', '2021-03-29 11:07:35', NULL, NULL),
	(11, 10001, '210.95.41.129', '정책 · 지원', '[KOTRA] Pre Series A 단계 이하 스타트업 지원', '<p>대한무역투자진흥공사 KOTRA-&nbsp;<strong>Pre Series A 단계 이하 스타트업 지원</strong></p>\n\n<p>해외 진출을 희망하는 초기 단계 스타트업 및 예비창업자 대상 지원 프로그램</p>\n\n<p><a href="https://www.kotra.or.kr/biz/overseas/strOvrAdvPreA.do?menuCode=B010105">https://www.kotra.or.kr/biz/overseas/strOvrAdvPreA.do?menuCode=B010105</a></p>\n\n<p>위 링크를 클릭하시면 이동합니다.</p>\n\n<p><img alt="" height="450" src="/startupcampus/upload/board/agency/3733c03f-918e-4538-bc35-449040695395.png" width="600" /></p>\n\n<p><img alt="" height="595" src="/startupcampus/upload/board/agency/6539d33c-9fab-4674-bc2e-a96a5df4a6e3.png" width="600" /></p>\n', 11, '2021-03-24 00:31:22', '2021-03-26 15:11:11', NULL, NULL),
	(12, 10001, '210.95.41.129', '정책 · 지원', '[이지비즈] 청년기업 온라인 판로지원 사업 참여 업체 모집 공고', '<p>경기도경제과학진흥원 이지비즈</p>\n\n<p>「경기도 청년기업 온라인 판로지원 사업」 참여 업체 모집 공고</p>\n\n<p><a href="https://www.egbiz.or.kr/prjCategory/a/m/selectPrjView.do?prjDegreeId=PD000000021382">https://www.egbiz.or.kr/prjCategory/a/m/selectPrjView.do?prjDegreeId=PD000000021382</a></p>\n\n<p>위 링크를 클릭하시면 이동합니다.</p>\n\n<p>&nbsp;</p>\n\n<p><img alt="" height="642" src="/startupcampus/upload/board/agency/fd8f6478-fb1f-4c87-9092-3a2a564b0b2d.png" width="700" /></p>\n\n<p><img alt="" height="771" src="/startupcampus/upload/board/agency/869332f1-8409-4695-b069-bd9fc94dbdc8.png" width="700" /></p>\n\n<p><strong>##. 자세한 내용은 홈페이지 참조</strong></p>\n', 9, '2021-03-24 01:04:07', '2021-04-19 02:33:43', NULL, NULL),
	(13, 10001, '210.95.41.129', '정책 · 지원', '[K-startup] 글로벌 액셀러레이팅 프로그램 (예비) 창업기업 모집공고', '<p>K-startup</p>\n\n<p>2021년 글로벌 액셀러레이팅 프로그램 (예비) 창업기업 모집공고</p>\n\n<p><a href="https://www.k-startup.go.kr/common/announcement/announcementDetail.do">https://www.k-startup.go.kr/common/announcement/announcementDetail.do</a></p>\n\n<p>위 링크를 클릭하시면 이동합니다.</p>\n\n<p>&nbsp;</p>\n\n<p><img alt="" height="712" src="/startupcampus/upload/board/agency/f16dff67-5091-4a8d-b15b-b4f0ba25022c.png" width="586" /></p>\n\n<p><img alt="" height="720" src="/startupcampus/upload/board/agency/65f60fa0-b1a6-4c2d-9763-2ba10b6b7652.png" width="587" /></p>\n\n<p><strong>##. 자세한 내용은 홈페이지 참조</strong></p>\n', 4, '2021-03-25 01:06:11', '2021-04-04 07:05:51', NULL, NULL),
	(14, 10001, '210.95.41.129', '정책 · 지원', '[한국데이터산업진흥원] 데이터바우처 지원사업 수요기업 모집공고', '<p>[지원사업공고][한국데이터산업진흥원] 2021년도 데이터바우처 지원사업 수요기업 모집 공고</p>\n\n<p><a href="https://www.bi.go.kr/board/editView.do?boardID=RECRUIT&amp;frefaceCode=ANNOUNCE">주요모집공고&gt;BI-Net 창업보육센터네트워크시스템</a></p>\n\n<p><a href="https://www.bi.go.kr/board/editView.do?boardID=RECRUIT&amp;frefaceCode=ANNOUNCE">https://www.bi.go.kr/board/editView.do?boardID=RECRUIT&amp;frefaceCode=ANNOUNCE</a></p>\n\n<p>위 링크를 클릭하시면 이동합니다.</p>\n\n<p>&nbsp;</p>\n\n<p><img alt="" height="731" src="/startupcampus/upload/board/agency/ec675a2a-f78d-434f-a88e-f943b42f462d.png" width="575" /></p>\n\n<p><img alt="" height="750" src="/startupcampus/upload/board/agency/32bca5ac-11ac-4b16-a1ea-e0df11aa91f4.png" width="592" /></p>\n\n<p><strong>##. 자세한 내용은 홈페이지 참조</strong></p>\n', 1, '2021-03-25 01:32:04', '2021-03-25 01:32:23', NULL, NULL),
	(15, 10001, '210.95.41.129', '정책 · 지원', '[한국지능정보사회진흥원] 클라우드 기반 데이터 분석환경 지원 신청 안내', '<p><strong>한국지능정보사회진흥원 K-ICT 빅데이터센터</strong></p>\n\n<p><strong>2021년도 클라우드 기반 데이터 분석환경 지원 신청 안내</strong></p>\n\n<p><a href="https://www.gsp.or.kr/supportProject/UVSD0001.do?sportSeq=1351">https://www.gsp.or.kr/supportProject/UVSD0001.do?sportSeq=1351</a></p>\n\n<p>위 링크를 클릭하시면 이동합니다.</p>\n\n<p><img alt="" height="913" src="/startupcampus/upload/board/agency/58867f0f-50f7-4529-9137-d73e85bab31d.png" width="719" /></p>\n\n<p><img alt="" height="375" src="/startupcampus/upload/board/agency/61c98945-5c90-495d-a4f7-c064baaaebd1.png" width="718" /></p>\n\n<p>&nbsp;</p>\n\n<p>[신청방법]</p>\n\n<p>* (신청자격) 빅데이터, AI분야 및 데이터 기반의 비즈니스/연구를 추진하는 예비창업자 및 중소기업/스타트업</p>\n\n<p>* (신청방법) 신청서 작성 및 관련 서류 구비 후 이메일로 제출</p>\n\n<p>* (제출서류) 1. 신청서 2. 개인정보제공 및 활용동의서 3. 이용계획서 4. 사업자등록증(예비창업자는 제외), 5. 기타증빙서류 (인증서 등)</p>\n\n<p>* (신청마감) 2021.03.26(금) 16시까지</p>\n\n<p>* (접수처) bigdatamanager@nia.or.kr</p>\n\n<p>&nbsp;</p>\n\n<p>[문의처]</p>\n\n<p>* 한국지능정보사회진흥원 K-ICT 빅데이터센터</p>\n\n<p>-연락처: 1670-1317</p>\n\n<p>-이메일: bigdatamanager@nia.or.kr</p>\n\n<p>&nbsp;</p>\n\n<p><strong>*자세한 내용은 첨부파일 참조 및 문의처로 문의하여 주시기 바랍니다.&nbsp;</strong></p>\n\n<p>&nbsp;</p>\n', 4, '2021-03-25 02:19:38', '2021-03-29 09:56:14', NULL, NULL),
	(16, 10001, '210.95.41.129', '정책 · 지원', '[창업진흥원] 지역기반 로컬크리에이터 활성화 지원 (예비)창업기업 모집공고', '<p>창업진흥원- 생태계조성부</p>\n\n<p><strong>2021년 지역기반 로컬크리에이터 활성화 지원 (예비)창업기업 모집공고</strong></p>\n\n<p><a href="https://www.k-startup.go.kr/common/announcement/announcementDetail.do">https://www.k-startup.go.kr/common/announcement/announcementDetail.do</a></p>\n\n<p>위 링크를 클릭하시면 이동합니다.</p>\n\n<p>&nbsp;</p>\n\n<p>「2021년 지역기반 로컬크리에이터 활성화 지원」 사업에 참여할 (예비)창업기업을 다음과 같이 모집합니다.</p>\n\n<p><img alt="" height="855" src="/startupcampus/upload/board/agency/2f096869-d558-4bab-806c-5a88804057bc.png" width="700" /></p>\n\n<p><img alt="" height="828" src="/startupcampus/upload/board/agency/8eeed84e-7e54-4256-a7fd-d423137e2aab.png" width="701" /></p>\n\n<p><strong>##. 자세한 사항은&nbsp;홈페이지 참조</strong></p>\n\n<p>&nbsp;</p>\n', 10, '2021-03-26 00:26:40', '2021-04-06 00:59:03', NULL, NULL),
	(17, 10001, '210.95.41.129', '정책 · 지원', '[KOTRA] 산업별 특화지원- 의료/바이오', '<p><strong>[KOTRA] 산업별 특화지원 - 수출/해외투자 - 의료/바이오 분야</strong></p>\n\n<p><a href="https://www.kotra.or.kr/biz/export/industrySpeService/medicalBio/globalPartner.do?menuCode=D010207">https://www.kotra.or.kr/biz/export/industrySpeService/medicalBio/globalPartner.do?menuCode=D010207</a></p>\n\n<p>위 링크를 클릭하시면 이동합니다.&nbsp;</p>\n\n<p>&nbsp;</p>\n\n<p><strong>1. 글로벌 파트너링</strong></p>\n\n<p><img alt="" height="696" src="/startupcampus/upload/board/agency/406a99ef-0a5e-48b3-869c-0710b28d35a4.png" width="750" /></p>\n\n<p>&nbsp;</p>\n\n<p><strong>2. 보건의료 프로젝트 지원</strong></p>\n\n<p><img alt="" height="816" src="/startupcampus/upload/board/agency/617aebfd-56f8-4256-a033-6b03bfbe4960.png" width="750" /></p>\n\n<p><strong>##. 자세한 내용은 홈페이지 참조</strong></p>\n\n<p>&nbsp;</p>\n', 3, '2021-03-26 00:44:08', '2021-03-29 10:02:23', NULL, NULL),
	(18, 10001, '210.95.41.129', '정책 · 지원', '[본투글로벌센터] 해외진출지원사업 참여기업 모집', '<p><strong>2021 본투글로벌센터 해외진출 지원사업 (목표지역 특화형)</strong></p>\n\n<p><a href="https://www.gsp.or.kr/supportProject/UVSD0001.do?sportSeq=1352">https://www.gsp.or.kr/supportProject/UVSD0001.do?sportSeq=1352</a></p>\n\n<p>위 링크를 클릭하시면 이동합니다.&nbsp;</p>\n\n<p>&nbsp;</p>\n\n<p><img alt="" height="363" src="/startupcampus/upload/board/agency/9cfcb1d6-a23d-493c-883c-311f5c2c9435.png" width="640" /></p>\n\n<p><strong>[신청방법 및 대상]</strong></p>\n\n<p><strong>* 신청기간:&nbsp;</strong></p>\n\n<p>-목표지역 특화형 21.3.03(수) ~3.31(수) 17:00까지</p>\n\n<p>-해외진출 성장형 21.4.01(목) ~4.22(목) 17:00까지</p>\n\n<p><strong>* 신청방법: </strong>온라인접수</p>\n\n<p><strong>* 대상:</strong> 기업공개 전(前)단계 비상장 국내/국외 법인 사업자 ICT융합분야 혁신기술기업으로 해외진출이 준비된 기업* 또는 진출 예정 기** (80개사)</p>\n\n<p>&nbsp; *목표지역 특화형: 제품/서비스가 시장에 출시되어 있는 기업으로 해외 투자유치, 매출 확보에 필요한 컨설팅 및 네트워크 프로그램 지원</p>\n\n<p>&nbsp;**해외진출 성장형: 타깃시장의 MVP(Minimum Viable Product, 최소 기능동작 제품)을 보유중인 기업으로 6개월 과정의 집중 성장 교육 프로그램 수혜기업</p>\n\n<p>&nbsp;</p>\n\n<p><img alt="" height="822" src="/startupcampus/upload/board/agency/88f9c1a7-0075-4516-8407-1f2eff390a20.png" width="665" /></p>\n\n<p><strong>##. 자세한 내용은 홈페이지 참조</strong></p>\n\n<p>&nbsp;</p>\n', 7, '2021-03-26 00:58:37', '2021-03-29 09:56:57', NULL, NULL),
	(19, 10001, '210.95.41.129', '정책 · 지원', '[경기중소벤처기업연합회] 수출맞춤형 영상매체 1인 창작자 육성 사업', '<p><strong>경기중소벤처기업연합회</strong></p>\n\n<p>2021년 수출맞춤형 영상매체 1인 창작자 육성 사업 - 콘텐츠 크리에이터 교육 참여기업 모집 (2차)</p>\n\n<p><a href="https://www.egbiz.or.kr/prjCategory/a/m/selectPrjView.do?prjDegreeId=PD000000021472#">https://www.egbiz.or.kr/prjCategory/a/m/selectPrjView.do?prjDegreeId=PD000000021472#</a></p>\n\n<p>위 링크를 클릭하시면 이동합니다.</p>\n\n<p>&nbsp;</p>\n\n<p><img alt="" height="843" src="/startupcampus/upload/board/agency/bb567b69-bbff-4075-960f-e659a0dab8f1.png" width="684" /></p>\n\n<p><img alt="" height="853" src="/startupcampus/upload/board/agency/ea11f0c5-57af-475d-9544-56e6b3369738.png" width="700" /></p>\n\n<p><strong>##. 자세한 내용은 홈페이지 참조</strong></p>\n\n<p>&nbsp;</p>\n', 8, '2021-03-29 02:12:07', '2021-04-01 02:06:08', NULL, NULL),
	(20, 10001, '210.95.41.129', '정책 · 지원', '[창업진흥원] 「K-유니콘 프로젝트」 참여기업 모집 및 지원계획 통합공고', '<p>K-startup: 창업진흥원- 투자협력부</p>\n\n<p><strong>「K-유니콘 프로젝트」 참여기업 모집 및 지원계획 통합공고</strong></p>\n\n<p><img alt="" height="2" src="https://www.k-startup.go.kr/images/homepage/k-notice/bg_notice_line.gif" width="127" /></p>\n\n<p>중소벤처기업부는 「벤처 4대강국! K-유니콘 프로젝트」의 일환으로 [1단계] 아기유니콘을 예비유니콘(기업가치 1천억원 이상)으로 육성하는 프로그램과 [2단계] 예비유니콘을 K-유니콘으로 키우는 프로그램에 참여할 유망 혁신기업 모집을 다음과 같이 공고합니다.</p>\n\n<p><a href="https://www.k-startup.go.kr/common/announcement/announcementDetail.do">공고&middot;신청&lt;K-Startup (k-startup.go.kr)</a></p>\n\n<p><a href="https://www.k-startup.go.kr/common/announcement/announcementDetail.do">https://www.k-startup.go.kr/common/announcement/announcementDetail.do</a></p>\n\n<p>위 링크를 클릭하시면 이동합니다.</p>\n\n<p><img alt="" height="896" src="/startupcampus/upload/board/agency/8c2f9b4f-b47c-4cb4-8283-e43f422b904f.png" width="700" /></p>\n\n<p><img alt="" height="897" src="/startupcampus/upload/board/agency/e7b3897f-33b2-4271-9721-9f27f2a04724.png" width="704" /></p>\n\n<p><strong>##. 자세한 내용은 홈페이지 참조</strong></p>\n\n<p>&nbsp;</p>\n', 5, '2021-03-30 00:59:49', '2021-04-14 00:54:07', NULL, NULL),
	(21, 10001, '210.95.41.129', '정책 · 지원', '[경기도경제과학진흥원] 바이오산업 지원 소개', '<p>경기도경제과학진흥원- 바이오산업 지원 소개</p>\n\n<p><a href="https://www.gbsa.or.kr/pages/bio_support_intro.do">https://www.gbsa.or.kr/pages/bio_support_intro.do</a></p>\n\n<p>위 링크를 클릭하시면 이동합니다.&nbsp;</p>\n\n<p><strong>##. 자세한 내용은 홈페이지 참조</strong></p>\n\n<p><img alt="" height="648" src="/startupcampus/upload/board/agency/081ccebb-5c2f-4cac-83de-4026713a9696.png" width="750" /></p>\n\n<p><img alt="" height="655" src="/startupcampus/upload/board/agency/487c3925-5c8d-469a-b790-9d082cde5f91.png" width="750" /></p>\n\n<p><img alt="" height="331" src="/startupcampus/upload/board/agency/044dbfed-19d6-413a-b34b-3f0b0ecf45f8.png" width="750" /></p>\n', 3, '2021-03-30 01:20:12', '2021-03-30 08:38:39', NULL, NULL),
	(22, 10001, '210.95.41.129', '정책 · 지원', '[이지비즈] 『경기 K-의료‧바이오 GBC 수출상담회』 참가기업 모집', '<p>경기도경제과학진흥원 이지비즈</p>\n\n<p>『2021 경기 K-의료‧바이오 GBC 수출상담회』 참가기업 모집 안내</p>\n\n<p><a href="https://www.egbiz.or.kr/prjCategory/a/m/selectPrjView.do?prjDegreeId=PD000000021525">https://www.egbiz.or.kr/prjCategory/a/m/selectPrjView.do?prjDegreeId=PD000000021525</a></p>\n\n<p>위 링크를 클릭하시면 이동합니다.</p>\n\n<p>&nbsp;</p>\n\n<p><img alt="" height="720" src="/startupcampus/upload/board/agency/100a71a8-4ebb-44ba-ac7a-287ae3d33dc7.png" width="595" /></p>\n\n<p><img alt="" height="710" src="/startupcampus/upload/board/agency/5bb4c7fe-e598-4338-8630-ca21a23122ba.png" width="592" /></p>\n\n<p><strong>##. 자세한 내용은 홈페이지 참조</strong></p>\n', 6, '2021-03-31 05:01:44', '2021-04-19 02:33:24', NULL, NULL),
	(23, 10001, '210.95.41.129', '정책 · 지원', '[경기도경제과학진흥원] 「새로운 경기 창업공모」참가자 모집 공고', '<p><b>2021「새로운 경기 창업공모」참가자 모집 공고</b></p>\n\n<p>&nbsp; 우리 원에서는 아래와 같이 「2021 새로운 경기 창업공모」을 개최하고자 참가자를 모집하오니</p>\n\n<p>&nbsp; 역량있는 (예비)스타트업의 많은 참여를 바랍니다.</p>\n\n<p><a href="https://www.gsp.or.kr/supportProject/UVSD0001.do?sportSeq=1294">https://www.gsp.or.kr/supportProject/UVSD0001.do?sportSeq=1294</a></p>\n\n<p>위 링크를 클릭하시면 이동합니다.&nbsp;</p>\n\n<p>&nbsp;</p>\n\n<p><img alt="" height="1131" src="/startupcampus/upload/board/agency/ac19e2b7-ed0a-4848-a2c5-6b99233b0209.jpg" width="800" /></p>\n\n<p>&nbsp;</p>\n\n<p><img alt="" height="682" src="/startupcampus/upload/board/agency/6272e814-cb6e-4b82-b96e-811b9d54c0e9.png" width="700" /></p>\n\n<p><strong>##. 자세한 내용은 홈페이지 참조</strong></p>\n\n<p>&nbsp;</p>\n', 8, '2021-03-31 05:07:14', '2021-04-22 01:19:14', NULL, NULL),
	(24, 10001, '210.95.41.129', '정책 · 지원', '[경기도경제과학진흥원] 경기스타트업플랫폼 연계형 기술창업지원사업 상반기 참가기업 모집', '<p><strong>[경기도경제과학진흥원]&nbsp;</strong></p>\n\n<p>2021년 경기스타트업플랫폼 연계형 기술창업지원사업 상반기 참가기업 모집</p>\n\n<p><a href="https://www.gsp.or.kr/supportProject/UVSD0001.do?sportSeq=1302">https://www.gsp.or.kr/supportProject/UVSD0001.do?sportSeq=1302</a></p>\n\n<p>위 링크를 클릭하시면 이동합니다.</p>\n\n<p>&nbsp;</p>\n\n<p><img alt="" height="2717" src="/startupcampus/upload/board/agency/b84b6c6f-3791-407d-a6a4-e42133d6e14d.jpg" width="800" /></p>\n\n<p><strong>##. 자세한 내용은 홈페이지 참조</strong></p>\n\n<p>&nbsp;</p>\n', 5, '2021-04-01 05:04:30', '2021-04-22 01:19:11', NULL, NULL),
	(25, 10001, '210.95.41.129', '정책 · 지원', '[이지비즈] 경기도 착한기업 인증 사업 공고', '<p><strong>2021년 경기도 착한기업 인증 사업 공고</strong></p>\n\n<p>도내 중소기업의 사회적 책임 실현과 건전한 사회공헌 문화 확산을&nbsp;위하여&nbsp;지역발전, 사회봉사, 윤리경영 등을 사회적 가치 실현에 이바지한 기업에 대한 경기도 착한기업 인증 사업 계획을 다음과 같이 공고하오니 많은 참여 바랍니다.</p>\n\n<p><a href="https://www.egbiz.or.kr/prjCategory/a/m/selectPrjView.do?prjDegreeId=PD000000021570#">https://www.egbiz.or.kr/prjCategory/a/m/selectPrjView.do?prjDegreeId=PD000000021570#</a></p>\n\n<p>위 링크를 클릭하시면 이동합니다.&nbsp;</p>\n\n<p>&nbsp;</p>\n\n<p><img alt="" height="830" src="/startupcampus/upload/board/agency/7f8a9c53-a435-44ed-a7b8-8635c22c548a.png" width="779" /></p>\n\n<p><img alt="" height="763" src="/startupcampus/upload/board/agency/857bc03d-767e-4b9a-89d8-cd5983f4498e.png" width="779" /></p>\n\n<p><img alt="" height="237" src="/startupcampus/upload/board/agency/28ea7835-174a-4936-a988-0cc90431461a.png" width="721" /></p>\n\n<p><strong>##. 자세한 내용은 홈페이지 참조</strong></p>\n', 6, '2021-04-02 01:21:01', '2021-04-19 02:33:04', NULL, NULL),
	(26, 10001, '210.95.41.129', '정책 · 지원', '[K-startup] 중소기업 소프트웨어 및 클라우드 지원 프로그램 안내', '<p><strong>K-startup</strong></p>\n\n<p>중소기업 Microsoft, AWS, Adobe, Google, Oracle 소프트웨어 및 클라우드 지원 프로그램 안내</p>\n\n<p>지원내용:</p>\n\n<p>코로나로 어려운 창업기업을 위해서 소프트웨어 비용에 대하여 코너스톤웍스에서 소프트웨어 비용을 일정기간 지원해 드리는 프로그램을 제공합니다.</p>\n\n<p>창업기업에 대하여 매일 소정의 심사후 창업기업 Microsoft / Adobe / Google 소프트웨어 및 메일서버 및 클라우드 서버 및 보안서버에 대하여 150~200만원 상당의 무료 사용 기간을 지원합니다.</p>\n\n<p>담당기관: 코너스톤웍스- 창업지원부</p>\n\n<p><a href="https://www.k-startup.go.kr/common/announcement/announcementDetail.do">https://www.k-startup.go.kr/common/announcement/announcementDetail.do</a></p>\n\n<p>위 링크를 클릭하시면 이동합니다. (온라인신청)</p>\n\n<p>&nbsp;</p>\n\n<p><strong><img alt="" height="640" src="/startupcampus/upload/board/agency/a1c36074-5994-44bd-b48a-00ae593ec284.png" width="600" /></strong></p>\n\n<p><strong><img alt="" height="357" src="/startupcampus/upload/board/agency/4789a2c0-1124-42e2-b8b9-f5d8c332821b.png" width="800" /></strong></p>\n\n<p><strong>##. 자세한 내용은 홈페이지 참조</strong></p>\n', 4, '2021-04-05 02:26:53', '2021-04-05 06:07:39', NULL, NULL),
	(27, 10001, '210.95.41.129', '정책 · 지원', '[창업진흥원] 『도전! K-스타트업 2021』 부처 통합 창업경진대회 통합 공고', '<p><strong>『도전! K-스타트업 2021』 부처 통합 창업경진대회 통합 공고</strong></p>\n\n<p>교육부, 과학기술정보통신부, 국방부, 문화체육관광부, 산업통상자원부, 환경부, 여성가족부, 중소벤처기업부, 특허청, 산림청은 부처 합동 창업경진대회인 『도전! K-스타트업 2021』의 참가자(팀) 모집을 위해 다음과 같이 통합 공고하오니 창업자들의 많은 참여 바랍니다.</p>\n\n<p>※ 각 예선리그 별 참가자격, 모집기간, 접수처, 제출서류 등이 상이하오니 반드시 각 예선리그 별 모집공고문을 확인 후 신청하시기 바랍니다.</p>\n\n<p><a href="https://www.k-startup.go.kr/common/announcement/announcementDetail.do">https://www.k-startup.go.kr/common/announcement/announcementDetail.do</a></p>\n\n<p>위 링크를 클릭하시면 이동합니다.</p>\n\n<p><img alt="" height="986" src="/startupcampus/upload/board/agency/161827ef-fe9b-45ee-a63a-5e2faf5daff9.jpg" width="700" /></p>\n', 3, '2021-04-05 04:10:41', '2021-04-06 00:31:11', NULL, NULL),
	(28, 10001, '210.95.41.129', '정책 · 지원', '[창업진흥원] 2021년 초기창업패키지 창업기업 모집 공고', '<p><strong>K-startup</strong></p>\n\n<p>2021년 초기창업패키지 창업기업 모집 공고</p>\n\n<p>유망 창업아이템 및 고급기술을 보유한 초기창업기업을 대상으로 사업 안정화와 성장을 지원하는 『2021년 초기창업패키지』에 참여할 초기창업기업 모집을 다음과 같이 공고합니다.</p>\n\n<p><a href="https://www.k-startup.go.kr/common/announcement/announcementDetail.do">https://www.k-startup.go.kr/common/announcement/announcementDetail.do</a></p>\n\n<p>위 링크를 클릭하시면 이동합니다.</p>\n\n<p>&nbsp;</p>\n\n<p><img alt="" height="873" src="/startupcampus/upload/board/agency/c599c801-b474-4cfe-b4cd-bbfce7d4e2e8.png" width="705" /></p>\n\n<p><img alt="" height="862" src="/startupcampus/upload/board/agency/1f2a1b07-d9cb-45d8-80ee-7296862da7d9.png" width="703" /></p>\n\n<p><strong>##. 자세한 내용은 홈페이지 참조</strong></p>\n', 3, '2021-04-06 00:56:03', '2021-04-14 00:53:49', NULL, NULL),
	(29, 10001, '210.95.41.129', '정책 · 지원', '[창업진흥원] 글로벌기업 협업 프로그램 창업기업 1차 모집공고 ', '<p><strong>K-startup</strong></p>\n\n<p>2021년 글로벌기업 협업 프로그램 창업기업 1차 모집공고 (창구 프로그램, 엔업 프로그램, 마중 프로그램)</p>\n\n<p>창업기업의 성장 및 해외 시장 진출을 지원하는 「2021년 글로벌기업 협업 프로그램」에 참여할 창업기업 모집계획을 다음과 같이 공고합니다.</p>\n\n<p><a href="https://www.k-startup.go.kr/common/announcement/announcementDetail.do">https://www.k-startup.go.kr/common/announcement/announcementDetail.do</a></p>\n\n<p>위 링크를 클릭하시면 이동합니다.&nbsp;</p>\n\n<p>&nbsp;</p>\n\n<p><img alt="" height="872" src="/startupcampus/upload/board/agency/32cce5c8-9004-4bc7-9929-efb92e524473.png" width="701" /></p>\n\n<p><img alt="" height="867" src="/startupcampus/upload/board/agency/a67b7ab4-9de8-4bf0-94a7-b7f123733715.png" width="697" /></p>\n\n<p><strong>##. 자세한 내용은 홈페이지 참조</strong></p>\n\n<p>&nbsp;</p>\n', 1, '2021-04-06 01:04:43', '2021-04-07 00:27:34', NULL, NULL),
	(30, 10001, '210.95.41.129', '정책 · 지원', '[창업진흥원] 창업도약패키지 지원사업 사업화지원 창업기업 모집 공고', '<p><strong>K-startup</strong></p>\n\n<p>2021년 창업도약패키지 지원사업 사업화지원 창업기업 모집 공고</p>\n\n<p>창업도약기(3~7년) 기업이 어려운 시기(죽음의 계곡)를 극복하고 자생적으로 성장할 수 있도록 지원하는 『창업도약패키지 지원사업』 &lsquo;사업화지원&rsquo; 창업기업 모집계획을 다음과 같이 공고합니다.</p>\n\n<p><a href="https://www.k-startup.go.kr/common/announcement/announcementDetail.do">https://www.k-startup.go.kr/common/announcement/announcementDetail.do</a></p>\n\n<p>위 링크를 클릭하시면 이동합니다.</p>\n\n<p>&nbsp;</p>\n\n<p><img alt="" height="884" src="/startupcampus/upload/board/agency/9200c4fd-fc06-4070-885c-a928d2e40281.png" width="708" /></p>\n\n<p><img alt="" height="872" src="/startupcampus/upload/board/agency/869610e0-3f5b-4188-a828-7870c10e13fb.png" width="699" /></p>\n\n<p><img alt="" height="873" src="/startupcampus/upload/board/agency/37ad2e08-3afe-4568-b985-41e335aeb645.png" width="703" /></p>\n\n<p>&nbsp;</p>\n\n<p>&nbsp;</p>\n\n<p><strong>##. 자세한 내용은 홈페이지 참조</strong></p>\n\n<p>&nbsp;</p>\n', 8, '2021-04-07 01:09:06', '2021-04-14 00:54:42', NULL, NULL),
	(31, 10001, '210.95.41.129', '정책 · 지원', '[이지비즈] 경기도 바이오기업 수요기술 산학연 공동연구 지원사업', '<p><strong>경기도경제과학진흥원 이지비즈</strong></p>\n\n<p>2021년 경기도 바이오기업 수요기술 산학연 공동연구 지원사업 시행공고</p>\n\n<p>경기도 바이오ㆍ제약 기업에 대한&nbsp;R&amp;D 지원을 통한 글로벌 경쟁력 향상을&nbsp;위하여&nbsp;2021년 경기도 바이오기업 수요기술 산학연 공동연구 지원사업을 다음과 같이 공고합니다.</p>\n\n<p><a href="https://www.egbiz.or.kr/prjCategory/a/m/selectPrjView.do?prjDegreeId=PD000000021615#">https://www.egbiz.or.kr/prjCategory/a/m/selectPrjView.do?prjDegreeId=PD000000021615#</a></p>\n\n<p>위 링크를 클릭하시면 이동합니다.&nbsp;</p>\n\n<p>&nbsp;</p>\n\n<p><img alt="" height="773" src="/startupcampus/upload/board/agency/5e7ecde5-3cda-4a30-bf48-fc36876d983e.png" width="594" /></p>\n\n<p><img alt="" height="736" src="/startupcampus/upload/board/agency/9e4cdb2a-1df5-4ed6-8214-9cca56a0fa0a.png" width="585" /></p>\n\n<p><strong>##. 자세한 내용은 홈페이지 참조</strong></p>\n\n<p>&nbsp;</p>\n', 7, '2021-04-07 01:45:07', '2021-04-23 02:32:50', NULL, NULL),
	(32, 10001, '210.95.41.129', '정책 · 지원', '[이지비즈] 기업제품과 딱 맞게 자동으로 매칭되는 바이어와 화상상담', '<p><strong>경기도경제과학진흥원 이지비즈</strong></p>\n\n<p>[GBC-DTS] 기업제품과 딱 맞게 자동으로 매칭되는 바이어와 화상상담!</p>\n\n<p><a href="https://www.egbiz.or.kr/prjCategory/a/m/selectPrjView.do?prjDegreeId=PD000000021613#">https://www.egbiz.or.kr/prjCategory/a/m/selectPrjView.do?prjDegreeId=PD000000021613#</a></p>\n\n<p>위 링크를 클릭하시면 이동합니다.</p>\n\n<p>&nbsp;</p>\n\n<p><strong>◈&nbsp;DTS(Digital Trade Service)란?</strong></p>\n\n<p>‐ 기업의 제품과 딱 맞는 바이어를 자동으로 매칭해 주는 화상상담 서비스</p>\n\n<p>‐ 도내기업과 GBC(경기비즈니스센터) 바이어의 원활하고 지속적인 매칭을 위한 플랫폼</p>\n\n<p><img alt="" height="799" src="/startupcampus/upload/board/agency/fcea8ed8-4889-4b51-907b-92db887865d3.png" width="702" /></p>\n\n<p><strong>##. 자세한 내용은 홈페이지 참조</strong></p>\n\n<p>&nbsp;</p>\n\n<p>&nbsp;</p>\n', 6, '2021-04-08 02:55:03', '2021-04-19 02:32:34', NULL, NULL),
	(33, 10001, '210.95.41.129', '정책 · 지원', '[하남디지털캠프] 다빈치 리졸브 색보정 교육(3차/4차)', '<p>[하남디지털캠프]</p>\n\n<p>다빈치 리졸브 색보정 교육(3차/4차)</p>\n\n<p><a href="http://digicamp.kr/edu-davin-color-2-3-2/">http://digicamp.kr/edu-davin-color-2-3-2/</a></p>\n\n<p>위 링크를 클릭하시면 이동합니다.&nbsp;<strong> (신청서 온라인 홈페이지를 통해 다운로드 가능)</strong></p>\n\n<p>&nbsp;</p>\n\n<p><img alt="" height="761" src="/startupcampus/upload/board/agency/f880e05b-57ef-40e0-ba82-fa5d27b7cb5b.png" width="726" /></p>\n\n<p><img alt="" height="462" src="/startupcampus/upload/board/agency/04404c74-a930-48c3-b6b3-0756aca3736f.png" width="700" /></p>\n\n<p><img alt="" height="399" src="/startupcampus/upload/board/agency/da70c640-7923-4294-b1e9-f16983bf76a6.png" width="700" /></p>\n\n<p>&nbsp;</p>\n\n<p><strong>##. 자세한 내용은 홈페이지 참조</strong></p>\n', 7, '2021-04-08 05:42:25', '2021-04-14 00:55:37', NULL, NULL),
	(34, 10001, '210.95.41.129', '정책 · 지원', '[이지비즈] 『쇼피를 통한 성공적인 동남아시아 진출 전략』 웹세미나', '<p>『쇼피를 통한 성공적인 동남아시아 진출 전략』 웹세미나 참가기업 모집</p>\n\n<p><a href="https://www.egbiz.or.kr/prjCategory/a/m/selectPrjView.do?prjDegreeId=PD000000021600">이지비즈 - 『쇼피를 통한 성공적인 동남아시아 진출 전략』 웹세미나 참가기업 모집 (egbiz.or.kr)</a></p>\n\n<p><a href="https://www.egbiz.or.kr/prjCategory/a/m/selectPrjView.do?prjDegreeId=PD000000021600">https://www.egbiz.or.kr/prjCategory/a/m/selectPrjView.do?prjDegreeId=PD000000021600</a></p>\n\n<p>위 링크를 클릭하시면 이동합니다.</p>\n\n<p><img alt="" height="2030" src="/startupcampus/upload/board/agency/4ffff95b-11b6-436f-a1f6-1448569e3e4c.png" width="799" /></p>\n', 6, '2021-04-09 00:49:23', '2021-04-19 02:32:21', NULL, NULL),
	(35, 10001, '210.95.41.129', '정책 · 지원', '[창업진흥원] 창업도약패키지 지원사업 성장촉진 프로그램 창업기업 모집 ', '<p>2021년 창업도약패키지 지원사업 성장촉진 프로그램 창업기업 모집 공고</p>\n\n<p>창업도약기(3~7년) 기업의 매출증대 및 일자리 창출을 위해 『창업도약패키지 지원사업』&rsquo;성장촉진 프로그램&lsquo; 창업기업 모집계획을 다음과 같이 공고합니다.</p>\n\n<p><a href="https://www.k-startup.go.kr/common/announcement/announcementDetail.do">https://www.k-startup.go.kr/common/announcement/announcementDetail.do</a></p>\n\n<p>위 링크를 클릭하시면 이동합니다.</p>\n\n<p>&nbsp;</p>\n\n<p><img alt="" height="751" src="/startupcampus/upload/board/agency/b6a2d150-280b-4bd6-97ce-1487e6e0a8f5.png" width="606" /></p>\n\n<p><img alt="" height="734" src="/startupcampus/upload/board/agency/3405466b-8831-491f-b615-5c0d722d5168.png" width="597" /></p>\n\n<p><strong>##. 자세한 내용은 홈페이지 참조</strong></p>\n\n<p>&nbsp;</p>\n', 4, '2021-04-12 01:38:28', '2021-04-14 04:33:13', NULL, NULL),
	(36, 10001, '210.95.41.129', '정책 · 지원', '[이지비즈] 경기도 수출역량강화교육 2차 교육생 모집', '<p>2021 경기도 수출역량강화교육 2차 교육생 모집</p>\n\n<p>경기도와&nbsp;(사)경기도수출기업협회는 경기도내 수출기업을 대상으로 수출에 필요한 무역핵심 내용과 중소기업의 해외시장 진출 강화를 위해 집중교육을 개최하오니, 많은 참여 바랍니다.</p>\n\n<p>접수기간&nbsp;: 2021.04.12.(월) ~ 2021.04.30.(금) 접수마감</p>\n\n<p><a href="https://www.egbiz.or.kr/prjCategory/a/m/selectPrjView.do?prjDegreeId=PD000000021612#">https://www.egbiz.or.kr/prjCategory/a/m/selectPrjView.do?prjDegreeId=PD000000021612#</a></p>\n\n<p>위 링크를 클릭하시면 이동합니다.</p>\n\n<p>&nbsp;</p>\n\n<p><img alt="" height="704" src="/startupcampus/upload/board/agency/7b4406d0-7dea-42b7-9262-3b387ae880dc.png" width="796" /></p>\n\n<p><img alt="" height="426" src="/startupcampus/upload/board/agency/378cc626-ec9c-4de5-8a37-b7cfcdd8a7ce.png" width="794" /></p>\n', 9, '2021-04-12 01:49:50', '2021-04-19 02:32:03', NULL, NULL),
	(37, 10001, '210.95.41.129', '정책 · 지원', '[한국특허정보원] 2021년 2분기 지식재산권 무료 초청교육 안내', '<p>[한국특허정보원]</p>\n\n<p><strong>2021년 2분기 지식재산권 무료 초청교육 안내:</strong> 한국특허정보원은 개인, 소기업등 지식재산 정보가 필요한 다양한 계층을 대상으로 지식재산권과 관련된 폭넓은 교육기회를 제공하고자 「지식재산권 무료초청 교육」을 개최하오니, 관심있는 분들의 많은 참여를 부탁드립니다.</p>\n\n<p><a href="https://www.k-startup.go.kr/common/announcement/announcementDetail.do">https://www.k-startup.go.kr/common/announcement/announcementDetail.do</a></p>\n\n<p>위 링크를 클릭하시면 이동합니다.&nbsp;</p>\n\n<p>&nbsp;</p>\n\n<p><img alt="" height="962" src="/startupcampus/upload/board/agency/ce79f24d-05df-4e2b-a473-f7e8a6faa3a6.jpg" width="736" /></p>\n\n<p><strong>##. 자세한 내용은 홈페이지 참조</strong></p>\n', 7, '2021-04-13 01:36:11', '2021-04-19 05:47:15', NULL, NULL),
	(38, 10001, '210.95.41.129', '정책 · 지원', '[K-startup] 2021년 하반기 「IBK창공(創工)」혁신 창업기업 모집', '<p>2021년 하반기 「IBK창공(創工)」혁신 창업기업 모집</p>\n\n<p><a href="https://www.k-startup.go.kr/common/announcement/announcementDetail.do">https://www.k-startup.go.kr/common/announcement/announcementDetail.do</a></p>\n\n<p>위 링크를 클릭하시면 이동합니다.</p>\n\n<p>&nbsp;</p>\n\n<p><img alt="" height="1017" src="/startupcampus/upload/board/agency/e1ede5de-0eab-43bf-a059-eb7d52d96e28.jpg" width="700" /></p>\n\n<p><strong>##. 자세한 내용은 홈페이지 참조</strong></p>\n\n<p>&nbsp;</p>\n', 7, '2021-04-13 01:39:40', '2021-04-14 02:41:56', NULL, NULL),
	(39, 10001, '210.95.41.129', '정책 · 지원', '[경기도주식회사] 사회적가치생산품  홍보 및 판로 지원사업 참여기업 모집 공고', '<p>2021년 상반기 경기도주식회사 사회적가치생산품 홍보 및 판로 지원사업&nbsp;참여기업 모집 공고</p>\n\n<p>경기도주식회사는 도내 사회적가치생산품의 판로 개척 및 내수 판매 증진을 위하여&nbsp;2021년 상반기 경기도주식회사 사회적가치생산품 홍보 및 판로 지원사업」에 참여할 사회적가치 실천기업을 모집합니다.</p>\n\n<p><a href="https://www.egbiz.or.kr/prjCategory/a/m/selectPrjView.do?prjDegreeId=PD000000021771">https://www.egbiz.or.kr/prjCategory/a/m/selectPrjView.do?prjDegreeId=PD000000021771</a></p>\n\n<p>위 링크를 클릭하시면 이동합니다.&nbsp;</p>\n\n<p><img alt="" height="1576" src="/startupcampus/upload/board/agency/1bf033fb-399e-4315-bf9d-4f88e47730bd.jpg" width="780" /></p>\n\n<p><strong>##. 자세한 내용은 홈페이지 참조</strong></p>\n\n<p>&nbsp;</p>\n', 2, '2021-04-14 02:27:09', '2021-04-15 00:22:07', NULL, NULL),
	(40, 10001, '210.95.41.129', '정책 · 지원', '[이지비즈] 『K-Global 창업멘토링 지원사업』 전담멘티(17기)', '<p>2021년 중반기『K-Global 창업멘토링 지원사업』 전담멘티(17기) 모집 공고</p>\n\n<p>ICT 분야 창업&middot;벤처기업의 창업활동 및 성장을 지원하는 『K-Global 창업멘토링』에 참여할 2021년 중반기 전담멘티를 모집하오니 많은 관심과 지원 바랍니다.</p>\n\n<p><a href="https://www.egbiz.or.kr/prjCategory/a/m/selectPrjView.do?prjDegreeId=PD000000021741#">https://www.egbiz.or.kr/prjCategory/a/m/selectPrjView.do?prjDegreeId=PD000000021741#</a></p>\n\n<p>위 링크를 클릭하시면 이동합니다.</p>\n\n<p>&nbsp;</p>\n\n<p><img alt="" height="1056" src="/startupcampus/upload/board/agency/57b7f273-3619-4a53-a7bd-f7c6235e8dce.jpg" width="750" /></p>\n\n<p><strong>##. 자세한 내용은 홈페이지 참조</strong></p>\n\n<p>&nbsp;</p>\n', 6, '2021-04-15 00:19:46', '2021-04-19 02:31:48', NULL, NULL),
	(41, 10001, '210.95.41.129', '정책 · 지원', '[한국환경산업기술원] 2021환경창업대전(Eco+ Start-Up Challenge)', '<p>[경기도경제과학진흥원 이지비즈] X [한국환경산업기술원]</p>\n\n<p>2021 환경창업대전(Eco+ Start-Up Challenge 2021) 참가자 모집</p>\n\n<p><a href="https://www.k-startup.go.kr/common/announcement/announcementDetail.do">https://www.k-startup.go.kr/common/announcement/announcementDetail.do</a></p>\n\n<p>위 링크를 클릭하시면 이동합니다.&nbsp;</p>\n\n<p>&nbsp;</p>\n\n<p><a href="https://www.k-startup.go.kr/common/announcement/announcementDetail.do"><img alt="" height="1062" src="/startupcampus/upload/board/agency/0bfb2aad-4133-41b1-93b1-61d2f311236b.jpg" width="750" /></a></p>\n\n<p><strong>##. 자세한 내용은 홈페이지 참조</strong></p>\n', 5, '2021-04-15 00:28:22', '2021-04-15 02:26:54', NULL, NULL),
	(42, 10001, '210.95.41.129', '정책 · 지원', '[KOTRA] 본글로벌 스타트업 스쿨 프로그램 참가기업 모집', '<p>[KOTRA] 2021 본글로벌 스타트업 스쿨 프로그램 추진</p>\n\n<p>KOTRA 스타트업지원팀은 국내 초기 스타트업의 해외 진출 역량을 강화하기 위해 해외 투자유치, 관심 시장 수출 전략, 글로벌 비즈니스모델 고도화 교육 등의 전체교육과 1:1 멘토링을 진행할 예정이오니, 관심 있는 스타트업의 많은 참여를 바랍니다.</p>\n\n<p>ㅇ사업명(국문) : 2021 본글로벌 스타트업 스쿨&nbsp;</p>\n\n<p>ㅇ기간/장소 : &rsquo;21.5월~&lsquo;21.6월 / 온라인(ZOOM)</p>\n\n<p>ㅇ지원 대상 : 누적투자유치금액이 현재까지 1~10억원에 해당(Pre Series A 단계)하는 혁신기술 기반 국내 초기 스타트업</p>\n\n<p>ㅇ참가비 : 무료</p>\n\n<p><a href="https://www.kotra.or.kr/biz/schedule/scheduleView.do?eventid=MZ0100001104">https://www.kotra.or.kr/biz/schedule/scheduleView.do?eventid=MZ0100001104</a></p>\n\n<p>위 링크를 클릭하시면 이동합니다.&nbsp;</p>\n\n<p>&nbsp;</p>\n\n<p><img alt="" height="907" src="/startupcampus/upload/board/agency/081a4a65-a8bf-471f-84fd-c7f0f252b019.png" width="779" /></p>\n\n<p><img alt="" height="798" src="/startupcampus/upload/board/agency/08035a23-7ce6-420f-8cf5-75f5eaf8e532.png" width="783" /></p>\n\n<p><img alt="" height="609" src="/startupcampus/upload/board/agency/2ff16da4-96af-4e5d-b7e9-d36fc184cc53.png" width="778" /></p>\n\n<p><strong>##. 자세한 내용은 홈페이지 참조</strong></p>\n\n<p>&nbsp;</p>\n', 1, '2021-04-16 00:50:16', '2021-04-16 00:50:24', NULL, NULL),
	(43, 10001, '210.95.41.129', '정책 · 지원', '[K-startup] 우리금융그룹 디노랩 2기 모집', '<p>[공고명] 2021 문화기술 아이디어 개발지원(BM창업부문) 모집공고</p>\n\n<p>오늘의 혁신으로 내일의 가치를 만들 스타트업을 기다립니다.</p>\n\n<p>[신청기간] 2021.03.15 (월) 00:00 ~ 2021.04.23 (금) 00:00 까지</p>\n\n<p>[안내] 모집분야: 핀테크, AI, 데이터, 플랫폼, 블록체인, 인증, ESG</p>\n\n<p>&nbsp;</p>\n\n<p><a href="https://www.gsp.or.kr/supportProject/UVSD0001.do?sportSeq=1410">https://www.gsp.or.kr/supportProject/UVSD0001.do?sportSeq=1410</a></p>\n\n<p>위 링크를 클릭하시면 이동합니다.&nbsp;</p>\n\n<p><img alt="" height="1073" src="/startupcampus/upload/board/agency/1ba90e17-1b8b-4dac-8988-fdba3e48f908.jpg" width="750" /></p>\n\n<p><strong>##. 자세한 내용은 홈페이지 참조</strong></p>\n', 1, '2021-04-16 01:45:42', '2021-04-16 01:45:44', NULL, NULL),
	(44, 10001, '210.95.41.129', '정책 · 지원', '[창업진흥원] 소재·부품·장비 스타트업 100 창업기업 모집공고', '<p>창업진흥원- 중소벤처기업부</p>\n\n<p>2021년 소재&middot;부품&middot;장비 스타트업 100 창업기업 모집공고</p>\n\n<p>「소재&middot;부품&middot;장비 스타트업 100」에 참여할 창업기업을 다음과 같이 모집합니다.</p>\n\n<p><strong>신청기간</strong>: 2021.04.13 (화) ~ 2021.04.30 (금) 17:00 까지</p>\n\n<p><strong>신청대상</strong>: 스마트엔지니어링, 복합소재, 융합바이오, 산업용IOT, 친환경 분야 소재&middot;부품&middot;장비 창업기업(예비창업자 포함)</p>\n\n<p>※ 상세 자격요건은 공고문 참조</p>\n\n<p><a href="https://www.k-startup.go.kr/common/announcement/announcementDetail.do">https://www.k-startup.go.kr/common/announcement/announcementDetail.do</a></p>\n\n<p>위 링크를 클릭하시면 이동합니다.</p>\n\n<p>&nbsp;</p>\n\n<p><img alt="" height="809" src="/startupcampus/upload/board/agency/8559fffb-8587-4de9-9d88-299f354eb1ae.png" width="695" /></p>\n\n<p><img alt="" height="862" src="/startupcampus/upload/board/agency/d67403c6-665b-461a-9249-e16e6c41815b.png" width="706" /></p>\n\n<p><img alt="" height="851" src="/startupcampus/upload/board/agency/7e5e6b01-f7e4-4fa4-83cb-23493136cc48.png" width="695" /></p>\n\n<p><img alt="" height="724" src="/startupcampus/upload/board/agency/92ed6f04-912c-454a-910c-ecfe83286931.png" width="694" /></p>\n\n<p><strong>##. 자세한 내용은 홈페이지 참조</strong></p>\n\n<p>&nbsp;</p>\n\n<p>&nbsp;</p>\n\n<p>&nbsp;</p>\n', 3, '2021-04-19 01:21:30', '2021-04-19 11:53:07', NULL, NULL);
INSERT INTO `board_agency` (`SEQ_ID`, `WRITER_ID`, `WRITER_IP`, `AGENCY_NAME`, `TITLE`, `CONTENT`, `VIEW_COUNT`, `CREATED_AT`, `UPDATED_AT`, `FILE_NAME`, `FILE_PATH`) VALUES
	(45, 10001, '210.95.41.129', '정책 · 지원', '[하남디지털캠프] 하남기업 마케팅 영상콘텐츠 제작지원 사업', '<p>□&nbsp;신청방법 및 대상</p>\n\n<p>-&nbsp;신청기간&nbsp;: 2021.04.15.~4.30 18:00&nbsp;까지</p>\n\n<p>-&nbsp;신청방법&nbsp;:&nbsp;이메일 접수</p>\n\n<p>※&nbsp;이메일 접수&nbsp;:&nbsp;<a href="mailto:laudate73@digicamp.kr" target="_blank"><u>laudate73@digicamp.kr</u></a></p>\n\n<p>[하남기업영상콘텐츠제작지원]_제출일자_신청사</p>\n\n<p>예시)&nbsp;[하남기업영상콘텐츠제작지원]_210430_업체명.zip</p>\n\n<p>-&nbsp;대상&nbsp;:&nbsp;하남시&nbsp;관내 기업&nbsp;(중소기업,&nbsp;벤처기업)</p>\n\n<p>※&nbsp;지원 제외대상</p>\n\n<p>-&nbsp;신청일 기준 국세 및 지방세 체납이 있는 기업</p>\n\n<p>-&nbsp;타 지자체/기관에서 유사 지원사업 지원 중인 기업</p>\n\n<p>&nbsp;</p>\n\n<p>□&nbsp;지원규모&nbsp;:&nbsp;총&nbsp;8개사&nbsp;(제작비 최대&nbsp;300만원 지원,&nbsp;부가세포함)</p>\n\n<p>※&nbsp;300만원 초과되는 제작비는 지원업체에서 부담</p>\n\n<p>&nbsp;</p>\n\n<p><a href="http://digicamp.kr/media-support/">http://digicamp.kr/media-support/</a></p>\n\n<p>위 링크를 클릭하시면 이동합니다.&nbsp;</p>\n\n<p><img alt="" height="843" src="/startupcampus/upload/board/agency/685c151c-87ba-424b-b864-5406d67aebd1.png" width="699" /></p>\n\n<p><img alt="" height="855" src="/startupcampus/upload/board/agency/ad6acad8-440e-4fa4-85be-b08596465802.png" width="670" /></p>\n\n<p><strong>##. 자세한 내용은 홈페이지 참조</strong></p>\n', 15, '2021-04-19 02:44:14', '2021-04-19 06:25:56', NULL, NULL),
	(46, 10001, '210.95.41.129', '정책 · 지원', '[신한스퀘어브릿지] 서울 스타트업 네트워킹 <월간 Find> 5월 참가자 모집', '<p><strong>신한 스퀘어브릿지 : 서울 스타트업 네트워킹 &lt;월간 Find&gt; 5월 참가자 모집</strong></p>\n\n<p>2021년 『신한 스퀘어브릿지 : 서울』에서 매월 3번째 목요일 스타트업 네트워킹을 아래와 같이 진행합니다.</p>\n\n<p><a href="https://www.understandavenue.com/event/event_ing_detail?evt_idx=276&amp;cri_cur_page=32&amp;utm_source=kstartup&amp;utm_medium=CONTENTS&amp;utm_campaign=networkin05">https://www.understandavenue.com/event/event_ing_detail?evt_idx=276&amp;cri_cur_page=32&amp;utm_source=kstartup&amp;utm_medium=CONTENTS&amp;utm_campaign=networkin05</a></p>\n\n<p>위 링크를 클릭하시면 이동합니다.&nbsp;</p>\n\n<p>&nbsp;</p>\n\n<p>신청기간: 2021.04.16 (금) 13:00 ~ 2021.05.06 (목) 09:00 까지</p>\n\n<p>신청대상: 스타트업 임직원 및 기업관계자</p>\n\n<p>일정 : 2021년 05월 20일(목) 18:30 ~ 21:00</p>\n\n<p>장소 : 신한 스퀘어브릿지:서울 (왕십리로 63 언더스탠드에비뉴, 서울숲역 3번출구)</p>\n\n<p><strong>초대전문가</strong></p>\n\n<p>- SKT Global 사업그룹 / Global Accelerator 팀장 이지용<br />\n- CJ 상생혁신팀 팀장 이재훈<br />\n- 신한 오픈이노베이션 담당<br />\n- 현대차 ZER01NE Creative Director 노규승</p>\n\n<p><strong>내용</strong></p>\n\n<p>5월 &lt;월간 Find:&gt; 키워드: 오픈이노베이션<br />\n- 인사이트 토크: 오픈이노베이션 사례 및 소개<br />\n- Q&amp;A<br />\n- 그룹 네트워킹</p>\n\n<p>[월간 Find:]에 오면<br />\n▶ 스타트업 생태계에 있는 모두가 모여, 창업경험 비즈니스 트렌드에 관한 인사이트 토크를 나누고<br />\n▶ 매월 새로운 VC 및 기업의 신사업/투자관계자 를 만날 수 있습니다.<br />\n▶ 이 모든 기회와 함께 동료를 만나는 기회를 제공합니다.</p>\n\n<p><img alt="" height="571" src="/startupcampus/upload/board/agency/437dd9c0-d9f3-472f-8fa0-b04fc77d6c82.png" width="600" /></p>\n\n<p>##. 자세한 내용은 홈페이지 참조</p>\n\n<p>&nbsp;</p>\n', 4, '2021-04-20 01:00:43', '2021-04-20 06:07:47', NULL, NULL),
	(47, 10001, '210.95.41.129', '정책 · 지원', '[이지비즈] 기업제품과 딱 맞게 자동으로 매칭되는 바이어와 화상상담! (DTS)', '<p>[GBC-DTS] 기업제품과 딱 맞게 자동으로 매칭되는 바이어와 화상상담!</p>\n\n<p><strong>「DTS(Digital Trade Service)」 참가기업모집(상시)</strong></p>\n\n<table border="1" cellpadding="0" cellspacing="0">\n	<tbody>\n		<tr>\n			<td bgcolor="#e7f4f6" valign="middle">\n			<p>◈&nbsp;DTS(Digital Trade Service)란?</p>\n\n			<p>‐ 기업의 제품과 딱 맞는 바이어를 자동으로 매칭해 주는 화상상담 서비스</p>\n\n			<p>‐ 도내기업과 GBC(경기비즈니스센터) 바이어의 원활하고 지속적인 매칭을 위한 플랫폼</p>\n			</td>\n		</tr>\n	</tbody>\n</table>\n\n<p><a href="https://www.egbiz.or.kr/prjCategory/a/m/selectPrjView.do?prjDegreeId=PD000000021845#">https://www.egbiz.or.kr/prjCategory/a/m/selectPrjView.do?prjDegreeId=PD000000021845#</a></p>\n\n<p>위 링크를 클릭하시면 이동합니다.</p>\n\n<p><img alt="" height="814" src="/startupcampus/upload/board/agency/7ef83cb5-a992-420a-aadd-bf14b224f5b1.png" width="776" />&nbsp;</p>\n\n<p>##. 자세한 내용은 홈페이지 참조</p>\n', 3, '2021-04-20 01:19:29', '2021-04-20 06:07:42', NULL, NULL),
	(48, 10001, '210.95.41.129', '정책 · 지원', '「IP기반 청년창업지원」 - 테크톤(Techthon) 모집공고', '<div style="border:0px; padding:0px; text-align:left; text-indent:0px; -webkit-text-stroke-width:0px"><span style="font-size:16.94px"><span style="box-sizing:border-box"><span style="color:#666666"><span style="font-family:notokr, 돋움, dotum, sans-serif"><span style="font-style:normal"><span style="font-variant-ligatures:normal"><span style="font-variant-caps:normal"><span style="font-weight:400"><span style="letter-spacing:-0.5px"><span style="orphans:2"><span style="text-transform:none"><span style="white-space:normal"><span style="widows:2"><span style="word-spacing:0px"><span style="background-color:#ffffff"><span style="text-decoration-thickness:initial"><span style="text-decoration-style:initial"><span style="text-decoration-color:initial">차세대융합기술연구원은&nbsp;융기원과 서울대, 도내 대학 및 기관의 보유 특허를 활용하여<br style="box-sizing:border-box" />\n기술창업 비즈니스 모델을 발굴하기위해&nbsp;<strong style="box-sizing:border-box; padding:0px; border:0px; font-weight:700">테크톤 기술창업아이디어 경진대회</strong>를 개최하고자 합니다.<br style="box-sizing:border-box" />\n<br style="box-sizing:border-box" />\n기술창업에 관심있는&nbsp;<strong style="box-sizing:border-box; padding:0px; border:0px; font-weight:700">경기도 청년&nbsp;</strong>여러분의 많은 참여 바랍니다.<br style="box-sizing:border-box" />\n<br style="box-sizing:border-box" />\n<br style="box-sizing:border-box" />\n<strong style="box-sizing:border-box; padding:0px; border:0px; font-weight:700">○ 모집대상&nbsp;</strong>:&nbsp;<strong style="box-sizing:border-box; padding:0px; border:0px; font-weight:700">만 39세 이하*</strong>의&nbsp;<strong style="box-sizing:border-box; padding:0px; border:0px; font-weight:700">도내 창업</strong>을 희망하는<strong style="box-sizing:border-box; padding:0px; border:0px; font-weight:700">&nbsp;예비창업자 또는 3년 미만 스타트업</strong><br style="box-sizing:border-box" />\n&nbsp;&nbsp;&nbsp;&nbsp;&nbsp;&nbsp;&nbsp;&nbsp;&nbsp;&nbsp;&nbsp;&nbsp;&nbsp;&nbsp;&nbsp;&nbsp; &nbsp;&nbsp;<strong style="box-sizing:border-box; padding:0px; border:0px; font-weight:700">&nbsp;</strong><span style="border:0px; box-sizing:border-box; padding:0px; width:1058px"><span style="vertical-align:top"><span style="display:inline-block"><span style="color:#e74c3c"><span style="border:0px; font-size:11px; padding:0px; width:1058px"><span style="box-sizing:border-box"><span style="vertical-align:top"><span style="display:inline-block">&nbsp;*道내 거주하는 20세 이상에서 39세 이하인 자(경기도 청년창업 지원조례, 공고일 기준)</span></span></span></span></span></span></span></span><br style="box-sizing:border-box" />\n<strong style="box-sizing:border-box; padding:0px; border:0px; font-weight:700">○ 모집기간</strong>&nbsp;: 2021년 4월 13일(화)&nbsp;<strong style="box-sizing:border-box; padding:0px; border:0px; font-weight:700">~ 4월 27일(화), 17:00까지</strong><br style="box-sizing:border-box" />\n<br style="box-sizing:border-box" />\n<strong style="box-sizing:border-box; padding:0px; border:0px; font-weight:700">○ 참가혜택</strong>&nbsp;:&nbsp;<strong style="box-sizing:border-box; padding:0px; border:0px; font-weight:700">우수 10팀</strong>&nbsp;<strong style="box-sizing:border-box; padding:0px; border:0px; font-weight:700">선발</strong>&nbsp;/&nbsp;창업지원금, 기술이전연계, 후속 사업화 등 지원</span></span></span></span></span></span></span></span></span></span></span></span></span></span></span></span></span></span></div>\n\n<div style="border:0px; padding:0px; text-align:left; text-indent:0px; -webkit-text-stroke-width:0px">&nbsp;</div>\n\n<div style="border:0px; padding:0px; text-align:left; text-indent:0px; -webkit-text-stroke-width:0px"><span style="font-size:16.94px"><span style="box-sizing:border-box"><span style="color:#666666"><span style="font-family:notokr, 돋움, dotum, sans-serif"><span style="font-style:normal"><span style="font-variant-ligatures:normal"><span style="font-variant-caps:normal"><span style="font-weight:400"><span style="letter-spacing:-0.5px"><span style="orphans:2"><span style="text-transform:none"><span style="white-space:normal"><span style="widows:2"><span style="word-spacing:0px"><span style="background-color:#ffffff"><span style="text-decoration-thickness:initial"><span style="text-decoration-style:initial"><span style="text-decoration-color:initial">※ 내부 사정 등으로 인하여 추진일정이 변경될 수 있습니다.<br style="box-sizing:border-box" />\n<strong style="box-sizing:border-box; padding:0px; border:0px; font-weight:700">○ 문 의 처 :&nbsp;</strong>차세대융합기술연구원 지역확산팀(031-888-9012 /&nbsp;<a style="box-sizing:border-box; padding:0px; border:0px; text-decoration:none; color:inherit; transition:background 0.3s ease-in-out 0s, border-color, color, opacity, box-shadow, transform; touch-action:manipulation"><font color="#0066cc"><font style="box-sizing: border-box;">binislife@snu.ac.kr</font></font></a>)</span></span></span></span></span></span></span></span></span></span></span></span></span></span></span></span></span></span></div>\n\n<div style="border:0px; padding:0px; text-align:left; text-indent:0px; -webkit-text-stroke-width:0px">&nbsp;</div>\n\n<p><a href="https://www.gsp.or.kr/supportProject/UVSD0001.do?sportSeq=1417">https://www.gsp.or.kr/supportProject/UVSD0001.do?sportSeq=1417</a></p>\n\n<p>위 링크를 클릭하시면 이동합니다.</p>\n\n<p>&nbsp;</p>\n\n<p><img alt="" height="990" src="/startupcampus/upload/board/agency/cecfea89-7b7d-40f2-afcc-8c9ddee29573.jpg" width="700" />&nbsp;</p>\n', 2, '2021-04-21 00:57:22', '2021-04-21 08:19:19', NULL, NULL),
	(49, 10001, '210.95.41.129', '정책 · 지원', '[경기도경제과학진흥원] 경기 창업허브 창업기본교육 「창업가 양성 프로그램」 상반기 모집', '<p><strong>2021년 경기 창업허브 창업기본교육 「창업가 양성 프로그램」 상반기 교육생 모집 공고</strong></p>\n\n<p>2021년 경기도경제과학진흥원 경기 창업허브에서는 혁신적인 창업 아이디어와 창업 열정을 보유한 예비 창업자와 창업자, 재직자, 재학생 등을 대상으로 창업 및 경영능력을 배양하여 우수 창업자를 양성하고자 「창업가 양성 프로그램」 교육생을 다음과 같이 모집 합니다.</p>\n\n<p><a href="https://www.gsp.or.kr/supportProject/UVSD0001.do?sportSeq=1422">https://www.gsp.or.kr/supportProject/UVSD0001.do?sportSeq=1422</a></p>\n\n<p>위 링크를 클릭하시면 이동합니다.</p>\n\n<p>&nbsp;</p>\n\n<p><img alt="" height="1259" src="/startupcampus/upload/board/agency/6e263a1f-16ae-4978-ba3e-1764ef9c32e7.jpg" width="750" /></p>\n\n<p><strong>##. 자세한 내용은 홈페이지 참조</strong></p>\n\n<p>&nbsp;</p>\n\n<p>&nbsp;</p>\n', 3, '2021-04-22 01:23:23', '2021-04-22 02:51:04', NULL, NULL),
	(50, 10001, '210.95.41.129', '정책 · 지원', '[경기도경제과학진흥원] 바이오기업 애로기술 실증연구지원 사업 시행', '<p>2021년 경기도 바이오기업 애로기술 실증연구지원 사업 시행 공고</p>\n\n<p>경기도 바이오ㆍ제약 기업&nbsp;소재 아이디어 구체화 및 기술 애로 해결을&nbsp;위하여&nbsp;2021년 경기도 바이오기업 애로기술 실증연구지원 사업을 다음과 같이 공고합니다.</p>\n\n<p><a href="https://www.egbiz.or.kr/prjCategory/a/m/selectPrjView.do?prjDegreeId=PD000000021900">https://www.egbiz.or.kr/prjCategory/a/m/selectPrjView.do?prjDegreeId=PD000000021900</a></p>\n\n<p>위 링크를 클릭하시면 이동합니다.</p>\n\n<p>&nbsp;</p>\n\n<p><img alt="" height="619" src="/startupcampus/upload/board/agency/0d699b63-25ee-4625-a4ef-4a25eae1bf04.png" width="700" /></p>\n\n<p><img alt="" height="462" src="/startupcampus/upload/board/agency/ac9c8cfe-1b46-4d0e-bdff-831f71fb1a80.png" width="700" /></p>\n\n<p><img alt="" height="489" src="/startupcampus/upload/board/agency/aeb97603-5980-4b81-8f9c-87b74aee8520.png" width="700" /></p>\n\n<p><strong>##. 자세한 내용은 홈페이지 참조</strong></p>\n', 1, '2021-04-23 02:35:34', '2021-04-23 02:35:38', NULL, NULL);
/*!40000 ALTER TABLE `board_agency` ENABLE KEYS */;

-- 테이블 startup_campus.board_bioinfo 구조 내보내기
DROP TABLE IF EXISTS `board_bioinfo`;
CREATE TABLE IF NOT EXISTS `board_bioinfo` (
  `SEQ_ID` int(11) NOT NULL AUTO_INCREMENT,
  `WRITER_ID` int(11) NOT NULL COMMENT '바이오 소식 게시자 계정 SEQ_ID',
  `WRITER_IP` varchar(30) NOT NULL COMMENT '바이오 소식 게시자 IP',
  `REPRESENT_IMAGE` varchar(50) NOT NULL COMMENT '바이오 소식 대표이미지 파일이름',
  `TITLE` varchar(50) NOT NULL COMMENT '바이오 소식 제목',
  `CONTENT` mediumtext NOT NULL COMMENT '바이오 소식 내용',
  `VIEW_COUNT` int(11) NOT NULL DEFAULT '0' COMMENT '바이오 소식 게시글 조회수',
  `CREATED_AT` datetime NOT NULL DEFAULT CURRENT_TIMESTAMP COMMENT '바이오 소식 최초 작성일',
  `UPDATED_AT` datetime NOT NULL DEFAULT CURRENT_TIMESTAMP ON UPDATE CURRENT_TIMESTAMP COMMENT '바이오 소식 최근 수정일',
  `FILE_NAME` varchar(200) CHARACTER SET utf8 COLLATE utf8_general_ci DEFAULT '',
  `FILE_PATH` varchar(300) CHARACTER SET utf8 COLLATE utf8_general_ci DEFAULT '',
  PRIMARY KEY (`SEQ_ID`) USING BTREE,
  KEY `FK_NOTICE_USER_ID_WRITER_ID` (`WRITER_ID`) USING BTREE,
  CONSTRAINT `board_bioinfo_ibfk_1` FOREIGN KEY (`WRITER_ID`) REFERENCES `user_info` (`SEQ_ID`)
) ENGINE=InnoDB AUTO_INCREMENT=13 DEFAULT CHARSET=utf8 ROW_FORMAT=COMPACT COMMENT='보도자료 게시판 테이블';

-- 테이블 데이터 startup_campus.board_bioinfo:~0 rows (대략적) 내보내기
DELETE FROM `board_bioinfo`;
/*!40000 ALTER TABLE `board_bioinfo` DISABLE KEYS */;
INSERT INTO `board_bioinfo` (`SEQ_ID`, `WRITER_ID`, `WRITER_IP`, `REPRESENT_IMAGE`, `TITLE`, `CONTENT`, `VIEW_COUNT`, `CREATED_AT`, `UPDATED_AT`, `FILE_NAME`, `FILE_PATH`) VALUES
	(1, 10001, '210.95.41.129', 'e84b0696-98a9-44c6-9e86-6794a1693fdc.jpg', '\'신동빈의 승부수\'…롯데, 바이오 사업 뛰어든다', '<p><a href="http://www.hankyung.com/"><img alt="한국경제" height="32" src="https://mimgnews.pstatic.net/image/upload/office_logo/015/2020/09/15/logo_015_6_20200915190950.png" title="한국경제" /></a></p>\r\n\r\n<p>&nbsp;</p>\r\n\r\n<h2>[단독] &#39;신동빈의 승부수&#39;&hellip;롯데, 바이오 사업 뛰어든다</h2>\r\n\r\n<p><em>입력</em>2021.03.22. 오후 5:34</p>\r\n\r\n<p>&nbsp;</p>\r\n\r\n<p>&nbsp;<em>수정</em>2021.03.23. 오전 2:25</p>\r\n\r\n<p><button data-clk="umbtn" data-target="_JOURNALIST_LAYER" id="_JOURNALIST_BUTTON" type="button"><em>김우섭 기자&nbsp;</em><em>박동휘 기자</em></button></p>\r\n\r\n<p>&nbsp;</p>\r\n\r\n<p><strong>삼성&middot;SK&nbsp;성공에 자극<br />\r\n그룹 설립&nbsp;73년 만에 첫 도전<br />\r\n<br />\r\n엔지켐생명과학 지분 인수&nbsp;&#39;2대 주주&#39;로<br />\r\n조인트벤처도 설립<br />\r\n<br />\r\n투자금 최소&nbsp;1500억 이상<br />\r\n위탁 생산&middot;신약 개발 집중 육성</strong></p>\r\n\r\n<p><img alt="" id="img1" src="https://imgnews.pstatic.net/image/015/2021/03/22/0004517348_001_20210323022510539.jpg?type=w430" />원본보기</p>\r\n\r\n<p><em>지난해 7월&nbsp;14일 화상 회의 형식으로 열린 롯데그룹 임원 회의에서 신동빈 롯데그룹 회장이 발언하고 있다. 신 회장은 각 계열사 사장단에 과감한 사업 포트폴리오 조정을 통한 혁신을 당부했다. 롯데그룹 제공</em><br />\r\n롯데그룹이 바이오벤처기업 엔지켐생명과학과 손잡고 바이오 시장에 뛰어든다.&nbsp;1948년 설립 이후&nbsp;73년 만에 처음으로 바이오산업에 도전장을 낸 것이다. 신약 개발뿐 아니라 위탁생산(CMO)사업을 집중 육성하겠다는 청사진도 제시했다.<br />\r\n<br />\r\n22일 경제계와 바이오업계에 따르면 롯데지주는 코스닥 상장사 엔지켐생명과학 지분 일부를 인수해 2대 주주에 오르는 방안을 논의하고 있다. 엔지켐생명과학은 최대주주인 손기영 회장 등 특수관계인 지분율이&nbsp;18.96%다. 롯데는 최대주주의 보유 지분 일부 매입 또는 제3자 배정 방식 유상증자 참여 등으로 지분을 확보할 것으로 알려졌다.<br />\r\n<br />\r\n롯데는 엔지켐생명과학과 별도의 조인트벤처(JV)도 설립할 예정이다. 투자금액은 조인트벤처와 지분 인수 등을 합쳐 최소&nbsp;1500억원 이상이 될 전망이다. 투자는 그룹 컨트롤타워인 롯데지주가 맡는다. 구체적인 투자 규모와 시기는 오는&nbsp;26일 열리는 주주총회 전후에 결정한다. 화학 계열사 롯데케미칼도 지분 투자자로 참여할 예정이다.<br />\r\n<br />\r\n이승규 한국바이오협회 부회장은 &ldquo;CMO사업으로 시작해 영역을 확장하고 있는 삼성바이오로직스의 전례를 따를 가능성이 높다&rdquo;고 내다봤다.<br />\r\n<br />\r\n업계에선 바이오 분야에 먼저 진출한 삼성과&nbsp;SK의 성공이 자극제가 됐다고 보고 있다. 두 그룹 계열사인 삼성바이오로직스와&nbsp;SK바이오사이언스,&nbsp;SK팜테코 등은 반도체와 화학 분야에서 쌓은 제조업 노하우와 과감한 투자로 업계 선두권 회사로 발돋움했다.<br />\r\n<br />\r\n엔지켐생명과학은&nbsp;1999년 설립된 신약 개발 회사다. 녹용에 들어 있는 성분을 화학적으로 합성한 신약&nbsp;EC-18을 개발 중이다. 이 물질은 코로나19와 호중구감소증, 구강점막염 치료제로 미국 임상 2상을 하고 있다. 또 원료의약품(API)을 생산하는 공장도 가동하고 있어 롯데가&nbsp;CMO사업에 진출하기 위한 최적의 파트너라는 분석이 나온다.</p>\r\n\r\n<p>바이오 벤처 손잡는 &#39;辛의 승부수&#39;<br />\r\n신약&middot;CMO사업 동시에 키운다</p>\r\n\r\n<p><img alt="" id="img2" src="https://imgnews.pstatic.net/image/015/2021/03/22/0004517348_002_20210323022510574.jpg?type=w430" /></p>\r\n\r\n<p><br />\r\n&ldquo;작년과 뭐가 달라졌다는 겁니까.&rdquo;<br />\r\n<br />\r\n롯데그룹 계열사 사장들이 요즘 가장 두려워하는 말이다. &ldquo;신동빈 롯데그룹 회장의 입에서 이런 발언이 나왔다는 건 대로(大怒)에 가깝다&rdquo;는 게 롯데지주 관계자의 설명이다. 특히 지난 1월&nbsp;13일 사장단 회의에서 과감한 투자로 새 먹거리를 찾으라는 신 회장의 주문이 나오면서 변화의 움직임은 더욱 빨라졌다. 롯데그룹이 바이오산업에 도전장을 낸 것은 이런 배경에서다.</p>\r\n\r\n<p>&nbsp;</p>\r\n\r\n<p>벤처와 손잡고 바이오 뛰어들어</p>\r\n\r\n<p>롯데그룹이 바이오산업 진출을 처음으로 검토한 건 작년&nbsp;10월께다. 신 회장이 &ldquo;롯데의&nbsp;10년 성장을 이끌 새 중장기 계획을 수립해달라&rdquo;고 각 계열사 사장들에게 당부한 이후다. &ldquo;쌍두마차인 롯데쇼핑과 롯데케미칼이 &lsquo;쇼크&rsquo; 수준의 상반기 성적표를 받아 위기감이 팽배해 있었다&rdquo;는 게 롯데지주 관계자의 전언이다. 롯데쇼핑은 작년 상반기 8조1226억원의 매출과&nbsp;535억원의 영업이익을 올리는 데 그쳤다. 전년 동기 대비 각각&nbsp;8.8%,&nbsp;82.0% 줄었다. 결국 지난해 영업이익은 전년 대비&nbsp;19.1% 줄어든&nbsp;3461억원에 머물렀다. 그룹의 양 날개 격인 롯데케미칼 역시 작년 매출(12조2230억원)과 영업이익(3569억원)이 각각&nbsp;19.2%,&nbsp;67.8% 줄었다.<br />\r\n&nbsp;</p>\r\n\r\n<p><img alt="" id="img3" src="https://imgnews.pstatic.net/image/015/2021/03/22/0004517348_002_20210323022510574.jpg?type=w430" /></p>\r\n\r\n<p><br />\r\n위기 극복을 위해 그룹의 컨트롤타워 격인 롯데지주는 작년 하반기부터 글로벌 컨설팅사와 계약을 맺고 신사업 진출을 위한 다양한 방안을 모색해왔다. 롯데 측은 바이오 사업이 경기에 민감한 유통과 화학 중심 포트폴리오의 약점을 보완할 수 있다고 보고 있다. 이승규 한국바이오협회 부회장은 &ldquo;바이오는 경기에 덜 민감한 분야인 데다 미래 성장 가능성도 높다&rdquo;며 &ldquo;해당 분야 전문성이 높지 않더라도 막강한 자본력과 화학 사업의 생산 노하우를 결합해 시너지를 낼 수 있다&rdquo;고 말했다.</p>\r\n\r\n<p>삼성&middot;SK&nbsp;성공 사례에 자극받아</p>\r\n\r\n<p>2015년부터 한미약품의 잇단 기술수출로 국내 바이오산업은 &lsquo;전성기&rsquo;를 맞았다. 삼성&nbsp;LG&nbsp;SK&nbsp;등이 오랫동안 신수종사업으로 키워왔던 바이오사업이 빛을 보기 시작했다. 삼성바이오로직스는 세계 최대 바이오의약품 위탁생산(CMO) 업체로 성장했고&nbsp;SK바이오팜은 미국 유럽 등에서 신약 허가를 받고 글로벌 시장에 진출했다.&nbsp;SK바이오사이언스는 아스트라제네카 노바백스 등에서 코로나 백신 위탁생산을 따내면서 세계 바이오업계의 &lsquo;신데렐라&rsquo;로 떠올랐다. 삼성바이오로직스와&nbsp;SK바이오사이언스는 반도체와 화학 분야에서 쌓은 제조업 노하우를 접목해 단숨에 세계 시장의 주역이 됐다.<br />\r\n<br />\r\n바이오&middot;제약 계열사가 없는 롯데그룹은 이들을 부러운 눈으로 볼 수밖에 없었다. 롯데그룹은 건강기능식품을 생산하는 롯데제약이 있었지만&nbsp;2011년 롯데제과에 인수합병시키면서 제약&middot;바이오 분야에 본격 진출할 기회를 놓쳤다.<br />\r\n<br />\r\nSK그룹이 잇단 바이오 계열사 상장으로 투자금 회수에 성공한 것도 롯데그룹에는 자극제가 됐을 것이라는 분석이 나온다. 지난&nbsp;18일과 작년 7월 상장한&nbsp;SK바이오사이언스와&nbsp;SK바이오팜 두 곳의 시가총액은 총&nbsp;19조2389억원이다. 롯데케미칼 등 롯데그룹 상장 계열사 9곳의 전체 시가총액과 비슷한 수준이다.</p>\r\n\r\n<p>엔지켐 선택한 이유는</p>\r\n\r\n<p>롯데그룹이 바이오사업 진출 파트너로 바이오벤처 엔지켐생명과학을 선택한 이유는 신약 개발과&nbsp;CMO&nbsp;사업을 동시에 할 수 있다는 판단에서다. 엔지켐생명과학은 녹용에서 추출한 성분을 화학적으로 합성해 개발한 신약 후보물질(EC-18)을 개발 중이다. 항암제뿐 아니라 비알코올성 지방간염(NASH), 구강점막염, 신종 코로나바이러스 감염증(코로나19) 등의 치료제로도 기대를 받고 있다. 미국 식품의약국(FDA)의 허가를 받아 임상 2상을 진행 중인 후보물질은 코로나19&nbsp;치료제를 비롯해 4종이다. 여기에 자체 공장을 두고 원료의약품&nbsp;CMO&nbsp;사업도 하고 있다. 조영제, 항응고제 등&nbsp;40여 종의 원료의약품을 생산 중이다.<br />\r\n<br />\r\n바이오업계 관계자는 &ldquo;신약 개발과&nbsp;CMO&nbsp;사업을 동시에 하는 바이오 회사는 별로 없다&rdquo;며 &ldquo;두 분야에서 오랫동안 기반을 다진 엔지켐생명과학이 적임자로 꼽힌 것 같다&rdquo;고 말했다.<br />\r\n<br />\r\n김우섭/박동휘 기자&nbsp;duter@hankyung.com<br />\r\n<br />\r\n<br />\r\nⓒ 한국경제 &amp;&nbsp;<a href="http://www.hankyung.com/">hankyung.com</a>, 무단전재 및 재배포 금지</p>\r\n\r\n<p><a data-target="_ARTICLE_SECTION_GUIDE_LAYER" href="https://n.news.naver.com/article/015/0004517348#">이 기사는 언론사에서&nbsp;<em>경제</em>&nbsp;섹션으로 분류했습니다.</a></p>\r\n\r\n<p>&nbsp;</p>\r\n\r\n<p>출처&nbsp;http://naver.me/FfMADEsf</p>\r\n', 8, '2021-03-23 04:51:55', '2021-04-10 02:14:02', '', ''),
	(2, 10001, '210.95.41.129', '5c3b90e3-bb11-4174-b68a-465422e3f8a7.png', '대한민국 정책브리핑 - 바이오헬스 산업 혁신전략', '<p class="0"><span style="font-size:16.0pt"><span style="text-autospace:none"><span style="font-size:16.0pt"><span style="font-family:맑은 고딕"><em>정책위키</em> <em>한눈에 보는 정책</em></span></span></span></span></p>\r\n\r\n<p class="0"><span style="font-size:14.0pt"><span style="text-autospace:none"><span style="font-size:14.0pt"><span style="font-family:맑은 고딕">바이오헬스 산업 혁신전략</span></span></span></span></p>\r\n\r\n<ul>\r\n	<li><strong><a href="https://www.korea.kr/special/policyCurationView.do?newsId=148862220#L1"><i>1.</i>바이오헬스 산업이란?</a></strong></li>\r\n	<li><strong><a href="https://www.korea.kr/special/policyCurationView.do?newsId=148862220#L2"><i>2.</i>왜 추진하나</a></strong></li>\r\n	<li><strong><a href="https://www.korea.kr/special/policyCurationView.do?newsId=148862220#L3"><i>3.</i>혁신전략, 무엇을 담고 있나</a></strong></li>\r\n	<li><strong><a href="https://www.korea.kr/special/policyCurationView.do?newsId=148862220#L4"><i>4.</i>후속 정책추진 상황</a></strong></li>\r\n	<li><strong><a href="https://www.korea.kr/special/policyCurationView.do?newsId=148862220#L5"><i>5.</i>그간 정책추진 성과(2020년 2월 기준</a>)</strong></li>\r\n	<li><strong><a href="https://www.korea.kr/special/policyCurationView.do?newsId=148862220#L6"><i>6.</i>관련기관/누리집</a></strong></li>\r\n</ul>\r\n\r\n<h3>&nbsp;</h3>\r\n\r\n<p class="0"><strong><span style="font-size:14.0pt"><span style="text-autospace:none"><span style="letter-spacing:0pt"><span lang="EN-US" style="font-size:14.0pt"><span style="font-family:맑은 고딕"><span style="letter-spacing:0pt">1. </span></span></span><span style="font-size:14.0pt"><span style="font-family:맑은 고딕">바이오헬스 산업이란</span></span><span lang="EN-US" style="font-size:14.0pt"><span style="font-family:맑은 고딕"><span style="letter-spacing:0pt">?</span></span></span></span></span></span></strong></p>\r\n\r\n<p>생명공학, 의&middot;약학 지식에 기초하여 인체에 사용되는 제품을 생산하거나 서비스를 제공하는 산업. 의약품, 의료기기 등 제조업과 디지털 헬스케어 서비스 등 의료&middot;건강관리 서비스업을 포함한다.</p>\r\n\r\n<p>다른 제조업&middot;서비스업과 달리, 기술&middot;자본이 집약된 산업으로 연구개발(R&amp;D) 기간과 비용이 성패를 좌우하는 산업이다. 연구개발에 장기간&middot;고비용이 소요되지만 우수한 연구개발(R&amp;D) 성과는 확실한 시장에서의 비교우위와 즉각적인 성공으로 이어진다.</p>\r\n\r\n<p>병원&middot;의사&middot;환자 등 다양한 이해관계자와 관련된 사업이어서 기업과 정부, 연구기관의 협력이 중요하다. 부작용이 발생하면 돌이키기 어려워 사회&middot;윤리적 합의를 전제로 연구개발 &rarr; 시장창출 &rarr; 생산&middot;판매&middot;유통의 전 과정의 관리를 통해 국민의 생명&middot;건강&middot;안전 확보가 전제돼야 하는 산업이다.</p>\r\n\r\n<p><a href="https://www.korea.kr/archive/speechView.do?newsId=132031243" target="_blank">[대통령 연설문] 바이오헬스 국가비전 선포식 모두발언 (2019.05.22. / 청와대)</a></p>\r\n\r\n<h3>&nbsp;</h3>\r\n\r\n<h3>&nbsp;</h3>\r\n\r\n<p class="0"><strong><span style="font-size:14.0pt"><span style="text-autospace:none"><span lang="EN-US" style="font-size:14.0pt"><span style="font-family:맑은 고딕"><span style="letter-spacing:0pt">2. </span></span></span><span style="font-size:14.0pt"><span style="font-family:맑은 고딕">왜 추진하나</span></span></span></span></strong></p>\r\n\r\n<p>바이오헬스 산업은 미래 성장가능성과 고용효과가 크고 국민건강에도 기여하는 유망산업이다.</p>\r\n\r\n<p>전 세계적인 인구 고령화와 건강수요 증가로 바이오헬스 세계 시장 규모는 빠르게 확대되고 있다. 주요 선진국은 글로벌 바이오헬스 시장 선점을 위해 투자를 확대하고 관련 제도를 정비중이다. 정책혁신과 선제적 투자를 진행하면 우리나라와 같은 후발국도 선도주자로 급부상할 수 있는 기회를 맞고 있다.</p>\r\n\r\n<p>각국의 바이오헬스 산업 대응</p>\r\n\r\n<p>- 미국 : 바이오 경제 청사진*, 정밀의료 구상(이니셔티브)** 발표(&rsquo;15) 및 21세기 치유법*** 제정(&lsquo;16), 5대 R&amp;D 중 하나로 건강 분야 투자 확대(&rsquo;19)* 연구개발(R&amp;D) 투자 확대, 연구결과 제품화 촉진, 혁신적 규제개혁 등 5대 전략<br />\r\n** 암 치료법 개발, 연구 코호트 구축 등 대규모 정밀의료 연구 계획 제시<br />\r\n*** 혁신 의약품&middot;의료기기 허가기간 단축, 환자 의료데이터 공유&middot;분석 등</p>\r\n\r\n<p>- 영국 : 바이오헬스 분야를 포함한 미래 산업 전략 발표(&rsquo;17), 세계 최대 규모 빅데이터(500만명 규모) 구축 추진</p>\r\n\r\n<p>- 일본 : 의약품 조건&middot;기한부 승인제도 도입(&rsquo;14) 등 연구개발(R&amp;D) 실용화 촉진</p>\r\n\r\n<p>우리나라는 바이오헬스 분야에 충분한 경쟁력을 갖추고 있다.<br />\r\n2018년 기준 바이오의약품 생산능력은 세계 2위 규모. 신약 기술 수출액은 5조 3천 억원으로 전년대비 4배 증가했다. 의약품&middot;의료기기 등 수출액도 144억 달러로 전년에 비해 19% 증가했다. 산업전체의 기술력은 최고 기술국인 미국의 78%수준이고, 의료기기 중 초음파영상진단기기는 세계 수출 1위, 치과임플란트는 세계 5위 수출을 기록하고 있다.</p>\r\n\r\n<p><img alt="▶바이오의약품 생산 대한민국 180만L, 미국 52만L, 독일27만L 세계 2위 수준 ▶신약 기술 수출 \'16년 2.2조원 \'17년 1.4조원 \'18년 5.3조원 역대 최대 ▶바이오의약품 특허점유(\'13~\'17) 미국 1위(36.4%) 대한민국 2위(24.2%) 중국 3위(6.4%)" src="https://www.korea.kr/newsWeb/resources/temp/images/000134/%EC%A0%95%EC%B1%85%EC%9C%84%ED%82%A4_%ED%97%AC%EC%8A%A4%EC%BC%80%EC%96%B4_2_2.jpg" />(출처=바이오헬스 산업 혁신전략)</p>\r\n\r\n<h3>&nbsp;</h3>\r\n\r\n<h3>&nbsp;</h3>\r\n\r\n<p class="0"><strong><span style="font-size:14.0pt"><span style="text-autospace:none"><span lang="EN-US" style="font-size:14.0pt"><span style="font-family:맑은 고딕"><span style="letter-spacing:0pt">3. </span></span></span><span style="font-size:14.0pt"><span style="font-family:맑은 고딕">혁신전략</span></span><span lang="EN-US" style="font-size:14.0pt"><span style="font-family:맑은 고딕"><span style="letter-spacing:0pt">, </span></span></span><span style="font-size:14.0pt"><span style="font-family:맑은 고딕">무엇을 담고 있나</span></span></span></span></strong></p>\r\n\r\n<p>비전 및 3대 목표</p>\r\n\r\n<p>▷ 비전 : 바이오헬스 산업 발전을 통한 &lsquo;사람중심 혁신 성장&rsquo;<br />\r\n▷ 3대 목표<br />\r\n- 혁신신약&middot;의료기기 세계시장 점유율 3배 확대* 제약&middot;의료기기 등 세계시장 점유율 : (&lsquo;18)1.8% &rarr; (&rsquo;22)3% &rarr; (&lsquo;30)6%- 바이오헬스 산업을 5대 수출 주력산업으로 육성* 제약&middot;의료기기 등 수출액 :(&lsquo;18)144억 달러 &rarr; (&rsquo;22)200억 달러 &rarr; (&rsquo;30)500억 달러- 신규 일자리 30만 명 창출* 바이오헬스 일자리 : (&lsquo;18)87만 명 &rarr; (&rsquo;22)97만 명 &rarr; (&lsquo;30)117만 명</p>\r\n\r\n<p><img alt="바이오헬스 세계최고에 도전합니다. ▶국가 바이오 빅테이터 등 5대 빅테이터 플랫폼 구축 ▶R&amp;D 투자 4조원 이상 확대(~2025년) ▶스케일업 펀드 활용, 5년간 2조원 이상 투자 ▶의약품·의료기기 인·허가 기간 단축등 보건복지부, 바이오헬스 산업 혁신전략_5.22 바이오헬스를 3대 신산업으로 선정해 수출 500억 달러를 달성하고 일자리 30만개 만듭니다.(2030년까지) 기술개발부터 시장출시까지 전 주기 혁신적 생태계를 만들어 바이오헬스 글로벌 강국으로 도약하겠습니다." src="https://www.korea.kr/newsWeb/resources/temp/images/000110/curation_20190701a_02_1.jpg" /></p>\r\n\r\n<p>주요내용</p>\r\n\r\n<p><strong>(기술개발 단계) 바이오헬스 기술혁신 생태계 조성</strong><br />\r\n① 5대 빅데이터 플랫폼* 구축 &rArr; 2029년까지 최대 100만 명 규모로 국가 바이오 빅데이터 구축- 희망자를 대상으로 유전체 정보 등을 수집하여 신약&middot;신의료기술 연구개발에 활용*△국가 바이오 빅데이터 △데이터 중심병원 △신약 후보물질 빅데이터 △바이오 특허 빅데이터 △공공기관 빅데이터② 병원 혁신거점화 &rArr; 우수 병원 연구기술 사업화와 연구개발 재투자 위해 의료기술협력단, 기술지주회사 등 설립- 연구중심 병원 확대, 병원인프라 활용 개방형 실험실 구축, 혁신 신약&middot;의료기기 기술 투자 파트러닝 플랫폼 구축③ 신약&middot;의료기기 정부 연구개발(R&amp;D) &rArr; 2025년까지 연간 4조 원 이상으로 확대- 표적항암제, 세포&middot;유전자 치료제 등 연구개발 지원, 민간 벤처투자자 공동 &lsquo;연계형 연규개발 제도&#39; 도입④ 금융&middot;세제 지원 &rArr; 스케일업 펀드를 활용하여 5년간 2조원 이상의 정책금융 투자. 세액공제 대상에 바이오베터 임상시험비 추가, 이월기간 연장 추진* 스케일업 펀드 : 블록버스터 국산 신약개발 지원을 위해 2022년까지 15조원 규모로 조성 중</p>\r\n\r\n<p><strong>(인허가 단계) 글로벌 수준 인허가 규제 합리화</strong><br />\r\n① 식약처 전문성 강화 및 인허가 신속 처리 &rArr; 심사 전담인력 확충, 혁신형 제약기업 신약 우선&middot;신속심사제 도입② 바이오의약품 안전관리 강화 &rArr; 재생의료 임상연구 제도화, 첨단 바이오의약품 전 주기 안전관리 강화③ 글로벌 관점 규제 선진화 &rArr; 제약&middot;의료기기 등 선진국 수준의 규제개선 로드맵 마련, 규제자유 특구 지정, 의료기기 규제혁신협의체 구성</p>\r\n\r\n<p><strong>(생산 단계) 생산 활력 제고 및 동반성장 지원</strong><br />\r\n① 선도기업과 창업&middot;벤처기업 협력체계 구축 &rArr; 공동투자 설명회 개최 지원, 보건산업혁신창업센터 기반 판로지원② 제약&middot;바이오 전문인력 양성 &rArr; 제약&middot;바이오 인력양성 마스터플랜 수립, 바이오공정 인력양성센터 설립, 융합형 의사과학자 양성③ 5년내 원&middot;부자재 30% 국산화 &rArr; 세포배양용 배치 등 필수 원료&middot;부자재기반기술 개발</p>\r\n\r\n<p><strong>(시장출시 단계) 시장진입 지원 및 해외진출 촉진</strong><br />\r\n① 시장진입 지원 &rArr; 디지털 헬스기기 신기술 활용 촉진, 대형병원을 의료기기 평가센터로 지정② 해외시장 교두보 마련 &rArr; 주요국과 GMP 상호인증 확대 추진③ 플랜트&middot;패키지 수출 : 병원시스템&middot;의약품&middot;의료기기의 패키지 동반 수출 지원</p>\r\n\r\n<p>관련기사</p>\r\n\r\n<p><a href="https://www.korea.kr/news/policyNewsView.do?newsId=148861034" target="_blank">[정책뉴스] 바이오헬스 R&amp;D 연 4조원 투자&hellip;글로벌 강국 도약한다 (2019.05.22. / 관계부처 합동)</a></p>\r\n\r\n<p><a href="https://www.korea.kr/news/pressReleaseView.do?newsId=156332732" target="_blank">[보도자료] 바이오 빅데이터&middot;R&amp;D투자 4조원, 바이오헬스 글로벌 수준으로 육성 (2019.05.22. / 관계부처 합동)</a></p>\r\n\r\n<p><a href="http://gonggam.korea.kr/newsView.do?newsId=01JE2S3KkDGJM000" target="_blank">[정책뉴스] 세계 7번째, 원료의약품 유럽 수출 &lsquo;프리패스&rsquo;(2019.06.03. / 공감)</a></p>\r\n\r\n<p><a href="https://www.korea.kr/common/relatedKeywordNewsList.do?keywordId=70031078" target="_blank">[정책뉴스] 바이오헬스 기업 탐방 ①~④ (2019.06.03~20 / 문화체육관광부 국민소통실)</a></p>\r\n\r\n<p><a href="https://www.korea.kr/news/pressReleaseView.do?newsId=156332770" target="_blank">[보도자료]「제13기 보건의료기술정책심의위원회」 구성 및 개시 (2019.05.23. / 보건복지부)</a><br />\r\n: 향후 2년간 복지부 보건의료 연구개발(R&amp;D) 사업 전략 및 정책 심의 역할</p>\r\n\r\n<p><a href="https://www.korea.kr/news/pressReleaseView.do?newsId=156335469" target="_blank">[보도자료] 미래의 신성장동력 특허심사 더 빠르게! (2019.06.10. / 특허청)</a><br />\r\n: 4차 산업혁명 관련 기술분야 우선심사 확대 시행(6.10~)</p>\r\n\r\n<p><a href="https://www.korea.kr/news/pressReleaseView.do?newsId=156336098" target="_blank">[보도자료] 인공지능 활용한 신약 개발 시대가 온다 (2019.06.13. / 과학기술정보통신부)</a><br />\r\n: 과기정통부&middot;복지부 &lsquo;인공지능활용 신약개발 플랫폼 구축 프로젝트&rsquo;착수. 3년간 258억원 투자</p>\r\n\r\n<p><a href="https://www.korea.kr/news/pressReleaseView.do?newsId=156336415" target="_blank">[보도자료] 대통령 스웨덴 국빈방문 계기, 아스트라제네카-코트라-한국바이오협회 간 바이오헬스산업 협력 의향서 체결 (2019.06.17. / 산업통상자원부)</a></p>\r\n\r\n<h3>&nbsp;</h3>\r\n\r\n<h3>&nbsp;</h3>\r\n\r\n<p class="0"><strong><span style="font-size:14.0pt"><span style="text-autospace:none"><span lang="EN-US" style="font-size:14.0pt"><span style="font-family:맑은 고딕"><span style="letter-spacing:0pt">4. </span></span></span><span style="font-size:14.0pt"><span style="font-family:맑은 고딕">후속 정책추진 상황</span></span></span></span></strong></p>\r\n\r\n<p>&nbsp;</p>\r\n\r\n<p>바이오헬스 연구개발(R&amp;D) 투자전략 I (과기정통부, &rsquo;19.12.18)</p>\r\n\r\n<p>ㅇ 바이오헬스 R&amp;D 분류체계 10개 분야로 재편해 투자 사각지대를 없애고 산업동향과 정책과의 연계 강화&nbsp;</p>\r\n\r\n<p>[기초&middot;융합 연구] ①원천&middot;기반연구 ②바이오 융복합&nbsp;<br />\r\n[산업생태계 조성] ③의약품 ④의료기기 ⑤재생의료<br />\r\n[국민 삶의 질 향상] ⑥헬스케어서비스 ⑦임상&middot;보건<br />\r\n[혁신기반 조성] ⑧산업혁신&middot;규제과학 ⑨전문인력 양성, 생명자원&middot;정보인프라</p>\r\n\r\n<p><img alt="〈분류체계 조정 내용〉 [기존 7대 기술분야] 뇌과학, 바이오융합, 신약, 의료기기, 줄기세포, 유전체, 임상·보건 [개선(안) 4대정책-10개분야] ▶원천·기반연구, 바이오융복합 ①미래대비 기초·융합 연구 ▶의약품, 의료기기, 재생의료 ②혁신적 바이오헬스 샌태계 조성 ▶헬스케어서비스, 임상·보건 ③국민 삶의 질 향상 ▶산업혁식·규제과학, 전문인력 양성, 생명자원·정보인프라 ④혁신 기반 조성" src="https://www.korea.kr/newsWeb/resources/temp/images/000134/%ED%88%AC%EC%9E%90%EC%A0%84%EB%9E%B51.jpg" /></p>\r\n\r\n<p>ㅇ 4개 분야 정부 연구개발(R&amp;D) 투자전략&nbsp;</p>\r\n\r\n<p>10개 분야 중 △원천&middot;기반연구 △의약품 △헬스케어서비스 △산업혁신&middot;규제과학 맞춤형 투자전략(단기 집중 및 중&middot;장기 지원 등) 제시<br />\r\n※ 2020년 나머지 6개 분야에 대한 &lt;바이오헬스 R&amp;D 투자전략Ⅱ&gt; 수립 추진</p>\r\n\r\n<p>&nbsp;</p>\r\n\r\n<p><img alt="분야, 세부분야, 정부R&amp;D 투자포트폴리오 방향 하단 내용 참조" src="https://www.korea.kr/newsWeb/resources/temp/images/000134/%EC%A0%95%EC%B1%85%EC%9C%84%ED%82%A4_%ED%97%AC%EC%8A%A4%EC%BC%80%EC%96%B4_1.jpg" /></p>\r\n\r\n<p><a href="https://www.korea.kr/news/pressReleaseView.do?newsId=156367231" target="_blank">&bull; [보도자료] 바이오헬스 R&amp;D 투자전략 수립 (2019.12.18. / 과학기술정보통신부)</a></p>\r\n\r\n<p><br />\r\n바이오헬스 핵심규제 개선방안(복지부, &rsquo;20.01.15.)</p>\r\n\r\n<p>1. 신산업 육성 연구환경 조성&nbsp;</p>\r\n\r\n<p>ㅇ 의료데이터 활용과 민간 개방 확대<br />\r\n- (제도 정비) 개인정보보호법 개정(1.9)에 따라 의료데이터 활용 지침(가이드라인) 마련<br />\r\n- (데이터 생산&middot;활용 지원) 5대 보건의료 데이터 센터 구축<br />\r\n* 보건의료 빅데이터 센터(&lsquo;19&sim;), 바이오 빅데이터 센터, 데이터 중심병원 활용지원센터(&rsquo;20&sim;), 인공지능 신약개발센터(&rsquo;19&sim;), 피부-유전체 분석센터(&lsquo;21&sim;)<br />\r\nㅇ 인체 폐지방을 재활용한 의료기술과 의약품 개발 허용<br />\r\nㅇ 마이크로바이옴 등 새로운 연구자원 활용 지침(가이드라인) 마련<br />\r\nㅇ 바이오 분야 대한민국 명장제도 개선&nbsp;</p>\r\n\r\n<p>2. 혁신 의료기기 육성&nbsp;</p>\r\n\r\n<p>ㅇ 가상현실(VR)&middot;증강현실(AR) 의료기기 품목 신설<br />\r\nㅇ 혁신의료기기 우선심사 제도 도입해 인&middot;허가 기간 단축<br />\r\nㅇ 신의료기술평가 개선해 혁신성 인정 확대와 조기 시장진입 허용<br />\r\n- 혁신의료기술 평가트랙*의 기술&middot;질환 범위 확대와 혁신기술 재신청 절차 마련<br />\r\n* (혁신의료기술 평가트랙) 유효성 평가 문헌이 축적되지 않은 첨단의료기술에 대해 잠재가치를 추가로 평가하여 시장진입 허용(&lsquo;19.3월 도입)<br />\r\n&nbsp;- 감염병 체외진단검사에 시범적용 중(&lsquo;19.4~)인 &lsquo;선(先) 진입-후(後) 평가제도&rsquo;를 전체 체외진단검사 대상으로 확대 실시<br />\r\n- 단순 개량형 체외진단검사(체외진단검사 중 약 30%)는 기존 기술로 분류해 신의료기술평가 없이 보험등재 실시</p>\r\n\r\n<p>3. 예방&middot;건강관리 서비스 활성화&nbsp;</p>\r\n\r\n<p>ㅇ 건강관리 서비스 인증제 도입과 건강 혜택(인센티브제) 시범사업 도입<br />\r\nㅇ 소비자 직접의뢰 유전자 검사(DTC) 허용범위 확대<br />\r\n- 웰니스 검사항목 총 56개로 확대 허용하고, 추가 20여 개 이상 항목과 인증기관 확대를 위한 2차 시범사업 실시(&rsquo;20.1월&sim;)<br />\r\n* (현행) 혈당&middot;혈압&middot;탈모&middot;비타민C 등 12항목, 46유전자에 한정 &rarr; (확대) 운동적합성, 알코올 홍조, 조상 찾기 등 56항목, 유전자 제한 없음(4개 인증기관, 2년간 임시허가)<br />\r\nㅇ 유전자 검사기관 인증제 단일화&nbsp;</p>\r\n\r\n<p>4. 불필요한 규제 철폐&nbsp;</p>\r\n\r\n<p>ㅇ 첨단의료복합단지 입주기업의 생산시설 규모제한 완화<br />\r\n- 필요시 생산시설 규모 상한을 (현행) 3,000㎡ &rarr; (개선) 5,000㎡ 수준으로&nbsp;<br />\r\nㅇ 의료기기에 대한 전기생활용품 안전인증 면제 확대<br />\r\nㅇ 의료기기 폐기물에 대한 환경부담금 면제품목 명확화<br />\r\nㅇ 의료기기 광고 규제 합리화 : 민간 광고 사전심의제도 도입<br />\r\nㅇ 의료기기 가격정보, 대금지급 기한설정 등 유통투명화</p>\r\n\r\n<p>&bull;<a href="https://www.korea.kr/news/pressReleaseView.do?newsId=156371082" target="_blank">&nbsp;[보도자료] 4대 분야 15개 바이오헬스 핵심규제 개선 (2020.01.15. / 보건복지부)</a></p>\r\n\r\n<p>2020년 추진계획</p>\r\n\r\n<p>&lt;과학기술정보통신부&gt;&nbsp;&nbsp;</p>\r\n\r\n<p>2020년 국가 연구개발(R&amp;D) 예산 24.2조원 기반으로<br />\r\nㅇ (묶음 투자)부처단위의 예산배분에서 벗어나 범부처 협업 유도<br />\r\nㅇ (혁신성장) DNA 핵심인프라(0.5조원) 및 시스템반도체&middot;바이오헬스&middot;미래차 등 3대 핵심산업(1.7조원)을 중심으로 혁신성장 성과확산 투자 강화<br />\r\nㅇ (과학기술 역량) 연구자주도 기초연구(2.0조원), 연구기관지원(3.2조원),인재양성(0.4조원) 등을 통해 과학기술 혁신역량 제고를 위한 꾸준한 투자<br />\r\nㅇ (신약개발) 2021~2030년 2.8조원 투자 &rArr; 신약수출 18조원(&rsquo;18~&lsquo;20 누적)달성</p>\r\n\r\n<p>&lt;보건복지부&gt;&nbsp;</p>\r\n\r\n<p>ㅇ 100만 명 규모 국가 바이오 빅데이터 구축<br />\r\nㅇ 혁신 신약&middot;의료기기&middot;재생의료 등 차세대 유망기술을 중점 지원<br />\r\nㅇ 인공지능, 정밀의료 등 4차 산업혁명 기반 의료기술 지원</p>\r\n\r\n<p>&lt;산업통상자원부&gt;</p>\r\n\r\n<p>ㅇ 바이오생산 세계 2위 활용 생산허브 도약 &rarr; 수출 100억 달러 달성<br />\r\nㅇ 병원 보유 의료기술 사업화* 확대<br />\r\n* 병원 보유 우수 바이오 특허(IP)의 기업이전&middot;사업화 지원, 병원의 범부처 연구개발사업 참여 촉진<br />\r\nㅇ 인천 송도&middot;충북 오송&middot;대구 등 지역대상 생산 인프라, 바이오 생산인력양성센터 설계 착수(&rsquo;20년 상반기, 연간 600명 규모)</p>\r\n\r\n<p>&lt;중소벤처기업부&gt;</p>\r\n\r\n<p>ㅇ 벤처투자, 보증, 정책자금 지원<br />\r\nㅇ 유망기업 발굴&middot;육성 : 바이오헬스 기업 100개</p>\r\n\r\n<h3>&nbsp;</h3>\r\n\r\n<h3>&nbsp;</h3>\r\n\r\n<p class="0"><strong><span style="font-size:14.0pt"><span style="text-autospace:none"><span style="letter-spacing:0pt"><span lang="EN-US" style="font-size:14.0pt"><span style="font-family:맑은 고딕"><span style="letter-spacing:0pt">5. </span></span></span><span style="font-size:14.0pt"><span style="font-family:맑은 고딕">그간 정책추진 성과 </span></span><span lang="EN-US" style="font-size:14.0pt"><span style="font-family:맑은 고딕"><span style="letter-spacing:0pt">(2020</span></span></span><span style="font-size:14.0pt"><span style="font-family:맑은 고딕">년 </span></span><span lang="EN-US" style="font-size:14.0pt"><span style="font-family:맑은 고딕"><span style="letter-spacing:0pt">2</span></span></span><span style="font-size:14.0pt"><span style="font-family:맑은 고딕">월 기준</span></span><span lang="EN-US" style="font-size:14.0pt"><span style="font-family:맑은 고딕"><span style="letter-spacing:0pt">)</span></span></span></span></span></span></strong></p>\r\n\r\n<p>ㅇ 미래기술과 혁신인재로 튼튼한 미래기반 확보<br />\r\n- (원천&middot;전략기술) 바이오분야 7.5조원 규모의 기술수출(&rsquo;19년) 달성<br />\r\n- (인재양성) 4차 산업혁명 시대 차세대 공학자와 현장 맞춤 인력 등 혁신인재 성장 지원(&rsquo;19년 10,143명), 해외 우수연구자 유치(&rsquo;19년 218명)&nbsp;</p>\r\n\r\n<p>ㅇ 꾸준한 혁신으로 지속가능한 연구개발(R&amp;D) 생태계 구축<br />\r\n- (경쟁력 상승) 세계 3위 과학인프라 순위 달성(IMD), 국가경쟁력 2017년부터 매년 2단계씩 상승(17위 &rarr; 15위 &rarr; 13위, 세계경제포럼(WEF) 평가기준)<br />\r\n- (연구개발 투자) 연구개발(R&amp;D) 예산 증가율 정부 예산 증가율을 크게 상회,2019년 20조원 투자 이후 2020년 24조원 돌파(24.2조원, 전년대비 18%&uarr;)<br />\r\n* 정부 R&amp;D 예산 증가율 : (&rsquo;16) 1.1% &rarr; (&rsquo;17) 1.9% &rarr; (&rsquo;18) 1.1% &rarr; (&rsquo;19) 4.4% &rarr; (&rsquo;20) 18%<br />\r\n&nbsp;- (제도&middot;시스템) 부처별 연구비관리시스템 통합(17개&rarr;2개), 상이한 규정에 따른 혼선 해소 위해 연구개발(R&amp;D) 규정 표준안 마련<br />\r\n* 연구비관리시스템 통합(17개&rarr;2개, &rsquo;19년 9월), 연구자(&rsquo;20년)&middot;과제지원시스템(&rsquo;21년)도 순차 통합<br />\r\n** 범부처 R&amp;D규정&middot;지침 표준(안) 마련(&rsquo;19년 9월) 및 R&amp;D혁신 특별법 제정 추진 등<br />\r\n&nbsp;- 국가 바이오 빅데이터(100만 명 수준) 구축사업 개시&nbsp;</p>\r\n\r\n<h3>&nbsp;</h3>\r\n\r\n<h3>&nbsp;</h3>\r\n\r\n<p class="0"><strong><span style="font-size:14.0pt"><span style="text-autospace:none"><span lang="EN-US" style="font-size:14.0pt"><span style="font-family:맑은 고딕"><span style="letter-spacing:0pt">6. </span></span></span><span style="font-size:14.0pt"><span style="font-family:맑은 고딕">관련기관</span></span><span lang="EN-US" style="font-size:14.0pt"><span style="font-family:맑은 고딕"><span style="letter-spacing:0pt">&middot;</span></span></span><span style="font-size:14.0pt"><span style="font-family:맑은 고딕">누리집</span></span></span></span></strong></p>\r\n\r\n<p><a href="http://www.mohw.go.kr/" target="_blank">보건복지부</a>&nbsp;ㅣ&nbsp;<a href="http://www.moef.go.kr/" target="_blank">기획재정부</a>&nbsp;ㅣ&nbsp;<a href="https://www.msit.go.kr/" target="_blank">과학기술정보통신부</a>&nbsp;ㅣ&nbsp;<a href="http://www.motie.go.kr/" target="_blank">산업통상자원부</a>&nbsp;ㅣ&nbsp;<a href="https://www.mss.go.kr/" target="_blank">중소벤처기업부</a>&nbsp;ㅣ&nbsp;<a href="https://www.mfds.go.kr/" target="_blank">식품의약품안전처</a>&nbsp;ㅣ&nbsp;<a href="http://www.fsc.go.kr/" target="_blank">금융위원회</a>&nbsp;ㅣ&nbsp;<a href="https://www.kipo.go.kr/" target="_blank">특허청</a></p>\r\n\r\n<p>Copyright 2018. 문화체육관광부 All Right Reserved.</p>\r\n\r\n<p>출처&nbsp;<span style="text-autospace:none"><span style="letter-spacing:0pt"><span lang="EN-US" style="letter-spacing:0pt">https://www.korea.kr/special/policyCurationView.do?newsId=148862220#</span></span></span></p>\r\n', 14, '2021-03-24 01:29:15', '2021-04-19 00:35:49', '', ''),
	(3, 10001, '210.95.41.129', '04182be8-7cf6-4906-947f-d12a84fcfda5.jpg', '"바이오 기업 고충 해소"…산업부, 전국서 간담회 개최', '<p class="0"><strong><span style="font-size:16.0pt"><span style="text-autospace:none"><span lang="EN-US" style="font-size:16.0pt"><span style="font-family:맑은 고딕"><span style="letter-spacing:0pt">&quot;</span></span></span><span style="font-size:16.0pt"><span style="font-family:맑은 고딕">바이오 기업 고충 해소</span></span><span lang="EN-US" style="font-size:16.0pt"><span style="font-family:맑은 고딕"><span style="letter-spacing:0pt">&quot;</span></span></span><span style="font-size:16.0pt"><span style="font-family:맑은 고딕"><span style="letter-spacing:0pt">&hellip;</span></span></span><span style="font-size:16.0pt"><span style="font-family:맑은 고딕">산업부</span></span><span lang="EN-US" style="font-size:16.0pt"><span style="font-family:맑은 고딕"><span style="letter-spacing:0pt">, </span></span></span><span style="font-size:16.0pt"><span style="font-family:맑은 고딕">전국서 간담회 개최</span></span></span></span></strong></p>\r\n\r\n<p>등록 2021-03-24 11:00:00&nbsp;&nbsp;|&nbsp;&nbsp;수정 2021-03-24 13:10:16</p>\r\n\r\n<p>&nbsp;</p>\r\n\r\n<p>충북 테크노파크서 &#39;바이오 카라반&#39; 열려<br />\r\n연말까지 호남&middot;진주&middot;경북&middot;포항&middot;대구서 추진</p>\r\n\r\n<table id="imgartitable_NISI20190903_0015556169">\r\n	<tbody>\r\n		<tr>\r\n			<td><img alt="" src="https://image.newsis.com/2019/09/03/NISI20190903_0015556169_web.jpg?rnd=20190903230000" /></td>\r\n		</tr>\r\n		<tr>\r\n			<td id="caption_NISI20190903_0015556169">\r\n			<p class="0"><span style="font-size:9.0pt"><span style="text-autospace:none"><span style="letter-spacing:0pt"><span lang="EN-US" style="font-size:9.0pt"><span style="font-family:맑은 고딕"><span style="letter-spacing:0pt">[</span></span></span><span style="font-size:9.0pt"><span style="font-family:맑은 고딕">세종</span></span><span lang="EN-US" style="font-size:9.0pt"><span style="font-family:맑은 고딕"><span style="letter-spacing:0pt">=</span></span></span><span style="font-size:9.0pt"><span style="font-family:맑은 고딕">뉴시스</span></span><span lang="EN-US" style="font-size:9.0pt"><span style="font-family:맑은 고딕"><span style="letter-spacing:0pt">]</span></span></span><span style="font-size:9.0pt"><span style="font-family:맑은 고딕">세종시 어진동 정부세종청사 산업통상자원부</span></span><span lang="EN-US" style="font-size:9.0pt"><span style="font-family:맑은 고딕"><span style="letter-spacing:0pt">. 2019.09.03. ppkjm@newsis.com</span></span></span></span></span></span></p>\r\n			</td>\r\n		</tr>\r\n	</tbody>\r\n</table>\r\n\r\n<p>&nbsp;</p>\r\n\r\n<p>[세종=뉴시스] 이승재 기자 = 산업통상자원부는 전국을 돌며 바이오 기업들의 고충을 듣고 해결 방안을 제시하는 간담회를 개최한다고 24일 밝혔다.<br />\r\n<br />\r\n산업부는 이날 오후 충북 테크노파크에서 한국바이오협회 주관으로 &#39;지역 바이오 카라반&#39; 행사를 연다<br />\r\n<br />\r\n이는 지난해 발표한 &#39;바이오 산업 사업화 촉진 및 지역 기반 고도화 전략&#39;의 후속 사업이다.<br />\r\n<br />\r\n행사는 지역에 위치한 바이오특화센터를 통해 기업 고충을 파악하고 벤처캐피탈, 컨설팅, 마케팅 등으로 구성된 전문가 그룹이 맞춤형 컨설팅을 제공하는 방식으로 진행된다.<br />\r\n<br />\r\n산업부는 이번 충청권을 시작으로 호남(6월), 진주&middot;경북(9월), 포항&middot;대구(12월) 등에서 연말까지 총 4차례 &#39;카라반&#39;을 개최할 예정이다. 앞서 지난해 12월에는 강원에서 관련 행사를 진행한 바 있다.<br />\r\n<br />\r\n이외에 바이오 기업을 상시 지원하기 위한 &#39;바이오 민간 투자 애로 지원단&#39;도 온라인으로 운영한다.<br />\r\n<br />\r\n전문적인 지원이 이뤄질 수 있도록 한국바이오협회, 한국디지털헬스산업협회, 한국의료기기공업협동조합 등 유관 지원 기관을 통해 홈페이지를 개설한다는 방침이다.<br />\r\n<br />\r\n김영만 산업부 바이오융합산업과장은 &quot;바이오 산업 전 주기에 걸쳐 지원자로서의 역할을 충실히 하겠다&quot;고 전했다.<br />\r\n<br />\r\n<br />\r\n◎공감언론 뉴시스 russa@newsis.com</p>\r\n\r\n<p>출처&nbsp;<span style="text-autospace:none"><span style="letter-spacing:0pt"><span lang="EN-US" style="letter-spacing:0pt">https://newsis.com/view/?id=NISX20210324_0001381140&amp;cID=10401&amp;pID=10400</span></span></span></p>\r\n', 9, '2021-03-25 01:52:36', '2021-04-19 00:52:07', '', ''),
	(4, 10001, '210.95.41.129', '35bb8084-6b56-4758-813b-0f3f073960fc.png', '한국신약개발연구조합, 혁신적 조직개편 통해 바이오헬스 화력 지원', '<header>\r\n<header>\r\n<p class="0"><strong><span style="font-size:16.0pt"><span style="text-autospace:none"><span style="font-size:16.0pt"><span style="font-family:맑은 고딕">한국신약개발연구조합</span></span><span lang="EN-US" style="font-size:16.0pt"><span style="font-family:맑은 고딕"><span style="letter-spacing:0pt">, </span></span></span><span style="font-size:16.0pt"><span style="font-family:맑은 고딕">혁신적 조직개편 통해 바이오헬스 화력 지원</span></span></span></span></strong></p>\r\n\r\n<p class="0">&nbsp;유경수 기자&nbsp;&nbsp;2021.03.24 16:44</p>\r\n</header>\r\n</header>\r\n\r\n<section>\r\n<article>\r\n<p>&nbsp;</p>\r\n\r\n<p>&quot;대한민국 제약-바이오산업 발전 위한 컨트롤타워 역할 할 것&quot;</p>\r\n\r\n<figure data-idxno="65724" data-type="photo"><img alt="(사진=한국신약개발연구조합 제공)" src="http://www.babytimes.co.kr/news/photo/202103/44446_65724_1732.jpg" />\r\n<figcaption>(사진=한국신약개발연구조합 제공)</figcaption>\r\n</figure>\r\n\r\n<p>&nbsp;</p>\r\n\r\n<p>[베이비타임즈=유경수 기자]&nbsp;한국신약개발연구조합(이사장 김동연)은 포스트 코로나시대를 대비해&nbsp;회원사의 글로벌 오픈 이노베이션, 제약&middot;바이오 신약개발 진흥과 비즈니스 확장 지원을 위해&nbsp;지난&nbsp;1일&nbsp;사무국 조직을 연구개발진흥본부와 사업운영본부의 양대 본부, 4팀 체제로 조직 개편을 단행했다고 24일&nbsp;밝혔다.</p>\r\n\r\n<p>먼저 연구개발진흥본부(R&amp;D&middot;정책기획팀, 사업개발팀)는 제약&middot;바이오헬스 산업의 글로벌 성장을 위한 정책, 국내외 산&middot;학&middot;연 협력 및 오픈 이노베이션, 산업지원 총괄을 담당하며 조헌제 상무이사가 본부장을 맡았다. 또한&nbsp;사업운영본부(기획예산팀, 대외협력팀)는 조합 예산계획 수립 및 관리, 언론홍보, 정부 및 유관기관 협력 총괄을 담당하며 여재천 전무이사(사무국장)가 본부장을 맡아 핵심적인&nbsp;컨트롤타워 역할을 한다.</p>\r\n\r\n<p>이번에 한국신약개발연구조합은 명실공히 국가 빅3 산업의 하나인&nbsp;바이오헬스, 제약, 바이오 신약개발 리더십에 걸맞은 조직을 구축하게 되었다는 평가가 나온다.&nbsp;또한 이번 조직개편은 국내뿐만 아니라 해외 신약 관련&nbsp;사업에도 초점을 맞추고 있어 글로벌 기관으로 도약하기 위해&nbsp;변화를&nbsp;시도했다는&nbsp;평가를 받고 있다.</p>\r\n\r\n<figure data-idxno="65725" data-type="photo"><img alt="이번 개편한 조직 구성도 (사진=한국신약개발연구조합 제공)" height="369" src="http://www.babytimes.co.kr/news/photo/202103/44446_65725_1935.png" width="520" />\r\n<figcaption>이번에 개편한 조직 구성도 (사진=한국신약개발연구조합 제공)</figcaption>\r\n</figure>\r\n\r\n<p>현재 한국신약개발연구조합의 산하기관으로는 제약산업기술거래센터(PTBC), 혁신정책연구센터(InnoPol)가 있으며&nbsp;산하 연구회로는 원료의약품연구회, 의약분석연구회, 천연물개발연구회, 제약&middot;바이오 사업개발연구회(K-BD Group)가 있다.</p>\r\n\r\n<p>또한&nbsp;산하 위원회로는 제약산업기술거래센터 기술거래위원회, 인터비즈 바이오 파트너링&amp;투자포럼 조직위원회, 연구개발중심 우량제약&middot;바이오기업 IR위원회, 제약&middot;바이오헬스산업 기술경영자위원회 등이 있어 지원사격을 하고 있다. 아울러&nbsp;산하 연구사업단으로는 바이오분야 기술거래 파트너링 촉진사업단을 구성해 활발하게 운영하고 있다.</p>\r\n\r\n<p>한국신약개발연구조합 관계자는 &quot;이번 조직개편을 통해 대한민국 제약-바이오 사업 발전에 더 큰 도움이 되기 위해 노력할 것&quot;이라며 &quot;혁신적인 조직 개편과 역할분담을&nbsp;통해 한신연이 앞으로 신약사업의 중추적인 다리역할을&nbsp;할 것이다&quot;고 밝혔다.</p>\r\n\r\n<p>저작권자 &copy; 베이비타임즈 무단전재 및 재배포 금지</p>\r\n\r\n<p>출처&nbsp;<span style="text-autospace:none"><span style="letter-spacing:0pt"><span lang="EN-US" style="font-family:맑은 고딕"><span style="letter-spacing:0pt">http://www.babytimes.co.kr/news/articleView.html?idxno=44446</span></span></span></span></p>\r\n</article>\r\n</section>\r\n', 5, '2021-03-25 02:01:17', '2021-03-25 02:24:50', '', '');
INSERT INTO `board_bioinfo` (`SEQ_ID`, `WRITER_ID`, `WRITER_IP`, `REPRESENT_IMAGE`, `TITLE`, `CONTENT`, `VIEW_COUNT`, `CREATED_AT`, `UPDATED_AT`, `FILE_NAME`, `FILE_PATH`) VALUES
	(5, 10001, '210.95.41.129', '1eedc81d-783e-4e3d-ba00-37b49ab7105d.jpg', '통신부터 자동차 부품업체까지…', '<p class="0"><strong><span style="font-size:16.0pt"><span style="text-autospace:none"><span style="letter-spacing:0pt"><span style="font-size:16.0pt"><span style="font-family:맑은 고딕">통신부터 자동차 부품업체까지</span></span><span style="font-size:16.0pt"><span style="font-family:맑은 고딕"><span style="letter-spacing:0pt">&hellip;</span></span></span><span lang="EN-US" style="font-size:16.0pt"><span style="font-family:맑은 고딕"><span style="letter-spacing:0pt">&quot;</span></span></span><span style="font-size:16.0pt"><span style="font-family:맑은 고딕">바이오</span></span><span lang="EN-US" style="font-size:16.0pt"><span style="font-family:맑은 고딕"><span style="letter-spacing:0pt">&middot;</span></span></span><span style="font-size:16.0pt"><span style="font-family:맑은 고딕">헬스케어를 새 먹거리로</span></span><span lang="EN-US" style="font-size:16.0pt"><span style="font-family:맑은 고딕"><span style="letter-spacing:0pt">&quot;</span></span></span></span></span></span></strong></p>\r\n\r\n<p>입력2021.03.22 17:41&nbsp;수정2021.03.23 02:24&nbsp;지면A3</p>\r\n\r\n<p>&nbsp;</p>\r\n\r\n<p>바이오로 영역 넓히는 기업들<br />\r\n<br />\r\nKT, 바이오&middot;헬스 플랫폼 착수<br />\r\n도료업체 자안&rarr;&#39;자안바이오&#39;로<br />\r\n뉴지랩&middot;OQP는 항암제 개발도</p>\r\n\r\n<p>바이오&middot;헬스케어산업은 요즘 말로 가장 &lsquo;핫&rsquo;한 분야다. 롯데, KT, 현대백화점그룹 등 대기업은 물론 중견 제조업체들도 앞다퉈 뛰어들고 있어서다.<br />\r\n&nbsp;</p>\r\n\r\n<p>&nbsp;</p>\r\n\r\n<p><img alt="통신부터 자동차 부품업체까지…&quot;바이오·헬스케어를 새 먹거리로&quot;" src="https://img.hankyung.com/photo/202103/AA.25803375.1.jpg" /></p>\r\n\r\n<p>&nbsp;</p>\r\n\r\n<p>&nbsp;</p>\r\n\r\n<p>KT는 29일 열리는 주주총회에서 사업목적에 &lsquo;의료기기 제작 및 판매업&rsquo;을 추가하는 안건을 의결한다. 통신 노하우와 인공지능(AI), 빅데이터를 결합한 헬스케어 플랫폼을 내놓으려는 행보로 풀이된다. KT는 지난해 10월 체외진단 기업인 미코바이오메드와 업무협약을 맺고 감염병 진단 사업과 바이오 헬스 데이터 플랫폼 구축 사업에 뛰어들었다. 진단 기술과 확진자 동선 추적 역량을 결합해 감염병을 관리할 수 있는 통합 플랫폼을 내놓겠다는 구상이다.<br />\r\n<br data-index="1" />\r\n다른 대기업도 기존 사업 역량을 활용해 바이오&middot;헬스케어 사업에 진출하고 있다. 현대백화점그룹은 지난해 10월 인수한 SK바이오랜드의 사명을 현대바이오랜드로 바꾸고 건강기능식품 사업에 뛰어들었다. 자체 개발한 건기식 원료인 발효 우슬 등 복합물로 이달 초 식품의약품안전처로부터 개별인정 허가도 받았다. 지난달엔 치과용 콜라겐 제품으로 미국 식품의약국(FDA)에서 사용 승인을 따냈다.</p>\r\n\r\n<p>&nbsp;</p>\r\n\r\n<p>주력 사업을 바이오&middot;헬스케어 분야로 바꾸는 코스닥기업도 잇따르고 있다. 소형가전 도료를 생산하는 자안과 컴퓨터수치제어(CNC) 장비 업체인 넥스턴은 이달 말 열릴 주총에서 각각 자안바이오와 넥스턴바이오사이언스로 이름을 바꾼다. 자안은 화장품 위탁생산(CMO) 기업인 MP한강의 바이오 연구시설과 펩타이드 특허 9건을 지난달 인수했다. 넥스턴은 송명석 전 신라젠 부사장을 바이오사업부문 대표로 선임하고 백신, 암 면역치료제 개발에 나선다.<br />\r\n<br data-index="3" />\r\n전통 제조업체들의 변신은 2~3년 전부터 본격화됐다. 지난해 6월 자동차 내장재 기업이던 두올산업은 사명을 온코퀘스트파마슈티컬(OQP)로 바꾸고 난소암 치료제를 개발 중이다. 캐나다 기업이던 온코퀘스트가 자금 부족으로 미국 임상 3상에 난항을 겪자 이 회사의 무형 자산을 매입해 미국 임상을 이끌고 있다.<br />\r\n<br data-index="4" />\r\n폐쇄회로TV(CCTV) 제조업체인 뉴지랩도 2019년 미국에 자회사 뉴지랩파마를 설립한 뒤 지난달 아리제약을 인수해 신약 개발&middot;생산&middot;인허가&middot;유통체계를 모두 구축했다. 올 상반기 암세포를 굶겨 죽이는 방식의 대사항암제 임상 1&middot;2상을 미국 FDA에 신청할 계획이다.</p>\r\n\r\n<p>업계 관계자는 &ldquo;미래 전망이 밝다는 이유로 수많은 기업이 바이오 분야에 뛰어드는 모양새&rdquo;라며 &ldquo;하지만 신약 개발은 수십 년 동안 한우물을 판 제약업체들에도 버거운 과제인 만큼 철저하게 준비한 뒤 뛰어들어야 실패 확률을 떨어뜨릴 수 있다&rdquo;고 말했다.<br />\r\n<br data-index="6" />\r\n이주현 기자 deep@hankyung.com</p>\r\n\r\n<p>ⓒ 한경닷컴, 무단전재 및 재배포 금지</p>\r\n\r\n<p>출처&nbsp;<span style="text-autospace:none"><span style="letter-spacing:0pt"><span lang="EN-US" style="letter-spacing:0pt">https://www.hankyung.com/it/article/2021032252221</span></span></span></p>\r\n', 20, '2021-03-26 00:37:24', '2021-04-07 01:33:42', '', ''),
	(6, 10001, '210.95.41.129', '5a4c2776-9b77-47d3-b4a1-9ac75685c267.png', '코로나도 비켜간 중기 3가지 키워드 ‘친환경, 비대면, 바이오’', '<p><span style="font-size:16.0pt"><span style="text-autospace:none"><span style="letter-spacing:0pt"><span style="font-size:16.0pt"><span style="font-family:맑은 고딕">코로나도 비켜간 중기 </span></span><span lang="EN-US" style="font-size:16.0pt"><span style="font-family:맑은 고딕"><span style="letter-spacing:0pt">3</span></span></span><span style="font-size:16.0pt"><span style="font-family:맑은 고딕">가지 키워드 </span></span><span lang="EN-US" style="font-size:16.0pt"><span style="font-family:맑은 고딕"><span style="letter-spacing:0pt">&lsquo;</span></span></span><span style="font-size:16.0pt"><span style="font-family:맑은 고딕">친환경</span></span><span lang="EN-US" style="font-size:16.0pt"><span style="font-family:맑은 고딕"><span style="letter-spacing:0pt">, </span></span></span><span style="font-size:16.0pt"><span style="font-family:맑은 고딕">비대면</span></span><span lang="EN-US" style="font-size:16.0pt"><span style="font-family:맑은 고딕"><span style="letter-spacing:0pt">, </span></span></span><span style="font-size:16.0pt"><span style="font-family:맑은 고딕">바이오</span></span><span lang="EN-US" style="font-size:16.0pt"><span style="font-family:맑은 고딕"><span style="letter-spacing:0pt">&rsquo;</span></span></span></span></span></span></p>\r\n\r\n<p>&nbsp;</p>\r\n\r\n<p><span style="font-size:13.0pt"><span style="text-autospace:none"><span style="font-size:13.0pt"><span style="font-family:맑은 고딕">코로나</span></span><span lang="EN-US" style="font-size:13.0pt"><span style="font-family:맑은 고딕"><span style="letter-spacing:0pt">19</span></span></span><span style="font-size:13.0pt"><span style="font-family:맑은 고딕">에도 불구</span></span><span lang="EN-US" style="font-size:13.0pt"><span style="font-family:맑은 고딕"><span style="letter-spacing:0pt">, </span></span></span><span style="font-size:13.0pt"><span style="font-family:맑은 고딕">친환경</span></span><span lang="EN-US" style="font-size:13.0pt"><span style="font-family:맑은 고딕"><span style="letter-spacing:0pt">&middot;</span></span></span><span style="font-size:13.0pt"><span style="font-family:맑은 고딕">비대면</span></span><span lang="EN-US" style="font-size:13.0pt"><span style="font-family:맑은 고딕"><span style="letter-spacing:0pt">&middot;</span></span></span><span style="font-size:13.0pt"><span style="font-family:맑은 고딕">바이오 분야 중소벤처기업은 선방</span></span></span></span></p>\r\n\r\n<p><span style="font-family: ">기사입력</span><span lang="EN-US" style="font-family: "><span style="letter-spacing:0pt">: 2021/03/29 [17:56] </span></span><span style="font-family: "><span style="letter-spacing:0pt">ㅣ </span></span><span style="font-family: ">유용식 기자</span></p>\r\n\r\n<p>&nbsp;</p>\r\n\r\n<p class="0"><span style="font-size:11.0pt"><span style="text-autospace:none"><span style="letter-spacing:0pt"><span style="font-size:11.0pt"><span style="font-family:맑은 고딕">중소벤처기업진흥공단</span></span><span lang="EN-US" style="font-size:11.0pt"><span style="font-family:맑은 고딕"><span style="letter-spacing:0pt">(</span></span></span><span style="font-size:11.0pt"><span style="font-family:맑은 고딕">이하 중진공</span></span><span lang="EN-US" style="font-size:11.0pt"><span style="font-family:맑은 고딕"><span style="letter-spacing:0pt">)</span></span></span><span style="font-size:11.0pt"><span style="font-family:맑은 고딕">이 현장부서에서 수집한 사례를 조사 분석한 업종별 경기전망 기상도와 동향이 담긴 </span></span><span lang="EN-US" style="font-size:11.0pt"><span style="font-family:맑은 고딕"><span style="letter-spacing:0pt">&lsquo;</span></span></span><span style="font-size:11.0pt"><span style="font-family:맑은 고딕">중소벤처기업 현장조사 브리프</span></span><span lang="EN-US" style="font-size:11.0pt"><span style="font-family:맑은 고딕"><span style="letter-spacing:0pt">&rsquo;</span></span></span><span style="font-size:11.0pt"><span style="font-family:맑은 고딕">를 발간했다</span></span><span lang="EN-US" style="font-size:11.0pt"><span style="font-family:맑은 고딕"><span style="letter-spacing:0pt">.</span></span></span></span></span></span></p>\r\n\r\n<p class="0"><span style="font-size:11.0pt"><span style="text-autospace:none"><span style="letter-spacing:0pt"><span style="font-size:11.0pt"><span style="font-family:맑은 고딕">보고서에 따르면 코로나</span></span><span lang="EN-US" style="font-size:11.0pt"><span style="font-family:맑은 고딕"><span style="letter-spacing:0pt">19 </span></span></span><span style="font-size:11.0pt"><span style="font-family:맑은 고딕">장기화로 대내</span></span><span lang="EN-US" style="font-size:11.0pt"><span style="font-family:맑은 고딕"><span style="letter-spacing:0pt">&middot;</span></span></span><span style="font-size:11.0pt"><span style="font-family:맑은 고딕">외적으로 어려운 상황 속에서도 중소벤처기업은 경기가 점차 개선되고 있음을 체감하고 있었으나</span></span><span lang="EN-US" style="font-size:11.0pt"><span style="font-family:맑은 고딕"><span style="letter-spacing:0pt">, </span></span></span><span style="font-size:11.0pt"><span style="font-family:맑은 고딕">지역과 업종에 따른 격차가 있는 것으로 나타났다</span></span><span lang="EN-US" style="font-size:11.0pt"><span style="font-family:맑은 고딕"><span style="letter-spacing:0pt">.</span></span></span></span></span></span></p>\r\n\r\n<p class="0"><span style="font-size:11.0pt"><span style="text-autospace:none"><span style="letter-spacing:0pt"><span style="font-size:11.0pt"><span style="font-family:맑은 고딕">기계</span></span><span lang="EN-US" style="font-size:11.0pt"><span style="font-family:맑은 고딕"><span style="letter-spacing:0pt">, </span></span></span><span style="font-size:11.0pt"><span style="font-family:맑은 고딕">섬유 등 전통제조업은 코로나</span></span><span lang="EN-US" style="font-size:11.0pt"><span style="font-family:맑은 고딕"><span style="letter-spacing:0pt">19</span></span></span><span style="font-size:11.0pt"><span style="font-family:맑은 고딕">로 큰 타격을 받고 있었지만 친환경</span></span><span lang="EN-US" style="font-size:11.0pt"><span style="font-family:맑은 고딕"><span style="letter-spacing:0pt">, </span></span></span><span style="font-size:11.0pt"><span style="font-family:맑은 고딕">비대면</span></span><span lang="EN-US" style="font-size:11.0pt"><span style="font-family:맑은 고딕"><span style="letter-spacing:0pt">, </span></span></span><span style="font-size:11.0pt"><span style="font-family:맑은 고딕">바이오 분야는 다른 업종에 비해 선방했으며</span></span><span lang="EN-US" style="font-size:11.0pt"><span style="font-family:맑은 고딕"><span style="letter-spacing:0pt">, </span></span></span><span style="font-size:11.0pt"><span style="font-family:맑은 고딕">향후에도 지속적인 성장이 예상됐다</span></span><span lang="EN-US" style="font-size:11.0pt"><span style="font-family:맑은 고딕"><span style="letter-spacing:0pt">.</span></span></span></span></span></span></p>\r\n\r\n<p class="0"><span style="font-size:11.0pt"><span style="text-autospace:none"><span style="letter-spacing:0pt"><span style="font-size:11.0pt"><span style="font-family:맑은 고딕">친환경 분야에서 특히 전기차 등 친환경차는 지난해 코로나에도 불구하고 내수와 수출이 모두 역대 최고기록을 달성했다</span></span><span lang="EN-US" style="font-size:11.0pt"><span style="font-family:맑은 고딕"><span style="letter-spacing:0pt">. </span></span></span></span></span></span></p>\r\n\r\n<p class="0"><span style="font-size:11.0pt"><span style="text-autospace:none"><span style="letter-spacing:0pt"><span style="font-size:11.0pt"><span style="font-family:맑은 고딕">또 전기차</span></span><span lang="EN-US" style="font-size:11.0pt"><span style="font-family:맑은 고딕"><span style="letter-spacing:0pt">, </span></span></span><span style="font-size:11.0pt"><span style="font-family:맑은 고딕">수소차 등 친환경 미래 자동차 부품과 전기자전거 등 </span></span><span lang="EN-US" style="font-size:11.0pt"><span style="font-family:맑은 고딕"><span style="letter-spacing:0pt">e-</span></span></span><span style="font-size:11.0pt"><span style="font-family:맑은 고딕">모빌리티 분야의 제조업체가 크게 성장했다</span></span><span lang="EN-US" style="font-size:11.0pt"><span style="font-family:맑은 고딕"><span style="letter-spacing:0pt">.</span></span></span></span></span></span></p>\r\n\r\n<p class="0"><span style="font-size:11.0pt"><span style="text-autospace:none"><span style="letter-spacing:0pt"><span style="font-size:11.0pt"><span style="font-family:맑은 고딕">조선업계는 지난해 수주액이 </span></span><span lang="EN-US" style="font-size:11.0pt"><span style="font-family:맑은 고딕"><span style="letter-spacing:0pt">182</span></span></span><span style="font-size:11.0pt"><span style="font-family:맑은 고딕">억 </span></span><span lang="EN-US" style="font-size:11.0pt"><span style="font-family:맑은 고딕"><span style="letter-spacing:0pt">8000</span></span></span><span style="font-size:11.0pt"><span style="font-family:맑은 고딕">만 달러로 전년 대비 </span></span><span lang="EN-US" style="font-size:11.0pt"><span style="font-family:맑은 고딕"><span style="letter-spacing:0pt">19.9% </span></span></span><span style="font-size:11.0pt"><span style="font-family:맑은 고딕">감소했으나</span></span><span lang="EN-US" style="font-size:11.0pt"><span style="font-family:맑은 고딕"><span style="letter-spacing:0pt">, </span></span></span><span style="font-size:11.0pt"><span style="font-family:맑은 고딕">올해는 환경규제로 인한 노후선 교체와 </span></span><span lang="EN-US" style="font-size:11.0pt"><span style="font-family:맑은 고딕"><span style="letter-spacing:0pt">LNG </span></span></span><span style="font-size:11.0pt"><span style="font-family:맑은 고딕">등 친환경 선박 수요 증가로 선박부품 제조 중소업체들의 매출 증대가 전망된다</span></span><span lang="EN-US" style="font-size:11.0pt"><span style="font-family:맑은 고딕"><span style="letter-spacing:0pt">.</span></span></span></span></span></span></p>\r\n\r\n<p class="0"><span style="font-size:11.0pt"><span style="text-autospace:none"><span style="letter-spacing:0pt"><span style="font-size:11.0pt"><span style="font-family:맑은 고딕">비대면 경제 확산과 관련이 깊은 신선식품 등 콜드체인 물류 분야</span></span><span lang="EN-US" style="font-size:11.0pt"><span style="font-family:맑은 고딕"><span style="letter-spacing:0pt">, </span></span></span><span style="font-size:11.0pt"><span style="font-family:맑은 고딕">반도체</span></span><span lang="EN-US" style="font-size:11.0pt"><span style="font-family:맑은 고딕"><span style="letter-spacing:0pt">&middot;</span></span></span><span style="font-size:11.0pt"><span style="font-family:맑은 고딕">디스플레이 등 전기전자 분야</span></span><span lang="EN-US" style="font-size:11.0pt"><span style="font-family:맑은 고딕"><span style="letter-spacing:0pt">, </span></span></span><span style="font-size:11.0pt"><span style="font-family:맑은 고딕">원격의료 및 비대면 건강관리 등 스마트헬스케어 분야</span></span><span lang="EN-US" style="font-size:11.0pt"><span style="font-family:맑은 고딕"><span style="letter-spacing:0pt">, </span></span></span><span style="font-size:11.0pt"><span style="font-family:맑은 고딕">빅데이터</span></span><span lang="EN-US" style="font-size:11.0pt"><span style="font-family:맑은 고딕"><span style="letter-spacing:0pt">&middot;AI </span></span></span><span style="font-size:11.0pt"><span style="font-family:맑은 고딕">분야는 코로나 무풍지대로 지난해 매출이 크게 상승했고</span></span><span lang="EN-US" style="font-size:11.0pt"><span style="font-family:맑은 고딕"><span style="letter-spacing:0pt">, </span></span></span><span style="font-size:11.0pt"><span style="font-family:맑은 고딕">올해도 성장을 이어갈 것으로 기대된다</span></span><span lang="EN-US" style="font-size:11.0pt"><span style="font-family:맑은 고딕"><span style="letter-spacing:0pt">.</span></span></span></span></span></span></p>\r\n\r\n<p class="0"><span style="font-size:11.0pt"><span style="text-autospace:none"><span style="letter-spacing:0pt"><span style="font-size:11.0pt"><span style="font-family:맑은 고딕">마지막으로 바이오헬스 분야는 </span></span><span lang="EN-US" style="font-size:11.0pt"><span style="font-family:맑은 고딕"><span style="letter-spacing:0pt">K-</span></span></span><span style="font-size:11.0pt"><span style="font-family:맑은 고딕">방역의 우수성을 바탕으로 진단키트</span></span><span lang="EN-US" style="font-size:11.0pt"><span style="font-family:맑은 고딕"><span style="letter-spacing:0pt">, </span></span></span><span style="font-size:11.0pt"><span style="font-family:맑은 고딕">인공호흡기기 등 한국 의료기기 제품의 글로벌 수요가 크게 증가하며 새로운 수출동력으로 부상하고 있는 것으로 나타났다</span></span><span lang="EN-US" style="font-size:11.0pt"><span style="font-family:맑은 고딕"><span style="letter-spacing:0pt">.</span></span></span></span></span></span></p>\r\n\r\n<p class="0"><span style="font-size:11.0pt"><span style="text-autospace:none"><span style="letter-spacing:0pt"><span style="font-size:11.0pt"><span style="font-family:맑은 고딕">중진공은 이번 현장조사 브리프에서 정부의 중점 지원분야인 </span></span><span lang="EN-US" style="font-size:11.0pt"><span style="font-family:맑은 고딕"><span style="letter-spacing:0pt">BIG3(</span></span></span><span style="font-size:11.0pt"><span style="font-family:맑은 고딕">미래차</span></span><span lang="EN-US" style="font-size:11.0pt"><span style="font-family:맑은 고딕"><span style="letter-spacing:0pt">&middot;</span></span></span><span style="font-size:11.0pt"><span style="font-family:맑은 고딕">반도체</span></span><span lang="EN-US" style="font-size:11.0pt"><span style="font-family:맑은 고딕"><span style="letter-spacing:0pt">&middot;</span></span></span><span style="font-size:11.0pt"><span style="font-family:맑은 고딕">바이오</span></span><span lang="EN-US" style="font-size:11.0pt"><span style="font-family:맑은 고딕"><span style="letter-spacing:0pt">) </span></span></span><span style="font-size:11.0pt"><span style="font-family:맑은 고딕">분야와 규제자유특구 분야 중소벤처기업의 목소리도 함께 소개했다</span></span><span lang="EN-US" style="font-size:11.0pt"><span style="font-family:맑은 고딕"><span style="letter-spacing:0pt">. </span></span></span><span style="font-size:11.0pt"><span style="font-family:맑은 고딕">동 보고서는 중진공 홈페이지</span></span><span lang="EN-US" style="font-size:11.0pt"><span style="font-family:맑은 고딕"><span style="letter-spacing:0pt">&middot;</span></span></span><span style="font-size:11.0pt"><span style="font-family:맑은 고딕">알림광장</span></span><span lang="EN-US" style="font-size:11.0pt"><span style="font-family:맑은 고딕"><span style="letter-spacing:0pt">&middot;</span></span></span><span style="font-size:11.0pt"><span style="font-family:맑은 고딕">발간자료</span></span><span lang="EN-US" style="font-size:11.0pt"><span style="font-family:맑은 고딕"><span style="letter-spacing:0pt">&middot;KOSME</span></span></span><span style="font-size:11.0pt"><span style="font-family:맑은 고딕">연구리서치에서 확인 할 수 있다</span></span><span lang="EN-US" style="font-size:11.0pt"><span style="font-family:맑은 고딕"><span style="letter-spacing:0pt">.</span></span></span></span></span></span></p>\r\n\r\n<p class="0"><span style="font-size:11.0pt"><span style="text-autospace:none"><span style="letter-spacing:0pt"><span style="font-size:11.0pt"><span style="font-family:맑은 고딕">김학도 이사장은 </span></span><span lang="EN-US" style="font-size:11.0pt"><span style="font-family:맑은 고딕"><span style="letter-spacing:0pt">&ldquo;</span></span></span><span style="font-size:11.0pt"><span style="font-family:맑은 고딕">중진공이 보유한 전국 현장 조직의 장점을 활용해 중소벤처기업의 현장 동향과 애로사항을 수시로 파악 중이다</span></span><span lang="EN-US" style="font-size:11.0pt"><span style="font-family:맑은 고딕"><span style="letter-spacing:0pt">&rdquo;</span></span></span><span style="font-size:11.0pt"><span style="font-family:맑은 고딕">면서 </span></span><span lang="EN-US" style="font-size:11.0pt"><span style="font-family:맑은 고딕"><span style="letter-spacing:0pt">&ldquo;</span></span></span><span style="font-size:11.0pt"><span style="font-family:맑은 고딕">코로나로 큰 타격을 받고 있는 전통제조업 기업에게는 긴급경영안정자금이나 사업전환을 알맞은 때에 지원하고</span></span><span lang="EN-US" style="font-size:11.0pt"><span style="font-family:맑은 고딕"><span style="letter-spacing:0pt">, </span></span></span><span style="font-size:11.0pt"><span style="font-family:맑은 고딕">친환경</span></span><span lang="EN-US" style="font-size:11.0pt"><span style="font-family:맑은 고딕"><span style="letter-spacing:0pt">&middot;</span></span></span><span style="font-size:11.0pt"><span style="font-family:맑은 고딕">비대면</span></span><span lang="EN-US" style="font-size:11.0pt"><span style="font-family:맑은 고딕"><span style="letter-spacing:0pt">&middot;</span></span></span><span style="font-size:11.0pt"><span style="font-family:맑은 고딕">바이오 등 유망분야 기업에게는 시설투자와 해외진출 등을 지원해 한 발 더 성장할 수 있도록 적극 뒷받침하겠다</span></span><span lang="EN-US" style="font-size:11.0pt"><span style="font-family:맑은 고딕"><span style="letter-spacing:0pt">&rdquo;</span></span></span><span style="font-size:11.0pt"><span style="font-family:맑은 고딕">고 밝혔다</span></span><span lang="EN-US" style="font-size:11.0pt"><span style="font-family:맑은 고딕"><span style="letter-spacing:0pt">. </span></span></span></span></span></span></p>\r\n\r\n<p class="0"><span style="font-size:11.0pt"><span style="text-autospace:none"><span style="font-size:11.0pt"><span style="font-family:맑은 고딕"><span style="letter-spacing:0pt">ⓒ </span></span></span><span style="font-size:11.0pt"><span style="font-family:맑은 고딕">뉴스경남</span></span><span lang="EN-US" style="font-size:11.0pt"><span style="font-family:맑은 고딕"><span style="letter-spacing:0pt">. </span></span></span><span style="font-size:11.0pt"><span style="font-family:맑은 고딕">무단전재 및 재배포 금지</span></span></span></span></p>\r\n\r\n<p class="0"><span style="font-size:11.0pt"><span style="text-autospace:none"><span style="font-size:11.0pt"><span style="font-family:맑은 고딕">출처&nbsp;http://www.newsgn.com/302196</span></span></span></span></p>\r\n\r\n<p class="0"><span style="text-autospace:none">&nbsp; </span></p>\r\n\r\n<p class="0"><span style="text-autospace:none">&nbsp; </span></p>\r\n', 9, '2021-03-30 06:46:50', '2021-04-06 08:51:52', '', ''),
	(7, 10001, '210.95.41.129', '130b6e55-fc65-4f3b-ad0e-9581942a87c6.png', '국내 제약바이오·헬스 분야 최대규모 기술이전-투자포럼 7월 열린다', '<header>\r\n<p class="0"><strong><span style="font-size:16.0pt"><span style="text-autospace:none"><span style="font-size:16.0pt"><span style="font-family:맑은 고딕">국내 제약바이오</span></span><span lang="EN-US" style="font-size:16.0pt"><span style="font-family:맑은 고딕"><span style="letter-spacing:0pt">&middot;</span></span></span><span style="font-size:16.0pt"><span style="font-family:맑은 고딕">헬스 분야 최대규모 기술이전</span></span><span lang="EN-US" style="font-size:16.0pt"><span style="font-family:맑은 고딕"><span style="letter-spacing:0pt">-</span></span></span><span style="font-size:16.0pt"><span style="font-family:맑은 고딕">투자포럼 </span></span><span lang="EN-US" style="font-size:16.0pt"><span style="font-family:맑은 고딕"><span style="letter-spacing:0pt">7</span></span></span><span style="font-size:16.0pt"><span style="font-family:맑은 고딕">월 열린다</span></span></span></span></strong></p>\r\n\r\n<section>\r\n<p>&nbsp;이권구&nbsp; &nbsp;I&nbsp; &nbsp;kwon9@pharmnews.com&nbsp; I&nbsp; &nbsp;승인 2021.04.01 06:00</p>\r\n</section>\r\n</header>\r\n\r\n<section>\r\n<article>\r\n<p>&nbsp;</p>\r\n\r\n<p>&#39;인터비즈 바이오 파트너링&amp;투자포럼 2021&#39;...7월 7일-9일 제주 섭지코지<br />\r\n&#39;포스트 코로나 시대 파트너링을 통한 글로벌 K-바이오헬스 위상 강화&#39;슬로건<br />\r\n6월15일까지 신청접수</p>\r\n\r\n<p>&nbsp;</p>\r\n\r\n<p>&nbsp;</p>\r\n\r\n<p>국내 제약바이오 및 헬스케어기업 기술 이전과 투자파트너십을 위한&nbsp;&#39;제19회 인터비즈 바이오 파트너링&amp;투자포럼 2021&#39;(the 19th InterBiz Bio Partnering &amp; Investment Forum 2021)이 오는 7월 7일부터 9일까지 제주도 휘닉스 섭지코지에서 열린다.</p>\r\n\r\n<p>한국대학기술이전협회 한국발명진흥회 한국보건산업진흥원 한국생명공학연구원 한국연구소기술이전협회 한국특허전략개발원 순천향대학교 과학기술일자리진흥원 한국신약개발연구조합&nbsp;주관,&nbsp;제약&middot;바이오헬스산업 관련 정부부처 및 지자체 후원으로 열리는&nbsp;이번 파트너링&amp;투자포럼(슬로건 :&nbsp;&#39;포스트 코로나 시대 파트너링을 통한 글로벌 K-바이오헬스 위상 강화&#39;)은&nbsp;국내 제약&middot;바이오헬스산업 분야 최대 규모&nbsp;산․학․연․벤처․스타트업기업 및 보건의료관련기관 간 기술이전 장이다.</p>\r\n\r\n<p>참가대상은&nbsp;제약기업, 바이오기업, 벤처기업, 스타트업기업, 대학, 정부출연연구기관, 의료기관, 보건의료관련기관, 지역바이오클러스터 운영기관, 기술지주회사, 기술인큐베이션기관, 투자기관, CROs, CMOs, CSOs, 법무법인, 특허법인, 기술거래기관, 컨설팅업체 등으로, 의약품(화합물, 바이오, 천연물, 백신, 첨단바이오, 디지털헬스 등) 관련 기술 제품, 건강기능성제품(식품, 화장품) 관련 기술 제품, 기능성소재(의약용, 식품용, 화장품용) 관련 기술&nbsp;제품, 메디칼디바이스 관련기술 제품, 인프라/융복합기술(핵심기술, 원천기술, 생산기술, 평가/분석기술, 융복합기술 등)에 대한 기술이전 및 투자논의와&nbsp;참가업체들 간 M&amp;A 및 마케팅 제휴, 보유기술(제품) 글로벌시장 공동개척 등이 집중적으로 진행된다.</p>\r\n\r\n<p>참가등록기간은 3월 31일부터 6월 15일까지로 &#39;인터비즈 바이오 파트너링&amp;투자포럼 2021&#39; 홈페이지(www.interbiz.or.kr)에서 신청접수한다.</p>\r\n\r\n<p>포럼 주최측 관계자는 &quot; 이 행사는 국내 제약&middot;바이오&middot;벤처&middot;스타트업기업, 정부출연연구기관, 대학, 보건의료관련기관 등 &nbsp;개별 연구개발 주체가 보유하고 있는 제약&middot;바이오헬스산업분야 유망기술 등 보유역량에 대해 실수요자와&nbsp;기술이전, 라이센싱, 공동연구, 투자유치 등을 통해 기술확산 및 상업화를 촉진하고, 국내 보유역량&nbsp;총결집을 통한 기술수요자와 공급자간 온라인&middot;오프라인 협력환경 조성을 목적으로 진행되느니&nbsp;만큼, 제약바이오사업 관련 기업 단체 연구소 컨설팅&nbsp;투자기관 등에 좋은 기회가 될 것&quot;이라고 전했다.</p>\r\n\r\n<p>저작권자 &copy; 팜뉴스 무단전재 및 재배포 금지</p>\r\n\r\n<p>출처&nbsp;<span style="text-autospace:none"><span style="letter-spacing:0pt"><span lang="EN-US" style="letter-spacing:0pt">https://www.pharmnews.com/news/articleView.html?idxno=103574</span></span></span></p>\r\n</article>\r\n</section>\r\n', 11, '2021-04-05 01:40:34', '2021-04-06 08:51:37', '', ''),
	(8, 10001, '210.95.41.129', '4e80a257-b856-43b9-b963-1c778eb3cfaf.jpg', '바이오헬스·의약품 1분기 수출 흑자로 시작', '<header>\r\n<p class="0"><span style="font-size:16.0pt"><span style="text-autospace:none"><span style="font-size:16.0pt"><span style="font-family:함초롬바탕">바이오헬스</span></span><span lang="EN-US" style="font-size:16.0pt"><span style="letter-spacing:0pt">&middot;</span></span><span style="font-size:16.0pt"><span style="font-family:함초롬바탕">의약품 </span></span><span lang="EN-US" style="font-size:16.0pt"><span style="letter-spacing:0pt">1</span></span><span style="font-size:16.0pt"><span style="font-family:함초롬바탕">분기 수출 흑자로 시작</span></span></span></span></p>\r\n\r\n<article>\r\n<p><i>기자명</i>&nbsp;정윤식 기자&nbsp; &nbsp; &nbsp;I&nbsp; &nbsp; &nbsp;입력 2021.04.05 06:02&nbsp; &nbsp; &nbsp;I&nbsp; &nbsp; &nbsp;수정 2021.04.05 09:40​​​​​​</p>\r\n</article>\r\n&nbsp;\r\n\r\n<article>\r\n<p>각각 전년 동기간 대비 56%, 70% 상승&hellip;바이오시밀러 시장 확대<br />\r\n19개월 연속 흑자로 실적 견고해&hellip;진단키트 각국 수요 지속 증가</p>\r\n</article>\r\n</header>\r\n\r\n<section id="articleViewCon">\r\n<article>\r\n<article id="article-view-content-div" itemprop="articleBody">\r\n<figure data-idxno="72626" data-type="photo"><img alt="이미지출처: 포토파크닷컴" src="https://cdn.monews.co.kr/news/photo/202104/302946_72626_5622.jpg" />\r\n<figcaption>이미지출처: 포토파크닷컴</figcaption>\r\n</figure>\r\n\r\n<p>&nbsp;</p>\r\n\r\n<p>[메디칼업저버 정윤식 기자]&nbsp;바이오헬스와 의약품 분야 수출이 19개월 연속 흑자를 내면서 국내 산업계 전반의 수출 상승을 이끄는 데 한몫 하고 있는 것으로 나타났다.</p>\r\n\r\n<p>산업통산자원부의 2021년 1~3월 수출&middot;입 동향 및 관세청 통관자료, 무역통계 분석 등을 토대로 한 통관실적 잠정치 기준에 따르면 올해 3월 누적 전체 산업계 수출액은 약 1466억달러다.</p>\r\n\r\n<p>이중 바이오헬스 분야 수출액은 약 40억 4500만달러이고 의약품 분야는 23억 2500만달러를 기록했다.</p>\r\n\r\n<p>이는 2020년 동기간(1~3월)에 비해 각각 56.3%, 69.7%가량 상승한 수치다.</p>\r\n\r\n<p>구체적으로 살펴보면 바이오헬스 분야 수출의 경우 지난해 1월 7억 7100만달러에서 12억 8900만달러로 약 71% 증가했고, 2월은 7억 8000만달러에서 12억 6700만달러(67.3%), 3월은 10억 3700만달러에서 14억 8900만달러(43.6%)로 꾸준한 상승세를 보였다.</p>\r\n\r\n<p>의약품 또한 1~3월 각각 79.3%(4억달러&rarr;7억 3400만달러), 91.5%(3억 8700만달러&rarr;7억 4200만달러), 47.9%(5억 7400만달러&rarr;8억 4900만달러) 수출이 증가했다.&nbsp;</p>\r\n\r\n<p>바이오헬스와 의약품 분야는 2020년에도 2019년에 비해 매월 수출 증가율을 새롭게 갱신했지만 2021년의 증가율 폭이 유독 높다.</p>\r\n\r\n<p>아울러 바이오헬스 및 의약품 분야의 수출 증가는 연초인 1월과 2월에 비해 줄었지만 여전히 두 자릿수를 유지 중이며 19개월 연속 증가하고 있다.</p>\r\n\r\n<p>이와 관련 산업부는 &quot;노년층 및 만성질환자 증가로 바이오시밀러 시장이 확대됐기 때문으로 보인다&quot;고 분석했다.&nbsp;</p>\r\n\r\n<p>이어 &quot;코로나19(COVID-19) 장기화로 진단키트에 대한 세계 각국의 수요가 이어지면서 유럽연합 등 주요 지역으로 향하는 바이오헬스 수출이 대폭 상승했다&quot;고 덧붙였다.</p>\r\n\r\n<figure data-idxno="72627" data-type="photo"><img alt="" src="https://cdn.monews.co.kr/news/photo/202104/302946_72627_5636.jpg" />\r\n<figcaption>&nbsp;</figcaption>\r\n</figure>\r\n\r\n<p>3월 한 달간 주요 국가의 바이오헬스 분야 수출액과 증감율을 보면 EU가 5억 9000만달러로 지난해 같은 기간 보다 138.1%가량 증가해 1위였다.&nbsp;</p>\r\n\r\n<p>그 뒤를 중국(9000만달러, 43.7% 증가) 및 기타 아시아 국가(8000만달러, 25.6% 증가) 등이 잇고 있다.</p>\r\n\r\n<p>2021년 3월(1일~25일) 기준 산업계 전체 수출액은 전년 같은 기간대비 16.6% 증가한 538억 3000만달러다.&nbsp;</p>\r\n\r\n<p>수입은 18.8% 증가해 496억 5000만달러를 기록했으며, 무역수지는 41억 7000만달러로 11개월 연속 흑자였다.&nbsp;&nbsp;</p>\r\n\r\n<p>전체 산업계 수출 증가율 16.6%라는 수치는 2년 5개월 동안 가장 높았던 기록이며, 특히 일평균 수출이 2개월 연속 두 자릿수로 증가하는 등 호조세가 이어지고 있다.&nbsp;</p>\r\n\r\n<p>또한 2021년 3월에만 538억 3000만달러의 수출액을 달성했는데, 이는 우리나라 수출역사상 세 번째로 높은 실적(월)이다.</p>\r\n\r\n<p>산업부는 &quot;3년 만에 5개월 연속 수출이 증가해 좋은 흐름이 이어지고 있다&quot;며 &quot;역대 3월 중 총 수출액과 일평균 수출액이 모두 1위를 차지했는데, 대부분의 주력 품목들이 고르게 성장해 실적에 기여했다&quot;고 설명했다.</p>\r\n\r\n<p>이어 &quot;현재의 순항이 지속될 수 있도록 무역 리스크에 대한 철저한 관리가 필요한 시점&quot;이라며 &quot;관련부처와 민간이 합심해 물류차질, 수급 등의 리스크에&nbsp;대한 모니터링을 강화하고 수출 관련 기업들의 애로사항 해소를 적극 지원하겠다&quot;고 부연했다.</p>\r\n</article>\r\n\r\n<p><button data-emoji="recom_good" type="button"></button></p>\r\n</article>\r\n</section>\r\n', 6, '2021-04-12 00:20:46', '2021-04-19 00:42:04', '', ''),
	(9, 10001, '112.168.255.194', '62dbd41c-2eda-4448-9945-09abd1853b0f.jpg', '미래차·바이오헬스·반도체·인공지능 혁신인재 7만 명 양성', '<p class="0"><span style="font-size:16.0pt"><span style="text-autospace:none"><span style="font-size:16.0pt"><span style="font-family:맑은 고딕">미래차</span></span><span lang="EN-US" style="font-size:16.0pt"><span style="font-family:맑은 고딕"><span style="letter-spacing:0pt">&middot;</span></span></span><span style="font-size:16.0pt"><span style="font-family:맑은 고딕">바이오헬스</span></span><span lang="EN-US" style="font-size:16.0pt"><span style="font-family:맑은 고딕"><span style="letter-spacing:0pt">&middot;</span></span></span><span style="font-size:16.0pt"><span style="font-family:맑은 고딕">반도체</span></span><span lang="EN-US" style="font-size:16.0pt"><span style="font-family:맑은 고딕"><span style="letter-spacing:0pt">&middot;</span></span></span><span style="font-size:16.0pt"><span style="font-family:맑은 고딕">인공지능 혁신인재 </span></span><span lang="EN-US" style="font-size:16.0pt"><span style="font-family:맑은 고딕"><span style="letter-spacing:0pt">7</span></span></span><span style="font-size:16.0pt"><span style="font-family:맑은 고딕">만 명 양성</span></span></span></span></p>\r\n\r\n<ul>\r\n	<li><a href="https://www.nocutnews.co.kr/reporter/168">CBS노컷뉴스 황명문 기자</a>&nbsp; &nbsp;I&nbsp; &nbsp;2021-04-14 15:05</li>\r\n</ul>\r\n\r\n<p>&nbsp;&nbsp;</p>\r\n\r\n<p class="0"><span style="font-size:16.0pt"><span style="text-autospace:none"><span style="font-size:16.0pt"><span style="font-family:맑은 고딕">유은혜 부총리</span></span><span lang="EN-US" style="font-size:16.0pt"><span style="font-family:맑은 고딕"><span style="letter-spacing:0pt">, </span></span></span><span style="font-size:16.0pt"><span style="font-family:맑은 고딕">사회관계장관회의서 </span></span><span lang="EN-US" style="font-size:16.0pt"><span style="font-family:맑은 고딕"><span style="letter-spacing:0pt">&#39;</span></span></span><span style="font-size:16.0pt"><span style="font-family:맑은 고딕">빅</span></span><span lang="EN-US" style="font-size:16.0pt"><span style="font-family:맑은 고딕"><span style="letter-spacing:0pt">3&middot;</span></span></span><span style="font-size:16.0pt"><span style="font-family:맑은 고딕">인공지능 인재양성 방안</span></span><span lang="EN-US" style="font-size:16.0pt"><span style="font-family:맑은 고딕"><span style="letter-spacing:0pt">&#39; </span></span></span><span style="font-size:16.0pt"><span style="font-family:맑은 고딕">발표</span></span></span></span></p>\r\n\r\n<p><img alt="" src="https://file2.nocutnews.co.kr/newsroom/image/2021/04/14/202104141502207750_0.jpg" /></p>\r\n\r\n<p>유은혜 사회부총리 겸 교육부 장관. 연합뉴스</p>\r\n\r\n<p>정부가 오는 2025년까지 미래자동차, 바이오헬스, 시스템반도체, 인공지능(AI) 등 4개 분야 신산업 인재 7만명 이상을 육성한다.<br />\r\n<br />\r\n유은혜 부총리 겸 교육부장관은 14일 정부세종청사에서 제6차 사회관계 장관회의 겸 제2차 사람 투자 인재 양성협의회를 열어 &#39;빅3+AI 인재 양성 방안&#39;을 확정했다.</p>\r\n\r\n<p><br />\r\n&#39;빅3+AI&#39;는 혁신성장을 견인할 새로운 핵심 동력으로 미래차, 바이오헬스, 시스템반도체, AI 등 4개 분야를 말한다.<br />\r\n<br />\r\n정부는 9개 부처에 나눠져있던 인재 양성 정책을 통합해 시너지 효과를 낼 수 있도록 사람 투자&middot;인재 양성 협의회 산하 특별팀(TF)을 구성해 2025년까지 4개 분야 인재 7만명 이상을 양성하기로 했다.<br />\r\n<br />\r\n이를 위해 계열 간 수강 신청 제한을 완화하고 과목별 수강인원을 확대해 전공과 관계없이 누구나 최신 기술을 배울 기회를 제공한다.<br />\r\n<br />\r\n또 학생들이 학점에 대한 부담 없이 신산업 분야 과목을 수강할 수 있도록 절대평가나 P/F 제도도 확산한다.<br />\r\n<br />\r\n신산업 분야 수요에 맞춰 대학 정원을 조정할수 있도록 대학 간 첨단 분야 공동 학과 운영 기준도 마련된다.<br />\r\n<br />\r\n여러 대학이 1개 학과를 공동으로 운영하는 것도 가능하고, 정원 관련 규제도 완화해 편입학 여석이나 결손인원을 활용해 신산업 분야 정원을 늘릴수 있게 된다.<br />\r\n&nbsp;</p>\r\n\r\n<p><img alt="" src="https://file2.nocutnews.co.kr/newsroom/image/2021/04/14/202104141504133439_0.jpg" /></p>\r\n\r\n<p>스마트이미지 제공신산업 분야 고급인재 양성을 위해 대학원 정원조정 비율도 개선할 방침이다.<br />\r\n<br />\r\n현재 학사 정원을 1.5명 줄여야 석사 인원을 1명 늘릴 수 있고, 석사 인원을 2명 줄여야 박사 인원을 1명 증원할 수 있는데 학부나 석사 정원을 덜 줄이는 방안을 마련할 계획이다.<br />\r\n<br />\r\n또 신산업 분야에 한해선 외국 대학 교원의 국내 대학 전임 교원 겸직을 허용하는 특례 조항 입법도 추진한다.</p>\r\n\r\n<p><br />\r\n이날 회의에서는 &#39;자율기반의 개인정보 보호 실천계획&#39;도 논의됐다.<br />\r\n<br />\r\n정부는 &#39;국민 점검기획단&#39;을 구성해 개인정보 침해 요인을 발굴해 개선하는 창구를 마련하고, 개인정보 보호 수준을 스스로 점검하는 &#39;개인정보 보호 종합점검 도구&#39;도 개발해 보급하기로 했다.<br />\r\n<br />\r\n국민이 개인정보를 열람하거나 삭제하기를 요청했을 때 적절히 처리될수 있도록 &#39;표준화된 개인정보 열람&middot;삭제 등 대응 절차&#39;도 마련한다.<br />\r\n<br />\r\n또 웹사이트를 이용할 때 사용하는 비밀번호의 위험성을 확인할 수 있도록 &#39;웹사이트 계정정보 유출 확인 서비스&#39; 시스템도 구축하기로 했다.</p>\r\n\r\n<p>출처&nbsp;<span style="text-autospace:none"><span style="letter-spacing:0pt"><span lang="EN-US" style="letter-spacing:0pt">https://www.nocutnews.co.kr/news/5535425</span></span></span></p>\r\n', 10, '2021-04-15 00:52:02', '2021-04-16 05:29:46', '', '');
INSERT INTO `board_bioinfo` (`SEQ_ID`, `WRITER_ID`, `WRITER_IP`, `REPRESENT_IMAGE`, `TITLE`, `CONTENT`, `VIEW_COUNT`, `CREATED_AT`, `UPDATED_AT`, `FILE_NAME`, `FILE_PATH`) VALUES
	(10, 10001, '210.95.41.129', '0e09a789-70ca-4f5e-8035-965562735e60.png', 'ESG 성과점수·리스크 관리 모범업종은 바이오·헬스케어', '<p class="0"><strong><span style="font-size:16.0pt"><span style="text-autospace:none"><span lang="EN-US" style="font-size:16.0pt"><span style="font-family:맑은 고딕"><span style="letter-spacing:0pt">ESG </span></span></span><span style="font-size:16.0pt"><span style="font-family:맑은 고딕">성과점수</span></span><span lang="EN-US" style="font-size:16.0pt"><span style="font-family:맑은 고딕"><span style="letter-spacing:0pt">&middot;</span></span></span><span style="font-size:16.0pt"><span style="font-family:맑은 고딕">리스크 관리 모범업종은 바이오</span></span><span lang="EN-US" style="font-size:16.0pt"><span style="font-family:맑은 고딕"><span style="letter-spacing:0pt">&middot;</span></span></span><span style="font-size:16.0pt"><span style="font-family:맑은 고딕">헬스케어</span></span></span></span></strong></p>\r\n\r\n<p>머니투데이 황국상기자&nbsp; &nbsp;I&nbsp; &nbsp; 2021.04.15 05:44</p>\r\n\r\n<p>[대한민국 상장사 ESG 리스크 대해부 ①] 3-(2) 바이오&middot;헬스케어 섹터</p>\r\n\r\n<table>\r\n	<tbody>\r\n		<tr>\r\n			<td>\r\n			<table>\r\n				<tbody>\r\n					<tr>\r\n						<td><img alt="ESG 성과점수·리스크 관리 모범업종은 바이오·헬스케어" src="https://thumb.mt.co.kr/06/2021/04/2021041308270371237_1.jpg/dims/optimize/" /></td>\r\n					</tr>\r\n				</tbody>\r\n			</table>\r\n\r\n			<p>&nbsp;</p>\r\n			<a href="https://news.mt.co.kr/mtview.php?no=2021041308270371237#popup" onclick="window.open(\'https://search.mt.co.kr/?kwd=000100&amp;search_type=m\', \'popup\')">유한양행</a>&nbsp;(66,900원&nbsp;<img alt="상승" src="https://menu.mt.co.kr/bil/ico_up1.gif" />1100 1.7%),&nbsp;<a href="https://news.mt.co.kr/mtview.php?no=2021041308270371237#popup" onclick="window.open(\'https://search.mt.co.kr/?kwd=128940&amp;search_type=m\', \'popup\')">한미약품</a>&nbsp;(350,000원&nbsp;<img alt="상승" src="https://menu.mt.co.kr/bil/ico_down1.gif" />8000 -2.2%),&nbsp;<a href="https://news.mt.co.kr/mtview.php?no=2021041308270371237#popup" onclick="window.open(\'https://search.mt.co.kr/?kwd=002390&amp;search_type=m\', \'popup\')">한독</a>&nbsp;(29,100원&nbsp;<img alt="상승" src="https://menu.mt.co.kr/bil/ico_up1.gif" />100 0.3%),&nbsp;<a href="https://news.mt.co.kr/mtview.php?no=2021041308270371237#popup" onclick="window.open(\'https://search.mt.co.kr/?kwd=068270&amp;search_type=m\', \'popup\')">셀트리온</a>&nbsp;(308,000원&nbsp;<img alt="상승" src="https://menu.mt.co.kr/bil/ico_down1.gif" />1500 -0.5%),&nbsp;<a href="https://news.mt.co.kr/mtview.php?no=2021041308270371237#popup" onclick="window.open(\'https://search.mt.co.kr/?kwd=185750&amp;search_type=m\', \'popup\')">종근당</a>&nbsp;(152,000원&nbsp;<img alt="상승" src="https://menu.mt.co.kr/bil/ico_up1.gif" />4000 2.7%),&nbsp;<a href="https://news.mt.co.kr/mtview.php?no=2021041308270371237#popup" onclick="window.open(\'https://search.mt.co.kr/?kwd=207940&amp;search_type=m\', \'popup\')">삼성바이오로직스</a>&nbsp;(813,000원&nbsp;<img alt="상승" src="https://menu.mt.co.kr/bil/ico_up1.gif" />7000 0.9%)&nbsp;등 6개사가 &#39;바이오 및 헬스케어&#39; 섹터에서 ESG(환경&middot;사회&middot;지배구조) 점수가 가장 높은 곳으로 나타났다.<br />\r\n			<br />\r\n			셀트리온은 ESG 리스크 점수가 가장 높았음에도 불구하고 6위권에 이름을 올렸다. ESG 리스크 요인 관리만 잘 하면 순위가 오를 여지가 그만큼 더 많다는 의미다.<br />\r\n			<br />\r\n			빅데이터&middot;AI(인공지능) 기반 ESG 평가기관인 지속가능발전소에 따르면 올 3월말 기준 시가총액 상위 500위 내에 속한 &#39;바이오 및 헬스케어&#39; 섹터 74개 기업 중 ESG 성과점수가 가장 높은 기업은 유한양행(55.79점) 한미약품(54.98점) 한독(54.01점) 셀트리온(52.52점) 종근당(49.48점) 순이었다. 이들 점수는 기업들이 자체 발간한 지속가능보고서나 각급 정부부처가 보유한 기업 관련 공공데이터를 통해 집계됐다.<br />\r\n			<br />\r\n			지속가능발전소는 해당 기업들의 ESG 관련 뉴스를 수집&middot;분석해 산출한 ESG 리스크 점수를 반영한 ESG 통합점수를 따로 뽑아낸다. ESG 리스크 점수가 높을수록 ESG 성과점수에 더 큰 할인율을 적용해 통합점수를 구한다. 이 때문에 성과점수 순위와 통합점수 순위가 뒤바뀌는 경우가 많다.<br />\r\n			<br />\r\n			이를 기준으로 할 때 순위는 다소 바뀐다. 한독이 성과점수만 기준으로 할 때는 3위에 그쳤지만 통합점수 기준으로는 섹터 1위로 올라선다. 한독은 500대 기업 전체 순위에서도 1위를 기록했다. ESG 리스크 점수가 &#39;0.0점&#39;으로 산출된 덕분이다.<br />\r\n			<br />\r\n			유한양행, 한미약품, 종근당도 5위권에 이름을 올렸다. 이들은 ESG 리스크 점수가 1.3점~2.3점으로 상대적으로 성과점수 할인율이 낮게 적용된 덕분이다. 성과점수 순위가 6위에 그쳤던 삼성바이오로직스가 통합점수 기준으로는 새로 5위권에 편입됐다.<br />\r\n			<br />\r\n			반면 셀트리온은 ESG 리스크 점수가 3.1점으로 &#39;매우 높음&#39; 평가를 받았고 이 때문에 통합점수 기준으로는 6위로 밀려났다. 유한양행 등 다른 성과점수 기준 5위권 종목은 물론이고 삼성바이오로직스(1.7점)보다 더 큰 할인율이 적용될 수밖에 없었기 때문이다. 이는 ESG 리스크 점수를 낮추면 성과점수에 적용되는 할인율도 떨어져 통합점수를 높일 수 있다는 것을 의미하기도 한다.<br />\r\n			<br />\r\n			한편 바이오&middot;헬스케어 섹터에서 ESG 통합점수가 가장 낮은 곳은 유틸렉스(43.25점)였고 오스템임플란트(43.38점) 메디톡스(43.74점) 에이프로젠제약(43.92점) 일동제약(43.96점) 등이 하위 5위권에 이름을 올렸다. 이들은 성과점수 자체가 낮아 통합점수가 낮게 나왔고 메디톡스, 일동제약은 ESG 리스크 점수도 각각 2.8점, 1.5점이어서 기존 성과점수가 또 깎인 점이 눈에 띈다.<br />\r\n			<br />\r\n			&nbsp;\r\n			<p>&lt;저작권자 &copy; &lsquo;돈이 보이는 리얼타임 뉴스&rsquo; 머니투데이, 무단전재 및 재배포 금지&gt;</p>\r\n\r\n			<p>출처&nbsp;https://news.mt.co.kr/mtview.php?no=2021041308270371237</p>\r\n			</td>\r\n		</tr>\r\n	</tbody>\r\n</table>\r\n', 6, '2021-04-16 05:27:26', '2021-04-16 05:37:56', '', ''),
	(11, 10001, '112.168.255.194', '5e1c5938-57c6-4472-8305-71853593e29d.png', '의료기기, 바이오헬스산업 중심되기 위한 청사진 제시', '<header>\r\n<p class="0"><strong><span style="font-size:16.0pt"><span style="text-autospace:none"><span style="letter-spacing:0pt"><span lang="EN-US" style="font-size:16.0pt"><span style="font-family:맑은 고딕"><span style="letter-spacing:0pt">&quot;</span></span></span><span style="font-size:16.0pt"><span style="font-family:맑은 고딕">의료기기</span></span><span lang="EN-US" style="font-size:16.0pt"><span style="font-family:맑은 고딕"><span style="letter-spacing:0pt">, </span></span></span><span style="font-size:16.0pt"><span style="font-family:맑은 고딕">바이오헬스산업 중심되기 위한 청사진 제시</span></span><span lang="EN-US" style="font-size:16.0pt"><span style="font-family:맑은 고딕"><span style="letter-spacing:0pt">&quot;</span></span></span></span></span></span></strong></p>\r\n\r\n<p class="0"><span style="font-size:14.0pt"><span style="text-autospace:none"><span style="letter-spacing:0pt"><span style="font-size:14.0pt"><span style="font-family:맑은 고딕">의료기기협회 유철욱 회장</span></span><span lang="EN-US" style="font-size:14.0pt"><span style="font-family:맑은 고딕"><span style="letter-spacing:0pt">, &quot;</span></span></span><span style="font-size:14.0pt"><span style="font-family:맑은 고딕">국민 건강 증진과 산업 발전</span></span><span lang="EN-US" style="font-size:14.0pt"><span style="font-family:맑은 고딕"><span style="letter-spacing:0pt">, </span></span></span><span style="font-size:14.0pt"><span style="font-family:맑은 고딕">회원사 권익 강화</span></span><span lang="EN-US" style="font-size:14.0pt"><span style="font-family:맑은 고딕"><span style="letter-spacing:0pt">&quot;</span></span></span></span></span></span></p>\r\n</header>\r\n\r\n<section id="articleViewCon">\r\n<article>\r\n<aside data-sticky-container="">\r\n<p class="0"><span style="font-size:7.0pt"><span style="text-autospace:none"><span style="font-size:7.0pt"><span style="font-family:맑은 고딕">유은제 기자</span></span><span lang="EN-US" style="font-size:7.0pt"><span style="font-family:맑은 고딕"><span style="letter-spacing:0pt">escape29@naver.com</span></span></span><span style="font-size:7.0pt"><span style="font-family:맑은 고딕">다른기사 보기</span></span></span></span></p>\r\n\r\n<p class="0"><span style="font-size:7.0pt"><span style="text-autospace:none"><span style="letter-spacing:0pt"><span style="font-size:7.0pt"><span style="font-family:맑은 고딕">의료기기</span></span><span lang="EN-US" style="font-size:7.0pt"><span style="font-family:맑은 고딕"><span style="letter-spacing:0pt">&middot;IT&nbsp; &nbsp;&nbsp;</span></span></span><span style="font-size:7.0pt"><span style="font-family:맑은 고딕">입력 </span></span><span lang="EN-US" style="font-size:7.0pt"><span style="font-family:맑은 고딕"><span style="letter-spacing:0pt">2021.04.14 09:47&nbsp; &nbsp;</span></span></span><span style="font-size:7.0pt"><span style="font-family:맑은 고딕">수정 </span></span><span lang="EN-US" style="font-size:7.0pt"><span style="font-family:맑은 고딕"><span style="letter-spacing:0pt">2021.04.14 09:49</span></span></span></span></span></span></p>\r\n\r\n<p class="0">&nbsp;</p>\r\n\r\n<p class="0"><strong>&ldquo;코로나로 그간 높은 성장세를 보여 온 의료기기산업은 포스트 코로나 이후 변화에 대처함으로써 국민 건강 증진과 산업 발전,&nbsp;회원사 권익 강화 등 주어진 임무에 충실하고자 한다&rdquo;</strong></p>\r\n</aside>\r\n\r\n<section>\r\n<article id="article-view-content-div" itemprop="articleBody">\r\n<figure data-idxno="90304" data-type="photo"><img alt="대한의료기기협회 유철욱 회장" height="226" src="https://cdn.medworld.co.kr/news/photo/202104/200408_90304_4624.png" width="306" />\r\n<figcaption>대한의료기기협회 유철욱 회장</figcaption>\r\n</figure>\r\n\r\n<p>대한의료기기협회 유철욱 회장의&nbsp;9대 집행부가 출범하면서 의료기기가 제약&middot;바이오와 함께 3대 바이오헬스산업의 중심산업이 되기 위한 청사진을 제시했다.</p>\r\n\r\n<p>유철욱 회장은 지난&nbsp;12일 취임 기자간담회에서 국내 의료기기산업 발전을 위한 세부 사업을 밝혔다.</p>\r\n\r\n<p>먼저 취임 후 개최한 첫 이사회에서 위원회를 개편한 유 회장은 산업발전&middot;4차산업특별위원회를&nbsp;&lsquo;혁신산업위원회&rsquo;로 통합했으며 의료기기유통구조TF를&nbsp;&lsquo;유통구조위원회&rsquo;로 격상했다.</p>\r\n\r\n<p>유 회장은&nbsp;&ldquo;혁신의료기기 산업 선도와 발전을 위한 정책 건의 및 제품 파악을 통해 기업을 발굴하고자 한다&rdquo;며&nbsp;&ldquo;스타트업 기업들이 위원회에 참여하도록 해 정부의 정책과 지원에 반영되도록 심도 있게 논의하고자 한다&rdquo;고 설명했다.</p>\r\n\r\n<p>특히 식약처에서&nbsp;9개 혁신의료기기를 지정한 바 있으나 한국보건의료연구원에서&nbsp;3건만을 혁신의료기술로 인정하는 등 시장진입이 어려운 혁신의료기술 시장의 제도개선을 하고자 한다.</p>\r\n\r\n<p>그는&nbsp;&ldquo;여러 부처에 분산돼 있는 의료기기 산업발전 지원 예산을 혁신적인 제품의 가치 인정에 집중투자 할 필요가 있다&rdquo;며&nbsp;&ldquo;우선심사와 별도평가 트랙,&nbsp;혁신의료기술 가치의 보험수가 적용 등이 반영돼야 한다&rdquo;고 강조했다.</p>\r\n\r\n<p>아울러 그간 유통구조개선TF위원장으로 간납사의 불공정한 문제를 해결하기 위해 노력했던 유철욱 회장은 이번 집행부에서 유통구조에 관한 법령과 유통업체 자격 강화를 위해 노력할 계획이다.</p>\r\n\r\n<p>유 회장은&nbsp;&ldquo;의료기기도 특수관계자간의 판매행위 금지,&nbsp;가납 재고 요청 금지,&nbsp;표준 결제기간 설정,&nbsp;표준공급계약서 마련 등 제도 보완이 필요하다&rdquo;며&nbsp;&ldquo;일부 도매업체의 독점과 요양기관의 비용전가 등을 금지하고 리베이트 단속 강화 등으로 불합리한 시장구조를 개선할 것&rdquo;이라고 밝혔다.</p>\r\n\r\n<p>끝으로 그는&nbsp;&ldquo;이번 집행부는 국민의 건강 증진과 산업 발전,&nbsp;회원사의 권익 등 기본적인 역할에 최선을 다하고자 한다&rdquo;며&nbsp;&ldquo;미래 의료기기산업을 이끌어가기 위해 협회와 회원들의 역향 강화를 위해 지원할 것&rdquo;이라고 다짐했다.</p>\r\n\r\n<p>출처&nbsp;<span style="text-autospace:none"><span style="letter-spacing:0pt"><span lang="EN-US" style="letter-spacing:0pt">http://www.medworld.co.kr/news/articleView.html?idxno=200408</span></span></span></p>\r\n</article>\r\n\r\n<article>&nbsp;</article>\r\n</section>\r\n</article>\r\n</section>\r\n', 9, '2021-04-19 00:49:09', '2021-04-22 02:31:49', '', ''),
	(12, 10001, '210.95.41.129', 'a45be85c-bbd9-4d4a-887b-53eee96aba7c.jpg', '‘마이크로바이옴’ 주제 K-바이오헬스포럼 열린다', '<p class="0"><strong><span style="font-size:16.0pt"><span style="text-autospace:none"><span lang="EN-US" style="font-size:16.0pt"><span style="font-family:맑은 고딕"><span style="letter-spacing:0pt">&lsquo;</span></span></span><span style="font-size:16.0pt"><span style="font-family:맑은 고딕">마이크로바이옴</span></span><span lang="EN-US" style="font-size:16.0pt"><span style="font-family:맑은 고딕"><span style="letter-spacing:0pt">&rsquo; </span></span></span><span style="font-size:16.0pt"><span style="font-family:맑은 고딕">주제 </span></span><span lang="EN-US" style="font-size:16.0pt"><span style="font-family:맑은 고딕"><span style="letter-spacing:0pt">K-</span></span></span><span style="font-size:16.0pt"><span style="font-family:맑은 고딕">바이오헬스포럼 열린다</span></span></span></span></strong></p>\r\n\r\n<p class="0"><span style="font-size:11.0pt"><span style="text-autospace:none"><span style="letter-spacing:0pt"><span style="font-size:11.0pt"><span style="font-family:맑은 고딕">박효순 기자 </span></span><span lang="EN-US" style="font-size:11.0pt"><span style="font-family:맑은 고딕"><span style="letter-spacing:0pt">anytoc@kyunghyang.com</span></span></span></span></span></span></p>\r\n\r\n<p>&nbsp;</p>\r\n\r\n<p>전혜숙 국회의원, 건강소비자연대, 한국건강기능식품협회, 헬스컨슈머가 공동 주최하는 제2차 K-바이오헬스 포럼이 이달 28일 오후 3시 30분부터 줌화상 방식과 유튜브 중계로 개최된다. 바이오 연구개발(R&amp;D) 분야의 초관심사인 &lsquo;마이크로바이옴 연구의 중요성&rsquo; 주제로 진행된다.</p>\r\n\r\n<p>공동 주최자인 전혜숙 국회의원은 &ldquo;코로나19 대유행에서 보듯 국민의 면역력이 얼마나 중요한지 크게 깨닫게 되면서 전세계 보건의료의 추이는 예방으로 향하고 있다&rdquo;고 밝혔다. 전 의원은 &ldquo;질병의 치료제와 백신 등의 연구개발뿐만 아니라 국민의 체질적 특성을 추적하여 고유 면역체계를 강화하는 근본적 연구개발 역시 매우 중요하다는 것을 이번 포럼 통해 다시 되짚어 보길 바란다&rdquo;고 말했다.</p>\r\n\r\n<p><img alt="‘마이크로바이옴’ 주제 K-바이오헬스포럼 열린다" src="http://img.khan.co.kr/news/2021/04/22/l_2021042201002530400214151.jpg" width="700" /></p>\r\n\r\n<p>코로나19의 장기화로 인체 면역력과 연관이 있는 마이크로바이옴에 대한 학계와 업계의 연구 열기가 뜨겁다. 의약품과 건강기능식품 뿐만 아니라 화장품 등 산업의 다양한 분야에서 마이크로바이옴이 R&amp;D의 핵심부문으로 떠올랐다. 바이러스 감염증에 대한 면역기능활성 연구, 면역증진 신약개발 연구, 기능식품 연구, 기능화장품 연구 등 면역력 강화를 위한 연구개발이 보건산업 전반에 확산되고 있는 상황이다.</p>\r\n\r\n<p>올해 K-바이오헬스포럼에서는 &lsquo;당신의 장 건강이 코로나의 운명을 바꾼다&rsquo;(서울대 의대 이동호 교수, 분당서울대병원 소화기내과), 프로바이오틱스의 현재와 미래(경성대 약대 강재선 교수), 마이크로바이옴 실물자원 뱅크 인프라 구축 및 활용지원(한국생명공학연구원 이정숙 책임연구원)의 발표가 진행된다. 토론자로 식품의약품안전처 오일웅 과장, 한양대 엄애선 교수, 과학기술부 이병희 과장이 참여한다.</p>\r\n\r\n<p>&nbsp;</p>\r\n\r\n<p>출처&nbsp;<span style="font-size:11.0pt"><span style="text-autospace:none"><span style="letter-spacing:0pt"><span lang="EN-US" style="font-size:11.0pt"><span style="font-family:맑은 고딕"><span style="letter-spacing:0pt">http://news.khan.co.kr/kh_news/khan_art_view.html?artid=202104221451001&amp;code=940601</span></span></span></span></span></span></p>\r\n\r\n<p><br />\r\n&nbsp;</p>\r\n\r\n<p><br />\r\n<img alt="" src="http://linkback.khan.co.kr/images/onebyone.gif?action_id=00faf88427df33a94e5e1da545630e9" /></p>\r\n', 3, '2021-04-23 04:43:42', '2021-04-23 04:44:07', '', '');
/*!40000 ALTER TABLE `board_bioinfo` ENABLE KEYS */;

-- 테이블 startup_campus.board_faq 구조 내보내기
DROP TABLE IF EXISTS `board_faq`;
CREATE TABLE IF NOT EXISTS `board_faq` (
  `SEQ_ID` int(11) NOT NULL AUTO_INCREMENT,
  `WRITER_ID` int(11) NOT NULL COMMENT '자주 묻는 질문 게시자 계정 SEQ_ID',
  `WRITER_IP` varchar(30) NOT NULL COMMENT '자주 묻는 질문  게시자 IP',
  `TITLE` varchar(200) NOT NULL COMMENT '자주 묻는 질문 제목',
  `CONTENT` mediumtext NOT NULL COMMENT '자주 묻는 질문 내용',
  `VIEW_COUNT` int(11) NOT NULL DEFAULT '0' COMMENT '자주 묻는 질문 게시글 조회수',
  `CREATED_AT` datetime NOT NULL DEFAULT CURRENT_TIMESTAMP COMMENT '자주 묻는 질문 최초 작성일',
  `UPDATED_AT` datetime NOT NULL DEFAULT CURRENT_TIMESTAMP ON UPDATE CURRENT_TIMESTAMP COMMENT '자주 묻는 질문 최근 수정일',
  `FILE_NAME` varchar(200) CHARACTER SET utf8 COLLATE utf8_general_ci DEFAULT NULL,
  `FILE_PATH` varchar(300) CHARACTER SET utf8 COLLATE utf8_general_ci DEFAULT NULL,
  PRIMARY KEY (`SEQ_ID`) USING BTREE,
  KEY `FK_NOTICE_USER_ID_WRITER_ID` (`WRITER_ID`) USING BTREE,
  CONSTRAINT `board_faq_ibfk_1` FOREIGN KEY (`WRITER_ID`) REFERENCES `user_info` (`SEQ_ID`)
) ENGINE=InnoDB DEFAULT CHARSET=utf8 ROW_FORMAT=DYNAMIC COMMENT='타 기관 공지 게시판 테이블';

-- 테이블 데이터 startup_campus.board_faq:~0 rows (대략적) 내보내기
DELETE FROM `board_faq`;
/*!40000 ALTER TABLE `board_faq` DISABLE KEYS */;
/*!40000 ALTER TABLE `board_faq` ENABLE KEYS */;

-- 테이블 startup_campus.board_media 구조 내보내기
DROP TABLE IF EXISTS `board_media`;
CREATE TABLE IF NOT EXISTS `board_media` (
  `SEQ_ID` int(11) NOT NULL AUTO_INCREMENT,
  `WRITER_ID` int(11) NOT NULL COMMENT '캠퍼스 소개 영상 게시자 계정 SEQ_ID',
  `WRITER_IP` varchar(30) NOT NULL COMMENT '캠퍼스 소개 영상  게시자 IP',
  `YOUTUBE_ID` varchar(30) NOT NULL COMMENT '캠퍼스 소개 영상 유튜브 영상 ID',
  `TITLE` varchar(50) NOT NULL COMMENT '캠퍼스 소개 영상 제목',
  `CONTENT` mediumtext NOT NULL COMMENT '캠퍼스 소개 영상 내용',
  `VIEW_COUNT` int(11) NOT NULL DEFAULT '0' COMMENT '캠퍼스 소개 영상 게시글 조회수',
  `CREATED_AT` datetime NOT NULL DEFAULT CURRENT_TIMESTAMP COMMENT '캠퍼스 소개 영상 최초 작성일',
  `UPDATED_AT` datetime NOT NULL DEFAULT CURRENT_TIMESTAMP ON UPDATE CURRENT_TIMESTAMP COMMENT '캠퍼스 소개 영상 최근 수정일',
  `FILE_NAME` varchar(200) DEFAULT NULL,
  `FILE_PATH` varchar(300) DEFAULT NULL,
  PRIMARY KEY (`SEQ_ID`) USING BTREE,
  KEY `FK_NOTICE_USER_ID_WRITER_ID` (`WRITER_ID`) USING BTREE,
  CONSTRAINT `board_media_ibfk_1` FOREIGN KEY (`WRITER_ID`) REFERENCES `user_info` (`SEQ_ID`)
) ENGINE=InnoDB AUTO_INCREMENT=25 DEFAULT CHARSET=utf8 ROW_FORMAT=DYNAMIC COMMENT='소개 / 동영상 게시판 테이블';

-- 테이블 데이터 startup_campus.board_media:~1 rows (대략적) 내보내기
DELETE FROM `board_media`;
/*!40000 ALTER TABLE `board_media` DISABLE KEYS */;
INSERT INTO `board_media` (`SEQ_ID`, `WRITER_ID`, `WRITER_IP`, `YOUTUBE_ID`, `TITLE`, `CONTENT`, `VIEW_COUNT`, `CREATED_AT`, `UPDATED_AT`, `FILE_NAME`, `FILE_PATH`) VALUES
	(24, 10001, '210.95.41.129', 'mf4OGHiZUvk', '하남스타트업캠퍼스 소개 영상', '<p>하남스타트업캠퍼스와 10개의 입주기업들을 소개하는 동영상입니다 :) 하남도시공사에서 하남시와 함께 운영하는 하남스타트업캠퍼스는 바이오 헬스 분야 스타트업 육성을 위해 최선을 다할 것입니다. 감사합니다!</p>\n', 24, '2021-03-24 01:12:50', '2021-04-22 02:32:12', NULL, NULL);
/*!40000 ALTER TABLE `board_media` ENABLE KEYS */;

-- 테이블 startup_campus.board_media_partner 구조 내보내기
DROP TABLE IF EXISTS `board_media_partner`;
CREATE TABLE IF NOT EXISTS `board_media_partner` (
  `SEQ_ID` int(11) NOT NULL AUTO_INCREMENT,
  `WRITER_ID` int(11) NOT NULL COMMENT '입주 기업 소개 영상 게시자 계정 SEQ_ID',
  `WRITER_IP` varchar(30) NOT NULL COMMENT '입주 기업 소개 영상 게시자 IP',
  `YOUTUBE_ID` varchar(30) NOT NULL COMMENT '입주 기업 소개 영상 유튜브 영상 ID',
  `TITLE` varchar(50) NOT NULL COMMENT '입주 기업 소개 영상 제목',
  `CONTENT` mediumtext NOT NULL COMMENT '입주 기업 소개 영상 내용',
  `VIEW_COUNT` int(11) NOT NULL DEFAULT '0' COMMENT '입주 기업 소개 영상 게시글 조회수',
  `CREATED_AT` datetime NOT NULL DEFAULT CURRENT_TIMESTAMP COMMENT '입주 기업 소개 영상 최초 작성일',
  `UPDATED_AT` datetime NOT NULL DEFAULT CURRENT_TIMESTAMP ON UPDATE CURRENT_TIMESTAMP COMMENT '입주 기업 소개 영상 최근 수정일',
  `FILE_NAME` varchar(200) DEFAULT NULL,
  `FILE_PATH` varchar(300) DEFAULT NULL,
  PRIMARY KEY (`SEQ_ID`) USING BTREE,
  KEY `FK_NOTICE_USER_ID_WRITER_ID` (`WRITER_ID`) USING BTREE,
  CONSTRAINT `board_media_partner_ibfk_1` FOREIGN KEY (`WRITER_ID`) REFERENCES `user_info` (`SEQ_ID`)
) ENGINE=InnoDB AUTO_INCREMENT=23 DEFAULT CHARSET=utf8 ROW_FORMAT=COMPACT COMMENT='소개 / 동영상 게시판 테이블';

-- 테이블 데이터 startup_campus.board_media_partner:~10 rows (대략적) 내보내기
DELETE FROM `board_media_partner`;
/*!40000 ALTER TABLE `board_media_partner` DISABLE KEYS */;
INSERT INTO `board_media_partner` (`SEQ_ID`, `WRITER_ID`, `WRITER_IP`, `YOUTUBE_ID`, `TITLE`, `CONTENT`, `VIEW_COUNT`, `CREATED_AT`, `UPDATED_AT`, `FILE_NAME`, `FILE_PATH`) VALUES
	(13, 10001, '210.95.41.129', 'BiT7dPqZqHw', '(주) 설랩', '<p>(주) 설랩 <a href="https://youtu.be/BiT7dPqZqHw ">https://youtu.be/BiT7dPqZqHw&nbsp;</a></p>\n\n<p>&nbsp;</p>\n', 29, '2021-02-19 16:34:11', '2021-04-04 07:46:20', NULL, NULL),
	(15, 10001, '210.95.41.129', '0vob-juqiow', '(주) 등자', '<p>(주) 등자 https://youtu.be/0vob-juqiow</p>\n', 13, '2021-02-19 16:42:59', '2021-04-04 07:46:22', NULL, NULL),
	(16, 10001, '210.95.41.129', 'TO0KlFNb4ag', '앤코어스 (주)', '<p>앤코어스 (주)&nbsp;https://youtu.be/TO0KlFNb4ag</p>\n', 19, '2021-02-19 16:46:29', '2021-04-20 01:46:04', NULL, NULL),
	(17, 10001, '210.95.41.129', 'Sp3GLFc_2EY', '아토플렉스 (주)', '<p>아토플렉스 (주)&nbsp;&nbsp;https://youtu.be/Sp3GLFc_2EY</p>\n', 15, '2021-02-19 16:47:59', '2021-04-20 01:46:34', NULL, NULL),
	(18, 10001, '210.95.41.129', 'LGFW-d6VO7Y', '닉스 (주)', '<p>닉스 (주)&nbsp;https://youtu.be/LGFW-d6VO7Y</p>\n', 18, '2021-02-19 16:48:53', '2021-04-04 07:46:26', NULL, NULL),
	(19, 10001, '210.95.41.129', '7qxejug_ojU', '(주) 케이닷코리아', '<p>(주) 케이닷코리아 https://youtu.be/7qxejug_ojU</p>\n', 11, '2021-02-19 16:49:59', '2021-04-04 07:46:28', NULL, NULL),
	(20, 10001, '210.95.41.129', 'ETrMxcsnzJM', '(주) 엠엘피', '<p>(주)엠엘피 https://youtu.be/ETrMxcsnzJM&nbsp;</p>\n', 13, '2021-02-19 16:51:01', '2021-04-04 07:46:30', NULL, NULL),
	(21, 10001, '210.95.41.129', '6kRT5IgaqBY', '(주) 엘엔로보틱스', '<p>(주) 엘엔로보틱스 https://youtu.be/6kRT5IgaqBY</p>\n', 21, '2021-02-19 16:51:49', '2021-04-04 07:46:32', NULL, NULL),
	(22, 10001, '210.95.41.129', '2H4WWIU7rkQ', '(주) 애니메드', '<p>(주)애니메드 https://youtu.be/2H4WWIU7rkQ</p>\n', 52, '2021-02-19 16:52:20', '2021-04-07 01:22:58', NULL, NULL);
/*!40000 ALTER TABLE `board_media_partner` ENABLE KEYS */;

-- 테이블 startup_campus.board_notice 구조 내보내기
DROP TABLE IF EXISTS `board_notice`;
CREATE TABLE IF NOT EXISTS `board_notice` (
  `SEQ_ID` int(11) NOT NULL AUTO_INCREMENT COMMENT '고유키',
  `WRITER_ID` int(11) NOT NULL COMMENT '공고 게시자 계정 SEQ_ID',
  `WRITER_IP` varchar(30) NOT NULL COMMENT '공고 게시자 IP',
  `LEVEL` varchar(10) NOT NULL COMMENT '공고 게시레벨 / 100: 주요공지, 101: 주요공지, 102: 공지, 103: 공고',
  `TITLE` varchar(50) NOT NULL COMMENT '공고 게시글 제목',
  `CONTENT` mediumtext NOT NULL COMMENT '공고 게시글 내용',
  `VIEW_COUNT` int(11) NOT NULL DEFAULT '0' COMMENT '공고 게시글 조회수',
  `CONTRACT_START_AT` date NOT NULL COMMENT '공고 등록일',
  `CONTRACT_END_AT` date NOT NULL COMMENT '공고 종료일',
  `CREATED_AT` datetime NOT NULL DEFAULT CURRENT_TIMESTAMP COMMENT '공고 최초 작성일',
  `UPDATED_AT` datetime NOT NULL DEFAULT CURRENT_TIMESTAMP ON UPDATE CURRENT_TIMESTAMP COMMENT '공고 최근 수정일',
  `FILE_NAME` varchar(100) CHARACTER SET utf8 COLLATE utf8_general_ci DEFAULT '',
  `FILE_PATH` varchar(300) CHARACTER SET utf8 COLLATE utf8_general_ci DEFAULT '',
  PRIMARY KEY (`SEQ_ID`) USING BTREE,
  KEY `FK_WRITER_ID_SEQ_ID` (`WRITER_ID`),
  CONSTRAINT `FK_WRITER_ID_SEQ_ID` FOREIGN KEY (`WRITER_ID`) REFERENCES `user_info` (`SEQ_ID`)
) ENGINE=InnoDB AUTO_INCREMENT=5 DEFAULT CHARSET=utf8 ROW_FORMAT=DYNAMIC COMMENT='공지/공고 게시판 테이블';

-- 테이블 데이터 startup_campus.board_notice:~8 rows (대략적) 내보내기
DELETE FROM `board_notice`;
/*!40000 ALTER TABLE `board_notice` DISABLE KEYS */;
INSERT INTO `board_notice` (`SEQ_ID`, `WRITER_ID`, `WRITER_IP`, `LEVEL`, `TITLE`, `CONTENT`, `VIEW_COUNT`, `CONTRACT_START_AT`, `CONTRACT_END_AT`, `CREATED_AT`, `UPDATED_AT`, `FILE_NAME`, `FILE_PATH`) VALUES
	(1, 10001, '210.95.41.129', '102', '하남디지털캠프 시설 장비 대여', '<p>[하남디지털캠프x하남스타트업캠퍼스가 협업하여 지원하는 사업입니다.]</p>\n\n<p><b>디지털캠프 시설 장비 활용</b></p>\n\n<p>디지털 캠프 위치: 하남시 검단산로 239 하남벤처센터에 디지털캠프 지하1층, 2, 3층에 있습니다.&nbsp;</p>\n\n<p>홈페이지:&nbsp;<a href="http://digicamp.kr/gear-use/">http://digicamp.kr/gear-use/</a></p>\n\n<p><b>※&nbsp;시설 장비를 무료 또는 입주기업 수준으로 활용 가능합니다. 필요하신 경우 언제든지 말씀해주세요.&nbsp;</b></p>\n\n<p><img alt="" height="282" src="/startupcampus/upload/board/notice/179e479f-800d-4bf1-9c3a-7a7f0e4bb4d4.png" width="500" /></p>\n\n<p><img alt="" height="281" src="/startupcampus/upload/board/notice/143d5413-251e-4937-8e79-f09b9f8d81ea.png" width="500" /></p>\n\n<p><img alt="" height="280" src="/startupcampus/upload/board/notice/813f60fc-2d1e-4f59-b51d-594a119bcf71.png" width="500" /></p>\n\n<p><img alt="" height="281" src="/startupcampus/upload/board/notice/dc4ffb14-116f-450b-940f-bd09014d5b27.png" width="500" /></p>\n\n<p>&nbsp;</p>\n\n<p><strong>[시설 대여 준수&nbsp;사항]</strong></p>\n\n<p><img alt="" height="1024" src="/startupcampus/upload/board/notice/9f0fc751-664f-4ed7-bc13-0431c5092055.png" width="528" /></p>\n', 113, '2021-03-23', '2021-03-23', '2021-03-23 04:53:33', '2021-04-19 05:40:29', '', ''),
	(2, 10001, '210.95.41.129', '101', '[창업경진대회 모집공고] 하남스타트업캠퍼스 창업경진대회 참가자 모집공고', '<p><img alt="" height="595" src="/startupcampus/upload/board/notice/aad26b96-8f71-4b39-956f-39388494db43.png" width="800" /><img alt="" height="529" src="/startupcampus/upload/board/notice/9a7f7332-160e-4fdf-9cf4-fc2ed66b58be.png" width="800" /></p>\n', 32, '2021-03-24', '2021-03-24', '2021-03-24 00:40:07', '2021-04-14 13:54:03', '', ''),
	(3, 10001, '210.95.41.129', '101', '[창업경진대회 입상자공고] 하남스타트업캠퍼스 창업경진대회 최종 입상자공고', '<p><strong>축하드립니다 !</strong></p>\n\n<p>&nbsp;</p>\n\n<p><img alt="" height="834" src="/startupcampus/upload/board/notice/daec83fd-32bc-47c5-8713-e7d83b83b1de.png" width="780" /></p>\n', 47, '2021-03-24', '2021-03-24', '2021-03-24 00:49:54', '2021-04-21 08:00:30', '', ''),
	(4, 10001, '210.95.41.129', '102', '하남기업 마케팅 영상콘텐츠 제작지원 사업', '<p>[하남디지털캠프에서 지원하는 사업입니다.]</p>\n\n<p>□&nbsp;신청방법 및 대상</p>\n\n<p>-&nbsp;신청기간&nbsp;: 2021.04.15.~4.30 18:00&nbsp;까지</p>\n\n<p>-&nbsp;신청방법&nbsp;:&nbsp;이메일 접수</p>\n\n<p>※&nbsp;이메일 접수&nbsp;:&nbsp;<a href="mailto:laudate73@digicamp.kr" target="_blank"><u>laudate73@digicamp.kr</u></a></p>\n\n<p>[하남기업영상콘텐츠제작지원]_제출일자_신청사</p>\n\n<p>예시)&nbsp;[하남기업영상콘텐츠제작지원]_210430_업체명.zip</p>\n\n<p>-&nbsp;대상&nbsp;:&nbsp;하남시&nbsp;관내 기업&nbsp;(중소기업,&nbsp;벤처기업)</p>\n\n<p>※&nbsp;지원 제외대상</p>\n\n<p>-&nbsp;신청일 기준 국세 및 지방세 체납이 있는 기업</p>\n\n<p>-&nbsp;타 지자체/기관에서 유사 지원사업 지원 중인 기업</p>\n\n<p>&nbsp;</p>\n\n<p>□&nbsp;지원규모&nbsp;:&nbsp;총&nbsp;8개사&nbsp;(제작비 최대&nbsp;300만원 지원,&nbsp;부가세포함)</p>\n\n<p>※&nbsp;300만원 초과되는 제작비는 지원업체에서 부담</p>\n\n<p>&nbsp;</p>\n\n<p><a href="http://digicamp.kr/media-support/">http://digicamp.kr/media-support/</a></p>\n\n<p>위 링크를 클릭하시면 이동합니다.&nbsp;</p>\n\n<p><img alt="" height="843" src="/startupcampus/upload/board/agency/685c151c-87ba-424b-b864-5406d67aebd1.png" width="699" /></p>\n\n<p><img alt="" height="855" src="/startupcampus/upload/board/agency/ad6acad8-440e-4fa4-85be-b08596465802.png" width="670" /></p>\n\n<p><strong>##. 자세한 내용은 홈페이지 참조</strong></p>\n', 14, '2021-04-19', '2021-04-30', '2021-04-19 02:45:07', '2021-04-22 02:51:08', '', '');
/*!40000 ALTER TABLE `board_notice` ENABLE KEYS */;

-- 테이블 startup_campus.board_notice_partner 구조 내보내기
DROP TABLE IF EXISTS `board_notice_partner`;
CREATE TABLE IF NOT EXISTS `board_notice_partner` (
  `SEQ_ID` int(11) NOT NULL AUTO_INCREMENT,
  `WRITER_ID` int(11) NOT NULL COMMENT '입주기업 알림공간 게시자 계정 SEQ_ID',
  `WRITER_IP` varchar(30) NOT NULL COMMENT '입주기업 알림공간  게시자 IP',
  `TITLE` varchar(200) NOT NULL COMMENT '입주기업 알림공간 제목',
  `CONTENT` mediumtext NOT NULL COMMENT '입주기업 알림공간 내용',
  `VIEW_COUNT` int(11) NOT NULL DEFAULT '0' COMMENT '입주기업 알림공간 게시글 조회수',
  `CREATED_AT` datetime NOT NULL DEFAULT CURRENT_TIMESTAMP COMMENT '입주기업 알림공간 최초 작성일',
  `UPDATED_AT` datetime NOT NULL DEFAULT CURRENT_TIMESTAMP ON UPDATE CURRENT_TIMESTAMP COMMENT '입주기업 알림공간 최근 수정일',
  `FILE_NAME` varchar(200) DEFAULT NULL,
  `FILE_PATH` varchar(300) DEFAULT NULL,
  PRIMARY KEY (`SEQ_ID`) USING BTREE,
  KEY `FK_NOTICE_USER_ID_WRITER_ID` (`WRITER_ID`) USING BTREE,
  CONSTRAINT `board_notice_partner_ibfk_1` FOREIGN KEY (`WRITER_ID`) REFERENCES `user_info` (`SEQ_ID`)
) ENGINE=InnoDB AUTO_INCREMENT=5 DEFAULT CHARSET=utf8 ROW_FORMAT=DYNAMIC COMMENT='입주기업 알림공간 게시판 테이블';

-- 테이블 데이터 startup_campus.board_notice_partner:~8 rows (대략적) 내보내기
DELETE FROM `board_notice_partner`;
/*!40000 ALTER TABLE `board_notice_partner` DISABLE KEYS */;
INSERT INTO `board_notice_partner` (`SEQ_ID`, `WRITER_ID`, `WRITER_IP`, `TITLE`, `CONTENT`, `VIEW_COUNT`, `CREATED_AT`, `UPDATED_AT`, `FILE_NAME`, `FILE_PATH`) VALUES
	(1, 10001, '192.168.0.1', '하남스타트업캠퍼스 창업경진대회 최종 입상자 공고', '<p><span style="line-height:170%"><span style="text-autospace:none"><span style="font-size:13.0pt"><span style="font-family:돋움">하남도시공사 공고 제</span></span><span lang="EN-US" style="font-size:13.0pt"><span style="font-family:돋움"><span style="letter-spacing:0pt">2021 - 13</span></span></span><span style="font-size:13.0pt"><span style="font-family:돋움">호</span></span></span></span></p>\n\n<p class="0">&nbsp;</p>\n\n<p class="0" style="text-align:center"><span style="line-height:170%"><span style="word-break:keep-all"><span style="text-autospace:none"><span style="font-size:20.0pt"><span style="font-family:돋움"><span style="letter-spacing:0pt"><span style="font-weight:bold">「</span></span></span></span><span style="font-size:20.0pt"><span style="font-family:돋움"><span style="font-weight:bold">하남스타트업캠퍼스 창업경진대회</span></span></span><span style="font-size:20.0pt"><span style="font-family:돋움"><span style="letter-spacing:0pt"><span style="font-weight:bold">」 </span></span></span></span></span></span></span></p>\n\n<p class="0" style="text-align:center"><span style="line-height:170%"><span style="word-break:keep-all"><span style="text-autospace:none"><span style="font-size:20.0pt"><span style="font-family:돋움"><span style="font-weight:bold">최종 입상자 공고</span></span></span></span></span></span></p>\n\n<p class="0">&nbsp;</p>\n\n<p class="0" style="text-indent:15.0pt"><span style="line-height:170%"><span style="tab-stops:left blank 219.9pt"><span style="text-autospace:none"><span style="font-size:15.0pt"><span style="font-family:돋움"><span style="letter-spacing:-0.6pt">하남스타트업캠퍼스 창업경진대회와 관련한 최종 입상자 명단을 다음과 같이 공고합니다</span></span></span><span lang="EN-US" style="font-size:15.0pt"><span style="font-family:돋움"><span style="letter-spacing:-0.6pt">. </span></span></span></span></span></span></p>\n\n<p class="0" style="text-align:right"><span style="line-height:170%"><span style="word-break:keep-all"><span style="text-autospace:none"><span lang="EN-US" style="font-size:15.0pt"><span style="font-family:돋움"><span style="letter-spacing:0pt">2021</span></span></span><span style="font-size:15.0pt"><span style="font-family:돋움">년 </span></span><span lang="EN-US" style="font-size:15.0pt"><span style="font-family:돋움"><span style="letter-spacing:0pt">02</span></span></span><span style="font-size:15.0pt"><span style="font-family:돋움">월 </span></span><span lang="EN-US" style="font-size:15.0pt"><span style="font-family:돋움"><span style="letter-spacing:0pt">01</span></span></span><span style="font-size:15.0pt"><span style="font-family:돋움">일</span></span></span></span></span></p>\n\n<p class="0" style="text-align:right"><span style="line-height:170%"><span style="word-break:keep-all"><span style="text-autospace:none"><span style="font-size:15.0pt"><span style="font-family:돋움">하남도시공사 사장</span></span></span></span></span></p>\n\n<p class="0" style="text-align:right"><span style="font-size:15.0pt"><span style="line-height:170%"><span style="word-break:keep-all"><span style="text-autospace:none">&nbsp; </span></span></span></span></p>\n\n<p class="0" style="text-align:right"><span style="line-height:170%"><span style="word-break:keep-all"><span style="text-autospace:none"><span lang="EN-US" style="font-size:15.0pt"><span style="font-family:돋움"><span style="letter-spacing:0pt">------------------------------------------------------</span></span></span></span></span></span></p>\n\n<p class="0" style="text-align:right"><span style="font-size:15.0pt"><span style="line-height:170%"><span style="word-break:keep-all"><span style="text-autospace:none">&nbsp; </span></span></span></span></p>\n\n<p class="0" style="text-align:left"><span style="line-height:170%"><span style="word-break:keep-all"><span style="text-autospace:none"><span style="font-size:15.0pt"><span style="font-family:돋움"><span style="letter-spacing:0pt"><span style="font-weight:bold">□ </span></span></span></span><span style="font-size:15.0pt"><span style="font-family:돋움"><span style="font-weight:bold">최종 입상자 명단</span></span></span></span></span></span></p>\n\n<table style="border-collapse:collapse; table-layout:fixed; border-top:none; border-left:none; border-bottom:none; border-right:none; border:solid #000000 0.28pt">\n	<tbody>\n		<tr>\n			<td style="border-bottom:double #000000 0.28pt; background:#e5e5e5; width:74.75pt; height:27.14pt; padding:1.41pt 1.41pt 1.41pt 1.41pt; border-top:solid #000000 0.28pt; border-left:solid #000000 0.28pt; border-right:solid #000000 0.28pt" valign="middle">\n			<p class="0" style="text-align:center"><span style="word-break:keep-all"><span style="text-autospace:none"><span style="font-size:13.0pt"><span style="font-family:돋움"><span style="letter-spacing:-0.5pt"><span style="font-weight:bold">구분</span></span></span></span></span></span></p>\n			</td>\n			<td style="border-bottom:double #000000 0.28pt; background:#e5e5e5; width:157.54pt; height:27.14pt; padding:1.41pt 1.41pt 1.41pt 1.41pt; border-top:solid #000000 0.28pt; border-left:solid #000000 0.28pt; border-right:solid #000000 0.28pt" valign="middle">\n			<p class="0" style="text-align:center"><span style="word-break:keep-all"><span style="text-autospace:none"><span style="font-size:13.0pt"><span style="font-family:돋움"><span style="letter-spacing:-0.5pt"><span style="font-weight:bold">성 명</span></span></span></span></span></span></p>\n			</td>\n			<td style="border-bottom:double #000000 0.28pt; background:#e5e5e5; width:228.25pt; height:27.14pt; padding:1.41pt 1.41pt 1.41pt 1.41pt; border-top:solid #000000 0.28pt; border-left:solid #000000 0.28pt; border-right:solid #000000 0.28pt" valign="middle">\n			<p class="0" style="text-align:center"><span style="word-break:keep-all"><span style="text-autospace:none"><span style="font-size:13.0pt"><span style="font-family:돋움"><span style="letter-spacing:-0.5pt"><span style="font-weight:bold">접수번호</span></span></span></span></span></span></p>\n			</td>\n		</tr>\n		<tr>\n			<td style="border-bottom:double #000000 0.28pt; width:74.75pt; height:25.31pt; padding:1.41pt 1.41pt 1.41pt 1.41pt; border-top:double #000000 0.28pt; border-left:solid #000000 0.28pt; border-right:solid #000000 0.28pt" valign="middle">\n			<p class="0" style="text-align:center"><span style="line-height:130%"><span style="word-break:keep-all"><span style="text-autospace:none"><span lang="EN-US" style="font-size:14.0pt"><span style="font-family:돋움"><span style="letter-spacing:-0.5pt">1</span></span></span></span></span></span></p>\n			</td>\n			<td style="border-bottom:double #000000 0.28pt; width:157.54pt; height:25.31pt; padding:1.41pt 1.41pt 1.41pt 1.41pt; border-top:double #000000 0.28pt; border-left:solid #000000 0.28pt; border-right:solid #000000 0.28pt" valign="middle">\n			<p class="0" style="text-align:center"><span style="line-height:140%"><span style="word-break:keep-all"><span style="text-autospace:none"><span style="font-size:14.0pt"><span style="font-family:돋움"><span style="letter-spacing:-0.9pt">김</span></span></span><span style="font-size:14.0pt"><span style="font-family:돋움"><span style="letter-spacing:-0.9pt">○</span></span></span><span style="font-size:14.0pt"><span style="font-family:돋움"><span style="letter-spacing:-0.9pt">신</span></span></span></span></span></span></p>\n			</td>\n			<td style="border-bottom:double #000000 0.28pt; width:228.25pt; height:25.31pt; padding:1.41pt 1.41pt 1.41pt 1.41pt; border-top:double #000000 0.28pt; border-left:solid #000000 0.28pt; border-right:solid #000000 0.28pt" valign="middle">\n			<p class="0" style="margin-left:10px; text-align:center"><span style="line-height:140%"><span style="word-break:keep-all"><span style="text-autospace:none"><span lang="EN-US" style="font-size:14.0pt"><span style="font-family:돋움"><span style="letter-spacing:-0.9pt">huic-01</span></span></span></span></span></span></p>\n			</td>\n		</tr>\n		<tr>\n			<td style="border-bottom:double #000000 0.28pt; width:74.75pt; height:25.31pt; padding:1.41pt 1.41pt 1.41pt 1.41pt; border-top:double #000000 0.28pt; border-left:solid #000000 0.28pt; border-right:solid #000000 0.28pt" valign="middle">\n			<p class="0" style="text-align:center"><span style="line-height:130%"><span style="word-break:keep-all"><span style="text-autospace:none"><span lang="EN-US" style="font-size:14.0pt"><span style="font-family:돋움"><span style="letter-spacing:-0.5pt">2</span></span></span></span></span></span></p>\n			</td>\n			<td style="border-bottom:double #000000 0.28pt; width:157.54pt; height:25.31pt; padding:1.41pt 1.41pt 1.41pt 1.41pt; border-top:double #000000 0.28pt; border-left:solid #000000 0.28pt; border-right:solid #000000 0.28pt" valign="middle">\n			<p class="0" style="text-align:center"><span style="line-height:140%"><span style="word-break:keep-all"><span style="text-autospace:none"><span style="font-size:14.0pt"><span style="font-family:돋움"><span style="letter-spacing:-0.9pt">최</span></span></span><span style="font-size:14.0pt"><span style="font-family:돋움"><span style="letter-spacing:-0.9pt">○</span></span></span><span style="font-size:14.0pt"><span style="font-family:돋움"><span style="letter-spacing:-0.9pt">수</span></span></span></span></span></span></p>\n			</td>\n			<td style="border-bottom:double #000000 0.28pt; width:228.25pt; height:25.31pt; padding:1.41pt 1.41pt 1.41pt 1.41pt; border-top:double #000000 0.28pt; border-left:solid #000000 0.28pt; border-right:solid #000000 0.28pt" valign="middle">\n			<p class="0" style="margin-left:10px; text-align:center"><span style="line-height:140%"><span style="word-break:keep-all"><span style="text-autospace:none"><span lang="EN-US" style="font-size:14.0pt"><span style="font-family:돋움"><span style="letter-spacing:-0.9pt">huic-02</span></span></span></span></span></span></p>\n			</td>\n		</tr>\n		<tr>\n			<td style="border-bottom:double #000000 0.28pt; width:74.75pt; height:25.31pt; padding:1.41pt 1.41pt 1.41pt 1.41pt; border-top:double #000000 0.28pt; border-left:solid #000000 0.28pt; border-right:solid #000000 0.28pt" valign="middle">\n			<p class="0" style="text-align:center"><span style="line-height:130%"><span style="word-break:keep-all"><span style="text-autospace:none"><span lang="EN-US" style="font-size:14.0pt"><span style="font-family:돋움"><span style="letter-spacing:-0.5pt">3</span></span></span></span></span></span></p>\n			</td>\n			<td style="border-bottom:double #000000 0.28pt; width:157.54pt; height:25.31pt; padding:1.41pt 1.41pt 1.41pt 1.41pt; border-top:double #000000 0.28pt; border-left:solid #000000 0.28pt; border-right:solid #000000 0.28pt" valign="middle">\n			<p class="0" style="text-align:center"><span style="line-height:140%"><span style="word-break:keep-all"><span style="text-autospace:none"><span style="font-size:14.0pt"><span style="font-family:돋움"><span style="letter-spacing:-0.9pt">이</span></span></span><span style="font-size:14.0pt"><span style="font-family:돋움"><span style="letter-spacing:-0.9pt">○</span></span></span><span style="font-size:14.0pt"><span style="font-family:돋움"><span style="letter-spacing:-0.9pt">원</span></span></span></span></span></span></p>\n			</td>\n			<td style="border-bottom:double #000000 0.28pt; width:228.25pt; height:25.31pt; padding:1.41pt 1.41pt 1.41pt 1.41pt; border-top:double #000000 0.28pt; border-left:solid #000000 0.28pt; border-right:solid #000000 0.28pt" valign="middle">\n			<p class="0" style="margin-left:10px; text-align:center"><span style="line-height:140%"><span style="word-break:keep-all"><span style="text-autospace:none"><span lang="EN-US" style="font-size:14.0pt"><span style="font-family:돋움"><span style="letter-spacing:-0.9pt">huic-03</span></span></span></span></span></span></p>\n			</td>\n		</tr>\n		<tr>\n			<td style="border-bottom:double #000000 0.28pt; width:74.75pt; height:25.31pt; padding:1.41pt 1.41pt 1.41pt 1.41pt; border-top:double #000000 0.28pt; border-left:solid #000000 0.28pt; border-right:solid #000000 0.28pt" valign="middle">\n			<p class="0" style="text-align:center"><span style="line-height:130%"><span style="word-break:keep-all"><span style="text-autospace:none"><span lang="EN-US" style="font-size:14.0pt"><span style="font-family:돋움"><span style="letter-spacing:-0.5pt">4</span></span></span></span></span></span></p>\n			</td>\n			<td style="border-bottom:double #000000 0.28pt; width:157.54pt; height:25.31pt; padding:1.41pt 1.41pt 1.41pt 1.41pt; border-top:double #000000 0.28pt; border-left:solid #000000 0.28pt; border-right:solid #000000 0.28pt" valign="middle">\n			<p class="0" style="text-align:center"><span style="line-height:140%"><span style="word-break:keep-all"><span style="text-autospace:none"><span style="font-size:14.0pt"><span style="font-family:돋움"><span style="letter-spacing:-0.9pt">김</span></span></span><span style="font-size:14.0pt"><span style="font-family:돋움"><span style="letter-spacing:-0.9pt">○</span></span></span><span style="font-size:14.0pt"><span style="font-family:돋움"><span style="letter-spacing:-0.9pt">무</span></span></span></span></span></span></p>\n			</td>\n			<td style="border-bottom:double #000000 0.28pt; width:228.25pt; height:25.31pt; padding:1.41pt 1.41pt 1.41pt 1.41pt; border-top:double #000000 0.28pt; border-left:solid #000000 0.28pt; border-right:solid #000000 0.28pt" valign="middle">\n			<p class="0" style="margin-left:10px; text-align:center"><span style="line-height:140%"><span style="word-break:keep-all"><span style="text-autospace:none"><span lang="EN-US" style="font-size:14.0pt"><span style="font-family:돋움"><span style="letter-spacing:-0.9pt">huic-08</span></span></span></span></span></span></p>\n			</td>\n		</tr>\n		<tr>\n			<td style="border-bottom:double #000000 0.28pt; width:74.75pt; height:25.31pt; padding:1.41pt 1.41pt 1.41pt 1.41pt; border-top:double #000000 0.28pt; border-left:solid #000000 0.28pt; border-right:solid #000000 0.28pt" valign="middle">\n			<p class="0" style="text-align:center"><span style="line-height:130%"><span style="word-break:keep-all"><span style="text-autospace:none"><span lang="EN-US" style="font-size:14.0pt"><span style="font-family:돋움"><span style="letter-spacing:-0.5pt">5</span></span></span></span></span></span></p>\n			</td>\n			<td style="border-bottom:double #000000 0.28pt; width:157.54pt; height:25.31pt; padding:1.41pt 1.41pt 1.41pt 1.41pt; border-top:double #000000 0.28pt; border-left:solid #000000 0.28pt; border-right:solid #000000 0.28pt" valign="middle">\n			<p class="0" style="text-align:center"><span style="line-height:140%"><span style="word-break:keep-all"><span style="text-autospace:none"><span style="font-size:14.0pt"><span style="font-family:돋움"><span style="letter-spacing:-0.9pt">장</span></span></span><span style="font-size:14.0pt"><span style="font-family:돋움"><span style="letter-spacing:-0.9pt">○</span></span></span><span style="font-size:14.0pt"><span style="font-family:돋움"><span style="letter-spacing:-0.9pt">현</span></span></span></span></span></span></p>\n			</td>\n			<td style="border-bottom:double #000000 0.28pt; width:228.25pt; height:25.31pt; padding:1.41pt 1.41pt 1.41pt 1.41pt; border-top:double #000000 0.28pt; border-left:solid #000000 0.28pt; border-right:solid #000000 0.28pt" valign="middle">\n			<p class="0" style="margin-left:10px; text-align:center"><span style="line-height:140%"><span style="word-break:keep-all"><span style="text-autospace:none"><span lang="EN-US" style="font-size:14.0pt"><span style="font-family:돋움"><span style="letter-spacing:-0.9pt">huic-17</span></span></span></span></span></span></p>\n			</td>\n		</tr>\n		<tr>\n			<td style="border-bottom:double #000000 0.28pt; width:74.75pt; height:25.31pt; padding:1.41pt 1.41pt 1.41pt 1.41pt; border-top:double #000000 0.28pt; border-left:solid #000000 0.28pt; border-right:solid #000000 0.28pt" valign="middle">\n			<p class="0" style="text-align:center"><span style="line-height:130%"><span style="word-break:keep-all"><span style="text-autospace:none"><span lang="EN-US" style="font-size:14.0pt"><span style="font-family:돋움"><span style="letter-spacing:-0.5pt">6</span></span></span></span></span></span></p>\n			</td>\n			<td style="border-bottom:double #000000 0.28pt; width:157.54pt; height:25.31pt; padding:1.41pt 1.41pt 1.41pt 1.41pt; border-top:double #000000 0.28pt; border-left:solid #000000 0.28pt; border-right:solid #000000 0.28pt" valign="middle">\n			<p class="0" style="text-align:center"><span style="line-height:140%"><span style="word-break:keep-all"><span style="text-autospace:none"><span style="font-size:14.0pt"><span style="font-family:돋움"><span style="letter-spacing:-0.9pt">윤</span></span></span><span style="font-size:14.0pt"><span style="font-family:돋움"><span style="letter-spacing:-0.9pt">○</span></span></span><span style="font-size:14.0pt"><span style="font-family:돋움"><span style="letter-spacing:-0.9pt">규</span></span></span></span></span></span></p>\n			</td>\n			<td style="border-bottom:double #000000 0.28pt; width:228.25pt; height:25.31pt; padding:1.41pt 1.41pt 1.41pt 1.41pt; border-top:double #000000 0.28pt; border-left:solid #000000 0.28pt; border-right:solid #000000 0.28pt" valign="middle">\n			<p class="0" style="margin-left:10px; text-align:center"><span style="line-height:140%"><span style="word-break:keep-all"><span style="text-autospace:none"><span lang="EN-US" style="font-size:14.0pt"><span style="font-family:돋움"><span style="letter-spacing:-0.9pt">huic-20</span></span></span></span></span></span></p>\n			</td>\n		</tr>\n		<tr>\n			<td style="border-bottom:double #000000 0.28pt; width:74.75pt; height:25.31pt; padding:1.41pt 1.41pt 1.41pt 1.41pt; border-top:double #000000 0.28pt; border-left:solid #000000 0.28pt; border-right:solid #000000 0.28pt" valign="middle">\n			<p class="0" style="text-align:center"><span style="line-height:130%"><span style="word-break:keep-all"><span style="text-autospace:none"><span lang="EN-US" style="font-size:14.0pt"><span style="font-family:돋움"><span style="letter-spacing:-0.5pt">7</span></span></span></span></span></span></p>\n			</td>\n			<td style="border-bottom:double #000000 0.28pt; width:157.54pt; height:25.31pt; padding:1.41pt 1.41pt 1.41pt 1.41pt; border-top:double #000000 0.28pt; border-left:solid #000000 0.28pt; border-right:solid #000000 0.28pt" valign="middle">\n			<p class="0" style="text-align:center"><span style="line-height:140%"><span style="word-break:keep-all"><span style="text-autospace:none"><span style="font-size:14.0pt"><span style="font-family:돋움"><span style="letter-spacing:-0.9pt">최</span></span></span><span style="font-size:14.0pt"><span style="font-family:돋움"><span style="letter-spacing:-0.9pt">○</span></span></span><span style="font-size:14.0pt"><span style="font-family:돋움"><span style="letter-spacing:-0.9pt">순</span></span></span></span></span></span></p>\n			</td>\n			<td style="border-bottom:double #000000 0.28pt; width:228.25pt; height:25.31pt; padding:1.41pt 1.41pt 1.41pt 1.41pt; border-top:double #000000 0.28pt; border-left:solid #000000 0.28pt; border-right:solid #000000 0.28pt" valign="middle">\n			<p class="0" style="margin-left:10px; text-align:center"><span style="line-height:140%"><span style="word-break:keep-all"><span style="text-autospace:none"><span lang="EN-US" style="font-size:14.0pt"><span style="font-family:돋움"><span style="letter-spacing:-0.9pt">huic-23</span></span></span></span></span></span></p>\n			</td>\n		</tr>\n		<tr>\n			<td style="border-bottom:double #000000 0.28pt; width:74.75pt; height:25.31pt; padding:1.41pt 1.41pt 1.41pt 1.41pt; border-top:double #000000 0.28pt; border-left:solid #000000 0.28pt; border-right:solid #000000 0.28pt" valign="middle">\n			<p class="0" style="text-align:center"><span style="line-height:130%"><span style="word-break:keep-all"><span style="text-autospace:none"><span lang="EN-US" style="font-size:14.0pt"><span style="font-family:돋움"><span style="letter-spacing:-0.5pt">8</span></span></span></span></span></span></p>\n			</td>\n			<td style="border-bottom:double #000000 0.28pt; width:157.54pt; height:25.31pt; padding:1.41pt 1.41pt 1.41pt 1.41pt; border-top:double #000000 0.28pt; border-left:solid #000000 0.28pt; border-right:solid #000000 0.28pt" valign="middle">\n			<p class="0" style="text-align:center"><span style="line-height:140%"><span style="word-break:keep-all"><span style="text-autospace:none"><span style="font-size:14.0pt"><span style="font-family:돋움"><span style="letter-spacing:-0.9pt">주</span></span></span><span style="font-size:14.0pt"><span style="font-family:돋움"><span style="letter-spacing:-0.9pt">○</span></span></span><span style="font-size:14.0pt"><span style="font-family:돋움"><span style="letter-spacing:-0.9pt">나</span></span></span></span></span></span></p>\n			</td>\n			<td style="border-bottom:double #000000 0.28pt; width:228.25pt; height:25.31pt; padding:1.41pt 1.41pt 1.41pt 1.41pt; border-top:double #000000 0.28pt; border-left:solid #000000 0.28pt; border-right:solid #000000 0.28pt" valign="middle">\n			<p class="0" style="margin-left:10px; text-align:center"><span style="line-height:140%"><span style="word-break:keep-all"><span style="text-autospace:none"><span lang="EN-US" style="font-size:14.0pt"><span style="font-family:돋움"><span style="letter-spacing:-0.9pt">huic-33</span></span></span></span></span></span></p>\n			</td>\n		</tr>\n		<tr>\n			<td style="border-bottom:double #000000 0.28pt; width:74.75pt; height:25.31pt; padding:1.41pt 1.41pt 1.41pt 1.41pt; border-top:double #000000 0.28pt; border-left:solid #000000 0.28pt; border-right:solid #000000 0.28pt" valign="middle">\n			<p class="0" style="text-align:center"><span style="line-height:130%"><span style="word-break:keep-all"><span style="text-autospace:none"><span lang="EN-US" style="font-size:14.0pt"><span style="font-family:돋움"><span style="letter-spacing:-0.5pt">9</span></span></span></span></span></span></p>\n			</td>\n			<td style="border-bottom:double #000000 0.28pt; width:157.54pt; height:25.31pt; padding:1.41pt 1.41pt 1.41pt 1.41pt; border-top:double #000000 0.28pt; border-left:solid #000000 0.28pt; border-right:solid #000000 0.28pt" valign="middle">\n			<p class="0" style="text-align:center"><span style="line-height:140%"><span style="word-break:keep-all"><span style="text-autospace:none"><span style="font-size:14.0pt"><span style="font-family:돋움"><span style="letter-spacing:-0.9pt">이</span></span></span><span style="font-size:14.0pt"><span style="font-family:돋움"><span style="letter-spacing:-0.9pt">○</span></span></span><span style="font-size:14.0pt"><span style="font-family:돋움"><span style="letter-spacing:-0.9pt">훈</span></span></span></span></span></span></p>\n			</td>\n			<td style="border-bottom:double #000000 0.28pt; width:228.25pt; height:25.31pt; padding:1.41pt 1.41pt 1.41pt 1.41pt; border-top:double #000000 0.28pt; border-left:solid #000000 0.28pt; border-right:solid #000000 0.28pt" valign="middle">\n			<p class="0" style="margin-left:10px; text-align:center"><span style="line-height:140%"><span style="word-break:keep-all"><span style="text-autospace:none"><span lang="EN-US" style="font-size:14.0pt"><span style="font-family:돋움"><span style="letter-spacing:-0.9pt">huic-38</span></span></span></span></span></span></p>\n			</td>\n		</tr>\n		<tr>\n			<td style="border-bottom:double #000000 0.28pt; width:74.75pt; height:25.31pt; padding:1.41pt 1.41pt 1.41pt 1.41pt; border-top:double #000000 0.28pt; border-left:solid #000000 0.28pt; border-right:solid #000000 0.28pt" valign="middle">\n			<p class="0" style="text-align:center"><span style="line-height:130%"><span style="word-break:keep-all"><span style="text-autospace:none"><span lang="EN-US" style="font-size:14.0pt"><span style="font-family:돋움"><span style="letter-spacing:-0.5pt">10</span></span></span></span></span></span></p>\n			</td>\n			<td style="border-bottom:double #000000 0.28pt; width:157.54pt; height:25.31pt; padding:1.41pt 1.41pt 1.41pt 1.41pt; border-top:double #000000 0.28pt; border-left:solid #000000 0.28pt; border-right:solid #000000 0.28pt" valign="middle">\n			<p class="0" style="text-align:center"><span style="line-height:140%"><span style="word-break:keep-all"><span style="text-autospace:none"><span style="font-size:14.0pt"><span style="font-family:돋움"><span style="letter-spacing:-0.9pt">김</span></span></span><span style="font-size:14.0pt"><span style="font-family:돋움"><span style="letter-spacing:-0.9pt">○</span></span></span><span style="font-size:14.0pt"><span style="font-family:돋움"><span style="letter-spacing:-0.9pt">배</span></span></span></span></span></span></p>\n			</td>\n			<td style="border-bottom:double #000000 0.28pt; width:228.25pt; height:25.31pt; padding:1.41pt 1.41pt 1.41pt 1.41pt; border-top:double #000000 0.28pt; border-left:solid #000000 0.28pt; border-right:solid #000000 0.28pt" valign="middle">\n			<p class="0" style="margin-left:10px; text-align:center"><span style="line-height:140%"><span style="word-break:keep-all"><span style="text-autospace:none"><span lang="EN-US" style="font-size:14.0pt"><span style="font-family:돋움"><span style="letter-spacing:-0.9pt">huic-39</span></span></span></span></span></span></p>\n			</td>\n		</tr>\n		<tr>\n			<td colspan="3" style="border-bottom:solid #000000 0.28pt; width:460.54pt; height:19.65pt; padding:1.41pt 1.41pt 1.41pt 1.41pt; border-top:double #000000 0.28pt; border-left:solid #000000 0.28pt; border-right:solid #000000 0.28pt" valign="middle">\n			<p class="0" style="text-align:center"><span style="line-height:130%"><span style="word-break:keep-all"><span style="text-autospace:none"><span lang="EN-US" style="font-size:14.0pt"><span style="font-family:돋움"><span style="letter-spacing:-0.5pt">- </span></span></span><span style="font-size:14.0pt"><span style="font-family:돋움"><span style="letter-spacing:-0.5pt">이상 </span></span></span><span lang="EN-US" style="font-size:14.0pt"><span style="font-family:돋움"><span style="letter-spacing:-0.5pt">10</span></span></span><span style="font-size:14.0pt"><span style="font-family:돋움"><span style="letter-spacing:-0.5pt">개사 </span></span></span><span lang="EN-US" style="font-size:14.0pt"><span style="font-family:돋움"><span style="letter-spacing:-0.5pt">-</span></span></span></span></span></span></p>\n			</td>\n		</tr>\n	</tbody>\n</table>\n\n<p class="0" style="margin-left:40px; text-indent:-30.3pt"><span style="font-size:6.0pt"><span style="line-height:170%"><span style="text-autospace:none">&nbsp; </span></span></span></p>\n\n<p class="0" style="margin-left:46px; text-indent:-35.1pt"><span style="line-height:170%"><span style="text-autospace:none"><span style="font-size:13.0pt"><span style="font-family:돋움"><span style="letter-spacing:0pt">※ </span></span></span><span style="font-size:13.0pt"><span style="font-family:돋움">추후 일정은 개별통보</span></span></span></span></p>\n', 86, '2021-02-15 03:01:38', '2021-04-19 09:15:27', NULL, NULL),
	(2, 10001, '210.95.41.129', '(4월 15일 목요일) 3시 입주기업 소통의 시간', '<p>안녕하세요 하남스타트업캠퍼스 운영사무실입니다.</p>\n\n<p><strong>4월 15일 목요일 3시</strong>에 <strong>입주기업 소통의 시간</strong>을 가질 예정입니다.&nbsp;</p>\n\n<p>3월에 했던 간식시간처럼 편하게 오셔서 맛있게 먹고 즐기시면 됩니다~ ^^</p>\n\n<p>&nbsp;</p>\n\n<p><b>입주민 소통의 시간&nbsp;</b></p>\n\n<p>&nbsp; - 일시 : 4월 15일 목요일 오후3시</p>\n\n<p>&nbsp; - 장소 : 하남스타트업캠퍼스 공유오피스</p>\n\n<p>&nbsp; - 참석자 : 입주기업 대표 및 임직원</p>\n\n<p>&nbsp; - 입주기업과의 소통의 시간</p>\n\n<p>&nbsp; - 간식 및 소통 시간 진행</p>\n\n<p><b>※&nbsp;매달 2째주 수요일 진행예정 입니다.&nbsp;</b></p>\n\n<p>&nbsp;</p>\n\n<p>&nbsp;</p>\n\n<p>&nbsp;</p>\n', 19, '2021-04-02 00:28:53', '2021-04-20 06:10:47', NULL, NULL),
	(3, 10001, '210.95.41.129', '(날짜변경: 4월 21일 수요일) 5시 CEO 특강', '<p>안녕하세요 하남스타트업캠퍼스 운영사무실입니다.</p>\n\n<p><strong>4월 21일 수요일 5시</strong>에 <strong>CEO 특강</strong>이 있을 예정입니다.</p>\n\n<p>일정은 다음과 같습니다.&nbsp;</p>\n\n<p><b>&nbsp; - 일시 :&nbsp;4월 21일 수요일 오후5시(일정이 변경되었습니다.)</b></p>\n\n<p>&nbsp; - 장소 : 하남스타트업캠퍼스 외부 회의실(산업은행 IT센터 3층)</p>\n\n<p>&nbsp; - 참석자 : 입주기업 대표(대표자 참석이 어려울 경우 임원 참석 가능)</p>\n\n<p>&nbsp; - 특강주제 : &quot;창업에서 글로벌히든챔피언까지&quot;&nbsp;</p>\n\n<p>&nbsp; - 발표자 : 박준수센터장</p>\n\n<p><b>&nbsp; - 30분 특강 후 입주기업 대표자와 간담회 진행</b></p>\n\n<p>※ CEO 특강 후 저녁 도시락 진행 예정</p>\n\n<p><b>※&nbsp;매달 3째주 수요일에 CEO특강 진행 예정(업제 최고 전문가 섭외 예정)</b></p>\n\n<p>※&nbsp;중요 사항에 대한 공지가 포함되어 있습니다. 입주기업 대표님 또는 임원분 참석 부탁드립니다.&nbsp;</p>\n\n<p><img alt="" height="109" src="/startupcampus/upload/partner/partner-notice/3291ee02-1504-4558-80d1-101ebc745406.png" width="534" /></p>\n\n<p>&nbsp;</p>\n', 18, '2021-04-02 00:38:27', '2021-04-22 04:46:46', NULL, NULL),
	(4, 10001, '112.168.255.194', '자문위원 구성 및 운영', '<p><strong>하남스타트업캠퍼스 자문위원 구성 및 운영</strong></p>\n\n<p>하남스타트업캠퍼스 입주기업 분들을 위하여 기업컨설팅, 캠퍼스 발전전략, 사업기획 등에 대한 자문위원을 다음과 같이 구성하였습니다. 신청서를 통해 신청해주시기 바랍니다. 감사합니다.&nbsp;</p>\n\n<p><img alt="" height="589" src="/startupcampus/upload/partner/partner-notice/49e8c901-c4c0-4242-9051-2a359f9df1e1.png" width="750" /></p>\n\n<p><img alt="" height="159" src="/startupcampus/upload/partner/partner-notice/0025e919-f9f8-4fb0-b6e6-cb3543b2341f.png" width="750" /></p>\n\n<p><img alt="" height="510" src="/startupcampus/upload/partner/partner-notice/f49ed99a-12f2-4dde-94f1-0937d587145a.png" width="750" /></p>\n\n<p><img alt="" height="351" src="/startupcampus/upload/partner/partner-notice/eb3cddca-5880-4cba-aa8f-01d24311d642.png" width="750" /></p>\n', 13, '2021-04-19 06:03:14', '2021-04-20 06:11:00', NULL, NULL);
/*!40000 ALTER TABLE `board_notice_partner` ENABLE KEYS */;

-- 테이블 startup_campus.board_press 구조 내보내기
DROP TABLE IF EXISTS `board_press`;
CREATE TABLE IF NOT EXISTS `board_press` (
  `SEQ_ID` int(11) NOT NULL AUTO_INCREMENT,
  `WRITER_ID` int(11) NOT NULL COMMENT '보도자료 게시자 계정 SEQ_ID',
  `WRITER_IP` varchar(30) NOT NULL COMMENT '보도자료  게시자 IP',
  `REPRESENT_IMAGE` varchar(50) NOT NULL COMMENT '보도자료 대표이미지 파일이름',
  `TITLE` varchar(50) NOT NULL COMMENT '보도자료 제목',
  `CONTENT` mediumtext NOT NULL COMMENT '보도자료 내용',
  `VIEW_COUNT` int(11) NOT NULL DEFAULT '0' COMMENT '보도자료 게시글 조회수',
  `CREATED_AT` datetime NOT NULL DEFAULT CURRENT_TIMESTAMP COMMENT '보도자료 최초 작성일',
  `UPDATED_AT` datetime NOT NULL DEFAULT CURRENT_TIMESTAMP ON UPDATE CURRENT_TIMESTAMP COMMENT '보도자료 최근 수정일',
  `FILE_NAME` varchar(200) DEFAULT NULL,
  `FILE_PATH` varchar(300) DEFAULT NULL,
  PRIMARY KEY (`SEQ_ID`) USING BTREE,
  KEY `FK_NOTICE_USER_ID_WRITER_ID` (`WRITER_ID`) USING BTREE,
  CONSTRAINT `board_press_ibfk_1` FOREIGN KEY (`WRITER_ID`) REFERENCES `user_info` (`SEQ_ID`)
) ENGINE=InnoDB AUTO_INCREMENT=11 DEFAULT CHARSET=utf8 ROW_FORMAT=DYNAMIC COMMENT='보도자료 게시판 테이블';

-- 테이블 데이터 startup_campus.board_press:~0 rows (대략적) 내보내기
DELETE FROM `board_press`;
/*!40000 ALTER TABLE `board_press` DISABLE KEYS */;
INSERT INTO `board_press` (`SEQ_ID`, `WRITER_ID`, `WRITER_IP`, `REPRESENT_IMAGE`, `TITLE`, `CONTENT`, `VIEW_COUNT`, `CREATED_AT`, `UPDATED_AT`, `FILE_NAME`, `FILE_PATH`) VALUES
	(4, 10001, '210.95.41.129', '03d6f090-08d8-4d46-be8a-d8b48c983f85.jpg', '하남 스타트업 캠퍼스, 51개 업체 입주 신청... 5대1 경쟁률', '<p class="0"><strong><span style="font-size:16.0pt"><span style="text-autospace:none"><span style="font-size:16.0pt"><span style="font-family:맑은 고딕">하남 스타트업 캠퍼스</span></span><span lang="EN-US" style="font-size:16.0pt"><span style="font-family:맑은 고딕"><span style="letter-spacing:0pt">, 51</span></span></span><span style="font-size:16.0pt"><span style="font-family:맑은 고딕">개 업체 입주 신청</span></span><span lang="EN-US" style="font-size:16.0pt"><span style="font-family:맑은 고딕"><span style="letter-spacing:0pt">... 5</span></span></span><span style="font-size:16.0pt"><span style="font-family:맑은 고딕">대</span></span><span lang="EN-US" style="font-size:16.0pt"><span style="font-family:맑은 고딕"><span style="letter-spacing:0pt">1 </span></span></span><span style="font-size:16.0pt"><span style="font-family:맑은 고딕">경쟁률</span></span></span></span></strong></p>\r\n\r\n<p>&nbsp;</p>\r\n\r\n<table align="center" border="0" cellpadding="0" cellspacing="0" width="567">\r\n	<tbody>\r\n		<tr bgcolor="#ffffff">\r\n			<td><img alt="noname01" border="0" id="newsimg" src="http://dn.joongdo.co.kr/mnt/images/file/2021y/01m/14d/2021011401001174800051321.jpg" width="567" /></td>\r\n		</tr>\r\n		<tr bgcolor="#ffffff">\r\n			<td align="left">&nbsp;</td>\r\n		</tr>\r\n	</tbody>\r\n</table>\r\n\r\n<p>경기 하남도시공사(사장직무대리 안충식)가 하남시와 함께 추진 중인 &#39;하남스타트업캠퍼스&#39;에 51개 바이오 관련업체가 입주자 모집을 위한 창업경진대회에 신청을 해 5대 1의 높은 경쟁률을 보였다고 14일 밝혔다.<br />\r\n<br />\r\n공사에 따르면 지난해 12월 21일부터 이달 11일까지 신청을 접수한 결과, 하남시 소재 11개, 하남시를 제외한 경기도에서 15개, 서울에서 18개, 강원&middot;충남&middot;대구에서 7개 업체가 신청하는 등 여러 지역의 업체가 신청했다. 분야별로는 디지털바이오헬스 분야가 15개, 바이오헬스 융복합 분야가 14개, 바이오헬스 플랫폼 분야가 13개, 기타 9개 업체가 신청했으며, 이 중 예비창업자 13건, 창업자 38건 포함됐다.<br />\r\n<br />\r\n성장잠재력이 우수한 바이오헬스 스타트업 발굴과 창업 촉진을 위해 추진 중인 하남스타트업캠퍼스에는 올해 2월말 10개 업체가 입주할 예정이다. 1차 서류심사를 거쳐 20개 업체를 선정한 후, 2차 발표평가를 통해 최종 10개 업체를 선정하게 된다.<br />\r\n<br />\r\n전문가들로 구성된 심사위원회가 심사를 하게 되며, 선정된 업체에는 입주우선권과 전문가에 의한 액셀러레이팅(사업화) 프로그램 등이 지원된다.<br />\r\n<br />\r\n공사 관계자는 &quot;공사와 시가 함께 추진하고 있는 첨단 바이오산업단지에 대한 기업들이 높은 관심을 확인할 수 있었다&quot;며 &quot;바이오산업 유치 전망을 밝게 하고 있다&quot;고 말했다.<br />\r\n<br />\r\n공사는 프로젝트 성과를 극대화하기 위해 종합병원과 대학 산학협력단, 투자기관, 대&middot;중소기업, 스타트업 유관기관 등을 중심으로 한 클러스터를 구축할 예정이며, 전문 엑셀러레이터가 참여해 기업의 지속가능한 경영을 위한 맞춤형 지원책도 준비하고 있다.<br />\r\n<br />\r\n하남 바이오생태계 조성의 마중물 사업으로 추진되는 하남스타트업캠퍼스는 미사강변 산업은행 IT센터 3층 587㎡에 바이오 스타트업들을 입주 및 지원하기 위해 내부 인테리어 공사를 거쳐 올 3월 경 개소할 예정이다.<br />\r\n<br />\r\n<br />\r\n하남=이인국 기자 kuk15@&nbsp;2021-01-14 13:58&nbsp;</p>\r\n\r\n<p>중도일보(www.joongdo.co.kr), 무단전재 및 수집, 재배포 금지</p>\r\n\r\n<p>출처&nbsp;http://www.joongdo.co.kr/web/view.php?key=20210114010005002</p>\r\n', 11, '2021-03-24 07:29:24', '2021-04-19 06:54:35', NULL, NULL),
	(5, 10001, '210.95.41.129', '1ae818d2-9fab-4d8d-b8e2-19a6ae041608.png', '김상호 하남시장, 하남스타트업캠퍼스 입주기업 대표와 간담회', '<p class="0"><strong><span style="font-size:16.0pt"><span style="text-autospace:none"><span style="font-size:16.0pt"><span style="font-family:맑은 고딕">김상호 하남시장</span></span><span lang="EN-US" style="font-size:16.0pt"><span style="font-family:맑은 고딕"><span style="letter-spacing:0pt">, </span></span></span><span style="font-size:16.0pt"><span style="font-family:맑은 고딕">하남스타트업캠퍼스 입주기업 대표와 간담회</span></span></span></span></strong></p>\r\n\r\n<p class="0">&nbsp;</p>\r\n\r\n<table cellspacing="0">\r\n	<tbody>\r\n		<tr>\r\n			<td>\r\n			<table align="center" border="0" cellspacing="0">\r\n				<tbody>\r\n					<tr>\r\n						<td>\r\n						<p><img alt="" border="0" height="333" id="img_pop_view" src="http://www.discoverynews.kr/imgdata/tourtimes_net/202102/2021022553142980.jpg" width="501" /></p>\r\n\r\n						<p><span style="font-size:8.0pt"><span style="text-autospace:none"><span style="letter-spacing:0pt"><span style="font-size:8.0pt"><span style="font-family:맑은 고딕"><span style="letter-spacing:0pt">&nbsp; &nbsp;▲ </span></span></span><span style="font-size:8.0pt"><span style="font-family:맑은 고딕">하남스타트업캠퍼스 입주기업 대표와 간담회</span></span></span></span></span></p>\r\n						</td>\r\n					</tr>\r\n				</tbody>\r\n			</table>\r\n\r\n			<p class="0">&nbsp;</p>\r\n\r\n			<p class="0"><span style="font-size:11.0pt"><span style="text-autospace:none"><span style="letter-spacing:0pt"><span style="font-size:11.0pt"><span style="font-family:맑은 고딕">김상호 하남시장은 지난 </span></span><span lang="EN-US" style="font-size:11.0pt"><span style="font-family:맑은 고딕"><span style="letter-spacing:0pt">24</span></span></span><span style="font-size:11.0pt"><span style="font-family:맑은 고딕">일 하남스타트업캠퍼스 입주기업 간담회에서 대표들과 만나 </span></span><span lang="EN-US" style="font-size:11.0pt"><span style="font-family:맑은 고딕"><span style="letter-spacing:0pt">&ldquo;</span></span></span><span style="font-size:11.0pt"><span style="font-family:맑은 고딕">스타트업이 스타 기업으로 성장할 수 있는 환경을 만들어내겠다</span></span><span lang="EN-US" style="font-size:11.0pt"><span style="font-family:맑은 고딕"><span style="letter-spacing:0pt">&rdquo;</span></span></span><span style="font-size:11.0pt"><span style="font-family:맑은 고딕">고 약속했다</span></span><span lang="EN-US" style="font-size:11.0pt"><span style="font-family:맑은 고딕"><span style="letter-spacing:0pt">.</span></span></span></span></span></span></p>\r\n\r\n			<p class="0"><span style="font-size:11.0pt"><span style="text-autospace:none"><span style="letter-spacing:0pt"><span style="font-size:11.0pt"><span style="font-family:맑은 고딕">김 시장은 이날 망월동 미사 산업은행 </span></span><span lang="EN-US" style="font-size:11.0pt"><span style="font-family:맑은 고딕"><span style="letter-spacing:0pt">IT</span></span></span><span style="font-size:11.0pt"><span style="font-family:맑은 고딕">센터에 위치한 캠퍼스에서 스타트업 입주사 대표 </span></span><span lang="EN-US" style="font-size:11.0pt"><span style="font-family:맑은 고딕"><span style="letter-spacing:0pt">10</span></span></span><span style="font-size:11.0pt"><span style="font-family:맑은 고딕">명과 간담회를 갖고 </span></span><span lang="EN-US" style="font-size:11.0pt"><span style="font-family:맑은 고딕"><span style="letter-spacing:0pt">&ldquo;</span></span></span><span style="font-size:11.0pt"><span style="font-family:맑은 고딕">입주기업의 현재와 미래를 시가 함께할 것</span></span><span lang="EN-US" style="font-size:11.0pt"><span style="font-family:맑은 고딕"><span style="letter-spacing:0pt">&rdquo;</span></span></span><span style="font-size:11.0pt"><span style="font-family:맑은 고딕">이라며 이 같이 말했다</span></span><span lang="EN-US" style="font-size:11.0pt"><span style="font-family:맑은 고딕"><span style="letter-spacing:0pt">.</span></span></span></span></span></span></p>\r\n\r\n			<p class="0"><span style="font-size:11.0pt"><span style="text-autospace:none"><span style="letter-spacing:0pt"><span style="font-size:11.0pt"><span style="font-family:맑은 고딕">간담회는 하남시와 하남도시공사 주관으로 열렸으며</span></span><span lang="EN-US" style="font-size:11.0pt"><span style="font-family:맑은 고딕"><span style="letter-spacing:0pt">, </span></span></span><span style="font-size:11.0pt"><span style="font-family:맑은 고딕">김상호 시장을 비롯해 안충식 공사 사장 직무대행과 입주사 대표</span></span><span lang="EN-US" style="font-size:11.0pt"><span style="font-family:맑은 고딕"><span style="letter-spacing:0pt">, </span></span></span><span style="font-size:11.0pt"><span style="font-family:맑은 고딕">관계자가 참석했다</span></span><span lang="EN-US" style="font-size:11.0pt"><span style="font-family:맑은 고딕"><span style="letter-spacing:0pt">.</span></span></span></span></span></span></p>\r\n\r\n			<p class="0"><span style="font-size:11.0pt"><span style="text-autospace:none"><span style="letter-spacing:0pt"><span style="font-size:11.0pt"><span style="font-family:맑은 고딕">하남시는 성장 잠재력이 우수한 바이오헬스 분야 스타트업을 집중 육성하기 위해 하남도시공사와 협약을 맺고 미사 산업은행 </span></span><span lang="EN-US" style="font-size:11.0pt"><span style="font-family:맑은 고딕"><span style="letter-spacing:0pt">IT</span></span></span><span style="font-size:11.0pt"><span style="font-family:맑은 고딕">센터 </span></span><span lang="EN-US" style="font-size:11.0pt"><span style="font-family:맑은 고딕"><span style="letter-spacing:0pt">3</span></span></span><span style="font-size:11.0pt"><span style="font-family:맑은 고딕">층 </span></span><span lang="EN-US" style="font-size:11.0pt"><span style="font-family:맑은 고딕"><span style="letter-spacing:0pt">587</span></span></span><span style="font-size:11.0pt"><span style="font-family:맑은 고딕"><span style="letter-spacing:0pt">㎡</span></span></span><span style="font-size:11.0pt"><span style="font-family:맑은 고딕">에 캠퍼스를 조성</span></span><span lang="EN-US" style="font-size:11.0pt"><span style="font-family:맑은 고딕"><span style="letter-spacing:0pt">, 3</span></span></span><span style="font-size:11.0pt"><span style="font-family:맑은 고딕">월 개소를 앞두고 있다</span></span><span lang="EN-US" style="font-size:11.0pt"><span style="font-family:맑은 고딕"><span style="letter-spacing:0pt">.</span></span></span></span></span></span></p>\r\n\r\n			<p class="0"><span style="font-size:11.0pt"><span style="text-autospace:none"><span style="letter-spacing:0pt"><span style="font-size:11.0pt"><span style="font-family:맑은 고딕">간담회에 참석한 대표들은 김 시장 등 관계자와 올해 사업계획을 공유하고 바이오헬스 산업 발전방향에 대해 의견을 공유했다</span></span><span lang="EN-US" style="font-size:11.0pt"><span style="font-family:맑은 고딕"><span style="letter-spacing:0pt">.</span></span></span></span></span></span></p>\r\n\r\n			<p class="0"><span style="font-size:11.0pt"><span style="text-autospace:none"><span style="letter-spacing:0pt"><span style="font-size:11.0pt"><span style="font-family:맑은 고딕">캠퍼스 측에 따르면</span></span><span lang="EN-US" style="font-size:11.0pt"><span style="font-family:맑은 고딕"><span style="letter-spacing:0pt">, </span></span></span><span style="font-size:11.0pt"><span style="font-family:맑은 고딕">스타트업 성장을 가속하기 위해 종합병원과 산학협력단</span></span><span lang="EN-US" style="font-size:11.0pt"><span style="font-family:맑은 고딕"><span style="letter-spacing:0pt">, </span></span></span><span style="font-size:11.0pt"><span style="font-family:맑은 고딕">투자기관</span></span><span lang="EN-US" style="font-size:11.0pt"><span style="font-family:맑은 고딕"><span style="letter-spacing:0pt">, </span></span></span><span style="font-size:11.0pt"><span style="font-family:맑은 고딕">대</span></span><span lang="EN-US" style="font-size:11.0pt"><span style="font-family:맑은 고딕"><span style="letter-spacing:0pt">&middot;</span></span></span><span style="font-size:11.0pt"><span style="font-family:맑은 고딕">중소기업</span></span><span lang="EN-US" style="font-size:11.0pt"><span style="font-family:맑은 고딕"><span style="letter-spacing:0pt">, </span></span></span><span style="font-size:11.0pt"><span style="font-family:맑은 고딕">스타트업 유관기관 등을 중심으로 하는 클러스터를 구축할 예정이다</span></span><span lang="EN-US" style="font-size:11.0pt"><span style="font-family:맑은 고딕"><span style="letter-spacing:0pt">.</span></span></span></span></span></span></p>\r\n\r\n			<p class="0"><span style="font-size:11.0pt"><span style="text-autospace:none"><span style="letter-spacing:0pt"><span style="font-size:11.0pt"><span style="font-family:맑은 고딕">액셀러레이팅</span></span><span lang="EN-US" style="font-size:11.0pt"><span style="font-family:맑은 고딕"><span style="letter-spacing:0pt">(</span></span></span><span style="font-size:11.0pt"><span style="font-family:맑은 고딕">사업화</span></span><span lang="EN-US" style="font-size:11.0pt"><span style="font-family:맑은 고딕"><span style="letter-spacing:0pt">) </span></span></span><span style="font-size:11.0pt"><span style="font-family:맑은 고딕">프로그램 운영</span></span><span lang="EN-US" style="font-size:11.0pt"><span style="font-family:맑은 고딕"><span style="letter-spacing:0pt">, </span></span></span><span style="font-size:11.0pt"><span style="font-family:맑은 고딕">스타트업 전문교육 등 입주기업 육성과 지속가능 경영을 위한 맞춤형 지원도 마련하고 있다</span></span><span lang="EN-US" style="font-size:11.0pt"><span style="font-family:맑은 고딕"><span style="letter-spacing:0pt">.</span></span></span></span></span></span></p>\r\n\r\n			<p class="0"><span style="font-size:11.0pt"><span style="text-autospace:none"><span style="letter-spacing:0pt"><span style="font-size:11.0pt"><span style="font-family:맑은 고딕">김상호 시장은 </span></span><span lang="EN-US" style="font-size:11.0pt"><span style="font-family:맑은 고딕"><span style="letter-spacing:0pt">&ldquo;</span></span></span><span style="font-size:11.0pt"><span style="font-family:맑은 고딕">혁신적 스타트업 육성으로 자족기능을 확보하는 한편</span></span><span lang="EN-US" style="font-size:11.0pt"><span style="font-family:맑은 고딕"><span style="letter-spacing:0pt">, </span></span></span><span style="font-size:11.0pt"><span style="font-family:맑은 고딕">첨단기업과 중</span></span><span lang="EN-US" style="font-size:11.0pt"><span style="font-family:맑은 고딕"><span style="letter-spacing:0pt">&middot;</span></span></span><span style="font-size:11.0pt"><span style="font-family:맑은 고딕">소기업</span></span><span lang="EN-US" style="font-size:11.0pt"><span style="font-family:맑은 고딕"><span style="letter-spacing:0pt">, </span></span></span><span style="font-size:11.0pt"><span style="font-family:맑은 고딕">대기업 등이 서로 상생하며 조화를 이루는 하남형 기업생태계 모델을 만들어 지속가능 도시로 거듭나겠다</span></span><span lang="EN-US" style="font-size:11.0pt"><span style="font-family:맑은 고딕"><span style="letter-spacing:0pt">&rdquo;</span></span></span><span style="font-size:11.0pt"><span style="font-family:맑은 고딕">고 말했다</span></span><span lang="EN-US" style="font-size:11.0pt"><span style="font-family:맑은 고딕"><span style="letter-spacing:0pt">.</span></span></span></span></span></span></p>\r\n\r\n			<p class="0"><span style="font-size:11.0pt"><span style="text-autospace:none"><span style="letter-spacing:0pt"><span style="font-size:11.0pt"><span style="font-family:맑은 고딕">안충식 공사 사장 직무대행은 </span></span><span lang="EN-US" style="font-size:11.0pt"><span style="font-family:맑은 고딕"><span style="letter-spacing:0pt">&ldquo;</span></span></span><span style="font-size:11.0pt"><span style="font-family:맑은 고딕">스타트업 육성을 위해 전문성을 갖춘 인력을 채용하고 스타트업 활동을 위한 공간을 조성했다</span></span><span lang="EN-US" style="font-size:11.0pt"><span style="font-family:맑은 고딕"><span style="letter-spacing:0pt">&rdquo;</span></span></span><span style="font-size:11.0pt"><span style="font-family:맑은 고딕">며</span></span><span lang="EN-US" style="font-size:11.0pt"><span style="font-family:맑은 고딕"><span style="letter-spacing:0pt">, &ldquo;</span></span></span><span style="font-size:11.0pt"><span style="font-family:맑은 고딕">앞으로도 스타트업 성장을 위한 다양한 지원 방안을 마련하겠다</span></span><span lang="EN-US" style="font-size:11.0pt"><span style="font-family:맑은 고딕"><span style="letter-spacing:0pt">&rdquo;</span></span></span><span style="font-size:11.0pt"><span style="font-family:맑은 고딕">고 말했다</span></span><span lang="EN-US" style="font-size:11.0pt"><span style="font-family:맑은 고딕"><span style="letter-spacing:0pt">.</span></span></span></span></span></span></p>\r\n\r\n			<p class="0"><span style="font-size:11.0pt"><span style="text-autospace:none"><span style="letter-spacing:0pt"><span style="font-size:11.0pt"><span style="font-family:맑은 고딕">한편 캠퍼스는 지난해 </span></span><span lang="EN-US" style="font-size:11.0pt"><span style="font-family:맑은 고딕"><span style="letter-spacing:0pt">12</span></span></span><span style="font-size:11.0pt"><span style="font-family:맑은 고딕">월 창업 경진대회를 열고 입주기업을 모집해 </span></span><span lang="EN-US" style="font-size:11.0pt"><span style="font-family:맑은 고딕"><span style="letter-spacing:0pt">51</span></span></span><span style="font-size:11.0pt"><span style="font-family:맑은 고딕">개사가 신청했으며</span></span><span lang="EN-US" style="font-size:11.0pt"><span style="font-family:맑은 고딕"><span style="letter-spacing:0pt">, </span></span></span><span style="font-size:11.0pt"><span style="font-family:맑은 고딕">이 중 심사를 거쳐 최종 </span></span><span lang="EN-US" style="font-size:11.0pt"><span style="font-family:맑은 고딕"><span style="letter-spacing:0pt">10</span></span></span><span style="font-size:11.0pt"><span style="font-family:맑은 고딕">개 기업을 선정했다</span></span><span lang="EN-US" style="font-size:11.0pt"><span style="font-family:맑은 고딕"><span style="letter-spacing:0pt">.</span></span></span></span></span></span></p>\r\n\r\n			<p class="0"><span style="font-size:11.0pt"><span style="text-autospace:none"><span style="letter-spacing:0pt"><span style="font-size:11.0pt"><span style="font-family:맑은 고딕">선정 기업은 </span></span><span style="font-size:11.0pt"><span style="font-family:맑은 고딕"><span style="letter-spacing:0pt">▲㈜</span></span></span><span style="font-size:11.0pt"><span style="font-family:맑은 고딕">엠엘피</span></span><span lang="EN-US" style="font-size:11.0pt"><span style="font-family:맑은 고딕"><span style="letter-spacing:0pt">(</span></span></span><span style="font-size:11.0pt"><span style="font-family:맑은 고딕">맞춤형 욕창 예방 쿠션</span></span><span lang="EN-US" style="font-size:11.0pt"><span style="font-family:맑은 고딕"><span style="letter-spacing:0pt">) </span></span></span><span style="font-size:11.0pt"><span style="font-family:맑은 고딕"><span style="letter-spacing:0pt">▲㈜</span></span></span><span style="font-size:11.0pt"><span style="font-family:맑은 고딕">케이닷코리아</span></span><span lang="EN-US" style="font-size:11.0pt"><span style="font-family:맑은 고딕"><span style="letter-spacing:0pt">(</span></span></span><span style="font-size:11.0pt"><span style="font-family:맑은 고딕">한국</span></span><span lang="EN-US" style="font-size:11.0pt"><span style="font-family:맑은 고딕"><span style="letter-spacing:0pt">-</span></span></span><span style="font-size:11.0pt"><span style="font-family:맑은 고딕">동남아시아 헬스케어 정보 플랫폼</span></span><span lang="EN-US" style="font-size:11.0pt"><span style="font-family:맑은 고딕"><span style="letter-spacing:0pt">) </span></span></span><span style="font-size:11.0pt"><span style="font-family:맑은 고딕"><span style="letter-spacing:0pt">▲</span></span></span><span style="font-size:11.0pt"><span style="font-family:맑은 고딕">애니메드</span></span><span lang="EN-US" style="font-size:11.0pt"><span style="font-family:맑은 고딕"><span style="letter-spacing:0pt">(</span></span></span><span style="font-size:11.0pt"><span style="font-family:맑은 고딕">영유아 다기능 헬스케어 디바이스</span></span><span lang="EN-US" style="font-size:11.0pt"><span style="font-family:맑은 고딕"><span style="letter-spacing:0pt">) </span></span></span><span style="font-size:11.0pt"><span style="font-family:맑은 고딕"><span style="letter-spacing:0pt">▲</span></span></span><span style="font-size:11.0pt"><span style="font-family:맑은 고딕">앤코어스</span></span><span style="font-size:11.0pt"><span style="font-family:맑은 고딕"><span style="letter-spacing:0pt">㈜&nbsp;</span></span></span></span></span></span><span style="font-size:11.0pt"><span style="text-autospace:none"><span style="letter-spacing:0pt"><span lang="EN-US" style="font-size:11.0pt"><span style="font-family:맑은 고딕"><span style="letter-spacing:0pt">(</span></span></span><span style="font-size:11.0pt"><span style="font-family:맑은 고딕">피부</span></span><span lang="EN-US" style="font-size:11.0pt"><span style="font-family:맑은 고딕"><span style="letter-spacing:0pt">/</span></span></span><span style="font-size:11.0pt"><span style="font-family:맑은 고딕">두피 관리 디바이스</span></span><span lang="EN-US" style="font-size:11.0pt"><span style="font-family:맑은 고딕"><span style="letter-spacing:0pt">) </span></span></span><span style="font-size:11.0pt"><span style="font-family:맑은 고딕"><span style="letter-spacing:0pt">▲㈜</span></span></span><span style="font-size:11.0pt"><span style="font-family:맑은 고딕">엘엔로보틱스</span></span><span lang="EN-US" style="font-size:11.0pt"><span style="font-family:맑은 고딕"><span style="letter-spacing:0pt">(</span></span></span><span style="font-size:11.0pt"><span style="font-family:맑은 고딕">심혈관 중재 시술 보조로봇</span></span><span lang="EN-US" style="font-size:11.0pt"><span style="font-family:맑은 고딕"><span style="letter-spacing:0pt">) </span></span></span><span style="font-size:11.0pt"><span style="font-family:맑은 고딕"><span style="letter-spacing:0pt">▲㈜</span></span></span><span style="font-size:11.0pt"><span style="font-family:맑은 고딕">메디인테크</span></span><span lang="EN-US" style="font-size:11.0pt"><span style="font-family:맑은 고딕"><span style="letter-spacing:0pt">(</span></span></span><span style="font-size:11.0pt"><span style="font-family:맑은 고딕">인공지능 의료용 내시경</span></span><span lang="EN-US" style="font-size:11.0pt"><span style="font-family:맑은 고딕"><span style="letter-spacing:0pt">) </span></span></span><span style="font-size:11.0pt"><span style="font-family:맑은 고딕"><span style="letter-spacing:0pt">▲㈜</span></span></span><span style="font-size:11.0pt"><span style="font-family:맑은 고딕">설랩</span></span><span lang="EN-US" style="font-size:11.0pt"><span style="font-family:맑은 고딕"><span style="letter-spacing:0pt">(</span></span></span><span style="font-size:11.0pt"><span style="font-family:맑은 고딕">기능성 화장품 및 건티슈</span></span><span lang="EN-US" style="font-size:11.0pt"><span style="font-family:맑은 고딕"><span style="letter-spacing:0pt">) </span></span></span><span style="font-size:11.0pt"><span style="font-family:맑은 고딕"><span style="letter-spacing:0pt">▲</span></span></span><span style="font-size:11.0pt"><span style="font-family:맑은 고딕">닉스</span></span><span style="font-size:11.0pt"><span style="font-family:맑은 고딕"><span style="letter-spacing:0pt">㈜</span></span></span><span lang="EN-US" style="font-size:11.0pt"><span style="font-family:맑은 고딕"><span style="letter-spacing:0pt">(</span></span></span><span style="font-size:11.0pt"><span style="font-family:맑은 고딕">수면 종합 케어 시스템</span></span><span lang="EN-US" style="font-size:11.0pt"><span style="font-family:맑은 고딕"><span style="letter-spacing:0pt">) </span></span></span><span style="font-size:11.0pt"><span style="font-family:맑은 고딕"><span style="letter-spacing:0pt">▲㈜</span></span></span><span style="font-size:11.0pt"><span style="font-family:맑은 고딕">등자</span></span><span lang="EN-US" style="font-size:11.0pt"><span style="font-family:맑은 고딕"><span style="letter-spacing:0pt">(</span></span></span><span style="font-size:11.0pt"><span style="font-family:맑은 고딕">자전거 신개념 패달</span></span><span lang="EN-US" style="font-size:11.0pt"><span style="font-family:맑은 고딕"><span style="letter-spacing:0pt">) </span></span></span><span style="font-size:11.0pt"><span style="font-family:맑은 고딕"><span style="letter-spacing:0pt">▲</span></span></span><span style="font-size:11.0pt"><span style="font-family:맑은 고딕">아토플렉스</span></span><span style="font-size:11.0pt"><span style="font-family:맑은 고딕"><span style="letter-spacing:0pt">㈜</span></span></span><span lang="EN-US" style="font-size:11.0pt"><span style="font-family:맑은 고딕"><span style="letter-spacing:0pt">(</span></span></span><span style="font-size:11.0pt"><span style="font-family:맑은 고딕">감염증 검사 진단키트</span></span><span lang="EN-US" style="font-size:11.0pt"><span style="font-family:맑은 고딕"><span style="letter-spacing:0pt">) </span></span></span><span style="font-size:11.0pt"><span style="font-family:맑은 고딕">등 바이오헬스 분야에서 잠재력이 큰 스타트업이다</span></span><span lang="EN-US" style="font-size:11.0pt"><span style="font-family:맑은 고딕"><span style="letter-spacing:0pt">.</span></span></span></span></span></span></p>\r\n\r\n			<p class="0"><span style="font-size:11.0pt"><span style="text-autospace:none"><span style="letter-spacing:0pt"><span style="font-size:11.0pt"><span style="font-family:맑은 고딕">캠퍼스는 해당 기업이 이달 </span></span><span lang="EN-US" style="font-size:11.0pt"><span style="font-family:맑은 고딕"><span style="letter-spacing:0pt">25</span></span></span><span style="font-size:11.0pt"><span style="font-family:맑은 고딕">일부터 입주를 시작하면 프로그램 지원 등 본격적인 스타트업 육성에 나설 계획이다</span></span><span lang="EN-US" style="font-size:11.0pt"><span style="font-family:맑은 고딕"><span style="letter-spacing:0pt">.</span></span></span></span></span></span></p>\r\n\r\n			<p class="0"><span style="font-size:11.0pt"><span style="text-autospace:none"><span style="font-size:11.0pt"><span style="font-family:맑은 고딕">하남시 이명수기자&nbsp;</span></span><span style="letter-spacing:0pt"><span style="font-size:11.0pt"><span style="font-family:맑은 고딕">기사입력 </span></span><span lang="EN-US" style="font-size:11.0pt"><span style="font-family:맑은 고딕"><span style="letter-spacing:0pt">2021/02/25 [13:54]</span></span></span></span></span></span></p>\r\n\r\n			<p class="0"><span style="font-size:11.0pt"><span style="text-autospace:none"><span style="letter-spacing:0pt"><span lang="EN-US" style="font-size:11.0pt"><span style="font-family:맑은 고딕"><span style="letter-spacing:0pt">&lt;</span></span></span><span style="font-size:11.0pt"><span style="font-family:맑은 고딕">저작권자 </span></span><span style="font-size:11.0pt"><span style="font-family:맑은 고딕"><span style="letter-spacing:0pt">ⓒ </span></span></span><span style="font-size:11.0pt"><span style="font-family:맑은 고딕">디스커버리뉴스 무단전재 및 재배포 금지</span></span><span lang="EN-US" style="font-size:11.0pt"><span style="font-family:맑은 고딕"><span style="letter-spacing:0pt">&gt;</span></span></span></span></span></span></p>\r\n\r\n			<p class="0"><span style="font-size:11.0pt"><span style="text-autospace:none"><span style="letter-spacing:0pt"><span style="font-size:11.0pt"><span style="font-family:맑은 고딕">출처</span></span><span lang="EN-US" style="font-size:11.0pt"><span style="font-family:맑은 고딕"><span style="letter-spacing:0pt">&nbsp;http://www.discoverynews.kr/sub_read.html?uid=363398&sect;ion=sc56</span></span></span></span></span></span></p>\r\n			</td>\r\n		</tr>\r\n	</tbody>\r\n</table>\r\n', 24, '2021-03-24 08:16:41', '2021-04-01 07:49:05', NULL, NULL),
	(6, 10001, '210.95.41.129', '3f541188-199b-4b57-9483-c0594a4da303.png', '자족도시 향한 발걸음⋯ 하남시, 기업하기 좋은 도시 기반 조성 \'고삐\'', '<p><strong>자족도시 향한 발걸음⋯ 하남시, 기업하기 좋은 도시 기반 조성 &#39;고삐&#39;</strong></p>\r\n\r\n<p>송기원 기자&nbsp;입력 2021-03-21 10:55 수정 2021-03-21 12:17</p>\r\n\r\n<p>&nbsp;</p>\r\n\r\n<p>하남스타트업캠퍼스&amp;디캠 협업으로 스타트업 생태계 시너지 극대화<br />\r\n기업유치&middot;지원위원회 구성 등 기업유치 적극 추진</p>\r\n\r\n<figure id="id_div_main"><img alt="image" src="https://hafkztnqhdwa5736843.cdn.ntruss.com/data2/content/image/2021/03/21/.cache/512/20210321500064.jpg" storyid="0a2403e4-7816-145d-8178-526edc731b63" />\r\n<figcaption>&nbsp;</figcaption>\r\n</figure>\r\n\r\n<p>&nbsp;</p>\r\n\r\n<p>[아시아타임즈=송기원&nbsp;기자]&nbsp;김상호 하남시장은 동반성장기업협회 간담회에서 &ldquo;모든 기업인의 고민은 지속가능한 경영&rdquo;이라며 &ldquo;하남시도 지속가능성을 높이기 위해 생태도시, 교육도시, 자족도시를 지향하고 있다&rdquo;고 밝혔다.</p>\r\n\r\n<p>&nbsp;</p>\r\n\r\n<p>또 김 시장은 &ldquo;하남시는 그동안 과밀억제권역 등 각종 규제로 기업유치가 어려웠기 때문에 하남교산지구 개발과 5개의 철도, 5개의 고속도로를 활용해 기업하기 좋은 도시를 만들고자 한다&rdquo;며 자족도시를 향한 밑그림을 제시했다.</p>\r\n\r\n<p>&nbsp;</p>\r\n\r\n<p>그의 청사진은 하남교산지구 내 기존 기업들이 하남에 재정착할 수 있도록 하고, 나아가 교산신도시 자족용지 내 첨단산업과 바이오산업을 기반으로 클러스터를 조성하는 것이다.</p>\r\n\r\n<p>&nbsp;</p>\r\n\r\n<p>이에 본지는 올 한해 자족도시를 향한 하남시의 기업정책에 대해 살펴본다.</p>\r\n\r\n<p>&nbsp;</p>\r\n\r\n<p>&nbsp;</p>\r\n\r\n<figure id="id_div_main"><img alt="image" src="https://hafkztnqhdwa5736843.cdn.ntruss.com/data2/content/image/2021/03/21/.cache/512/20210321500067.jpg" storyid="0a2403e4-7816-145d-8178-526fdb771b69" />\r\n<figcaption>&nbsp;</figcaption>\r\n</figure>\r\n\r\n<p><strong>◇하남시 100년을 바라보다</strong></p>\r\n\r\n<p>&nbsp;</p>\r\n\r\n<p>젊은 인구 유입이 급격히 늘고 있는 하남시는 도시의 정주성을 높이기 위한 교육에 주력, 기업이 원하는 인재육성을 위한 평생학습, 진로지원 등 다양한 교육 사업을 전개하고 있다.</p>\r\n\r\n<p>&nbsp;</p>\r\n\r\n<p>또한 자족도시로 나아가기 위한 발판을 마련하기 위해 하남교산지구 개발뿐 아니라 미군공여 반환지 캠프콜번과 H2프로젝트 등 대규모 사업을 진행 중이다.</p>\r\n\r\n<p>&nbsp;</p>\r\n\r\n<p>지난해에는 미사 자족 용지에 진단키트 기업으로 각광 받고 있는 ㈜씨젠을 유치해 바이오산업의 집적화 가능성을 높였으며, 광림제약 등 우수기업과 기업은행 데이터센터를 유치했다.</p>\r\n\r\n<p>&nbsp;</p>\r\n\r\n<p>올해는 하남U1 테크노밸리에 장안평 자동차 부품상가 입주가 예정돼 있으며, 캠프콜번과 H2를 포함해 앞으로의 100년을 견인할 4대 개발지에 기업하기 좋은 입지 기반을 조성해 대기업과 중견기업, 중소기업이 어우러지는 생태계를 조성할 방침이다.</p>\r\n\r\n<p>&nbsp;</p>\r\n\r\n<figure id="id_div_main"><img alt="image" src="https://hafkztnqhdwa5736843.cdn.ntruss.com/data2/content/image/2021/03/21/.cache/512/20210321500116.jpg" storyid="0a2403e4-7816-145d-8178-52c943cb1bcb" />\r\n<figcaption>&nbsp;</figcaption>\r\n</figure>\r\n\r\n<p><strong>◇하남스타트업캠퍼스-디지털캠프 등 스타트업 기업생태계 기반 조성</strong></p>\r\n\r\n<p>&nbsp;</p>\r\n\r\n<p>4월에는 바이오헬스 산업을 대표할 &lsquo;하남스타트업캠퍼스&rsquo;(이하 &lsquo;캠퍼스&rsquo;) 개관을 앞두고 있다.</p>\r\n\r\n<p>&nbsp;</p>\r\n\r\n<p>&lsquo;하남스타트업캠퍼스&rsquo;는 KDB산업은행(미사강변한강로 177)에 587㎡규모로 회의실&middot;키친&middot;휴게실 등 공유공간을 조성해 기업 간 교류를 통해 미래 산업을 이끌 10개 스타트업 기업이 입주를 앞두고 있다.</p>\r\n\r\n<p>&nbsp;</p>\r\n\r\n<p>지난 1월 디지털바이오, 융&middot;복합 등 바이오헬스 분야 스타트업을 대상으로 한 창업경진대회에는 51개사가 지원해 최종 10개사가 선정됐다.</p>\r\n\r\n<p>&nbsp;</p>\r\n\r\n<p>인공지능 및 자율제어 기술이 적용되는 의료용 내시경, 혈관중재시술로봇, 수면 종합 케어 시스템, 맞춤형 욕창 예방 쿠션, 영유아 다기능 헬스 케어 디바이스 등 우수한 아이템을 보유한 창업자와 예비창업자들이 입주해 유니콘 기업을 꿈꾸게 될 것이다.</p>\r\n\r\n<p>&nbsp;</p>\r\n\r\n<p>&lsquo;캠퍼스&rsquo;는 2022년까지 창업아카데미 개설 운영, 액셀러레이터 프로그램, 창업동아리 지원 등인프라 기반을 구축하고 중장기 운영전략으로 하남소재 지식산업센터 입주 지원을 통한 스타기업 육성, 하남교산신도시 등에 자리잡게 해 산&middot;학&middot;연&middot;관 글로벌 기술사업화타운을 조성해 나갈 예정이다.</p>\r\n\r\n<p>&nbsp;</p>\r\n\r\n<p>하남시는 캠퍼스와 함께 스타트업 벤처 생태계를 이끌 또 하나의 축인 &lsquo;하남디지털캠프&rsquo;(이하&lsquo;디캠&rsquo;)를 집중 육성하고 두 스타트업 지원기관의 협업을 통해 시너지를 높여나갈 계획이다.</p>\r\n\r\n<p>&nbsp;</p>\r\n\r\n<figure id="id_div_main"><img alt="image" src="https://hafkztnqhdwa5736843.cdn.ntruss.com/data2/content/image/2021/03/21/.cache/512/20210321500065.jpg" storyid="0a2403e4-7816-145d-8178-526f182c1b65" />\r\n<figcaption>&nbsp;</figcaption>\r\n</figure>\r\n\r\n<p>&nbsp;</p>\r\n\r\n<p>이를 위해 시는 지난 9일 캠퍼스-디캠 간 협업을 위한 실무회의를 가졌다.</p>\r\n\r\n<p>&nbsp;</p>\r\n\r\n<p>이날 회의는 하남시 기업정책팀장, 캠퍼스 박준수 센터장, 디캠 조진웅 단장 등 관계자 7명이 참석해 머리를 맞댔다.</p>\r\n\r\n<p>&nbsp;</p>\r\n\r\n<p>협업사항에는 디캠의 영상촬영 시설인 크로마키 스튜디오와 3D교육장 등 시설 공동사용과 입주기업 클러스터협의회 구성, 창업경진대회 공동개최, 중앙정부 R&amp;D 수주교육지원에 대한 프로그램운영, 입주기업 워크샵 등을 공동 추진한다는 내용이 포함됐다.</p>\r\n\r\n<p>&nbsp;</p>\r\n\r\n<p>석승호 기업지원과장은 &ldquo;현재 하남시에는 교산지구, 캠프 콜번 등 자족도시를 위한 개발 사업이 한창&rdquo;이라며 &ldquo;올 한해 미래의 유니콘 기업을 꿈꾸는 스타트업 지원으로 건전한 기업생태계 조성에 발판을 마련하겠다&rdquo;고 밝혔다.</p>\r\n\r\n<p>&nbsp;</p>\r\n\r\n<p><strong>◇ 도시 자족기능 확대해 경기 동부권 신성장 거점도시로 도약</strong></p>\r\n\r\n<p>&nbsp;</p>\r\n\r\n<p>도시 자족기능 확대를 위해 시는 단기적으로 지식산업센터를 활용한 기업유치를 추진하며 교산 기업 이전 대책을 조속히 완료해 기업의 연속성과 종사자의 일자리를 유지한다는 계획이다.</p>\r\n\r\n<p>&nbsp;</p>\r\n\r\n<p>중장기적으로는 하남교산지구를 하이브리드 자족도시로 조성해 경기 동부권 신성장 거점도시로 성장하는 것이 목표다.</p>\r\n\r\n<p>&nbsp;</p>\r\n\r\n<p>하지만 하남시는 과밀억제권역에 묶여있고 현재 산업단지로 지정할 수 있는 물량이 없어 기업 입지로는 어려운 여건이다. 이 상황을 시민과 함께 풀어가기 위해 &lsquo;기업유치&middot;지원 위원회&rsquo;(이하 &lsquo;위원회&rsquo;)를 구성해 다음 달 본격적인 출범을 알릴 예정이다.</p>\r\n\r\n<p>&nbsp;</p>\r\n\r\n<p>시는 지난해 12월 적극적인 기업유치를 위해 기존 &lsquo;하남시 기업지원 및 육성에 관한 조례&rsquo;를 &lsquo;하남시 기업유치 촉진 및 지원 등에 관한 조례&rsquo;로 개정하며 위원회를 둘 수 있는 근거를 마련했다.</p>\r\n\r\n<p>&nbsp;</p>\r\n\r\n<p>민관협치기구인 위원회는 기업유치와 지원 관련 주요사항 자문과 심의, 의결, 토론 등 심의과정을 거침으로써 유망기업 선정 시 공정성과 객관성을 확보한다는 방침이다.</p>\r\n\r\n<p>&nbsp;</p>\r\n\r\n<p>이외에도 지속적인 기업지원 정책을 추진한다.</p>\r\n\r\n<p>&nbsp;</p>\r\n\r\n<p>올해도 코로나19로 어려움을 겪고 있는 기업 및 소상공인을 위해 16억 원의 특례보증 출연금 지원에 나선다.</p>\r\n\r\n<p>&nbsp;</p>\r\n\r\n<p>특례보증 지원은 시가 출연한 16억 원을 경기신용보증재단에 내면 재단은 출연금액의 10배수에 해당하는 160억 원 규모의 보증서를 하남시 관내 중소기업과 소상공인에게 발급하는 제도다.</p>\r\n\r\n<p>&nbsp;</p>\r\n\r\n<p>특례보증은 업체당 최대 3억 원, 소상공인은 최대 5천만 원까지 지원되며, 보증수수료 1% 고정 할인된 우대조건으로 운용된다.</p>\r\n\r\n<p>&nbsp;</p>\r\n\r\n<p>아울러 지난해 조성한 하남벤처펀드 1호를 운영하며 관내 유망기업에 10억 원 이상을 투자할 계획이다.</p>\r\n\r\n<p>&nbsp;</p>\r\n\r\n<figure id="id_div_main"><img alt="image" src="https://hafkztnqhdwa5736843.cdn.ntruss.com/data2/content/image/2021/03/21/.cache/512/20210321500115.jpg" storyid="0a2403e4-7816-145d-8178-52c941821bc9" />\r\n<figcaption>&nbsp;</figcaption>\r\n</figure>\r\n\r\n<p><strong>◇ 기업유치TF 가동 등 자족도시 프로젝트 &lsquo;탄력&rsquo;</strong></p>\r\n\r\n<p>&nbsp;</p>\r\n\r\n<p>하남의 미래는 경제, 우수기업 유치와 혁신기업 육성 등 좋은 기업의 유치에 있다고 해도 과언이 아니다.</p>\r\n\r\n<p>&nbsp;</p>\r\n\r\n<p>그 중심에는 하남시 임근혁 일자리경제국장의 진두지휘 아래 석승호 기업지원과장을 중심으로 한 기업지원과 직원들의 노력이 있다.</p>\r\n\r\n<p>&nbsp;</p>\r\n\r\n<p>그들은 기업이 있는 곳이면 어디든 찾아가는 수고를 마다하지 않고 향후 개발되는 하남시 개발지에도 자족도시 프로젝트를 접목시키기 위해 많은 고심을 하고 있다.</p>\r\n\r\n<p>&nbsp;</p>\r\n\r\n<p>지난해는 지자체 및 정부산하기관, 기업체 등 60여 곳을 방문해 하남시를 소개한 바 있으며, 올 1분기에는 동반성장기업협회소속 11개 기업체와 매출 1조 회사인 엔브이에이치코리아㈜와 간담회를 이어 오고 있다.</p>\r\n\r\n<p>&nbsp;</p>\r\n\r\n<p>하남시는 하남교산지구에 기업의 니즈를 반영한 자족도시를 이루기 위해 기관과의 협업을 추진할 계획이며, 오는 4월 사업시행자인 한국토지주택공사&middot;하남도시공사의 기업유치 부서와 공동으로 &lsquo;기업유치TF팀&rsquo;을 구성 운영할 예정이다.</p>\r\n\r\n<p>송기원 기자&nbsp;정치사회부</p>\r\n\r\n<p><a href="javascript:void(0);" onclick="SRV.goPage(\'/writerList?id=skw5053@hanmail.net\')">다른기사 보기</a></p>\r\n\r\n<p><a href="mailto:skw5053@hanmail.net">skw5053@hanmail.net</a>[저작권자ⓒ 아시아타임즈. 무단전재-재배포 금지]</p>\r\n\r\n<p>출처&nbsp;https://www.asiatime.co.kr/article/20210321500079</p>\r\n', 5, '2021-03-24 08:50:29', '2021-04-13 07:54:27', NULL, NULL),
	(7, 10001, '210.95.41.129', 'c59f8770-82b7-41dc-9baa-87e6ab95943b.png', '하남시, 디지털캠프+스타트업캠퍼스 협업…스타트업 생태계 조성', '<p><strong>하남시, 디지털캠프+스타트업캠퍼스 협업&hellip;스타트업 생태계 조성</strong></p>\r\n\r\n<p>하남=김동우 기자&nbsp;&nbsp;|&nbsp;&nbsp;2021.03.11 20:22</p>\r\n\r\n<table>\r\n	<tbody>\r\n		<tr>\r\n			<td><img alt="" height="510" src="https://menu.mt.co.kr/moneyweek/thumb/2021/03/11/06/2021031119418069954_1.jpg?rnd=88440" width="680" /></td>\r\n		</tr>\r\n		<tr>\r\n			<td>하남시(시장 김상호)는 효율적인 스타트업 지원 시스템 구축을 위해 디지털콘텐츠로 대표되는 &lsquo;하남디지털캠프와 바이오헬스 육성 사업인 &lsquo;하남스타트업캠퍼스 간 협업을 추진한다고 11일 밝혔다. / 사진제공=하남시</td>\r\n		</tr>\r\n	</tbody>\r\n</table>\r\n\r\n<p>하남시(시장 김상호)는 효율적인 스타트업 지원 시스템 구축을 위해 디지털콘텐츠로 대표되는 &lsquo;하남디지털캠프(이하 &lsquo;디캠&rsquo;)와 바이오헬스 육성 사업인 &lsquo;하남스타트업캠퍼스(이하 &lsquo;캠퍼스&rsquo;) 간 협업을 추진한다고 11일 밝혔다.</p>\r\n\r\n<p>&nbsp;</p>\r\n\r\n<p>시에 따르면, 지난해 5월 개소한 &lsquo;디캠&rsquo;과 오는 4월 개관할 &lsquo;캠퍼스&rsquo;의 물적 자원 및 프로그램 등을 공유해 시너지를 극대화한다는 방침이다.</p>\r\n\r\n<p>&nbsp;</p>\r\n\r\n<p>이를 위해 지난 9일 시 기업정책팀장과 &lsquo;디캠&rsquo;조진웅 단장, &lsquo;캠퍼스&rsquo;박준수 센터장 등 관계자 6명이 참석한 가운데 회의를 갖고 협업 사항을 논의했다.</p>\r\n\r\n<p>&nbsp;</p>\r\n\r\n<p>이날 회의에서는 ▲디캠의 영상촬영 시설인 크로마키 스튜디오와 3D교육장 등 시설 공동사용 ▲입주기업 클러스터협의회 구성 ▲창업경진대회 공동개최 등을 협업해 나가기로 했다.</p>\r\n\r\n<p>&nbsp;</p>\r\n\r\n<p>나아가 ▲중앙정부의 R&amp;D 수주교육 지원에 대한 프로그램 운영 ▲입주기업 워크숍 등도 추진해 나갈 예정이다.</p>\r\n\r\n<p>&nbsp;</p>\r\n\r\n<p>석승호 기업지원과장은 &ldquo;현재 하남시에는 교산지구, 캠프 콜번 등 자족도시를 위한 개발 사업이 활발히 진행되고 있다&rdquo;며, &ldquo;스타트업 육성을 통해 건전한 기업생태계 조성 발판을 마련하겠다&rdquo;고 말했다.</p>\r\n\r\n<p>&nbsp;</p>\r\n\r\n<p>한편, &lsquo;디캠&rsquo;에는 13개 기업이 입주해 있으며 &lsquo;스타트업캠퍼스&rsquo;에는&nbsp; 지난달 선정된 10개 기업이 오는 4월 개관과 함께 본격 운영에 들어가게 된다. 23개의 기업들은 이곳에서 미래 유니콘 기업으로의 꿈을 펼쳐나갈 예정이다.</p>\r\n\r\n<p><strong>하남=김동우</strong>&nbsp;<a href="mailto:bosun1997@mt.co.kr;" target="_blank">bosun1997@mt.co.kr</a>&nbsp;&nbsp;|&nbsp;</p>\r\n\r\n<p>머니s 경기인천지역을 담당하고 있는 김동우 기자입니다.</p>\r\n\r\n<p>출처&nbsp;https://mnb.moneys.mt.co.kr/mnbview.php?no=2021031119418069954</p>\r\n', 17, '2021-03-24 08:52:21', '2021-04-19 06:54:05', NULL, NULL);
INSERT INTO `board_press` (`SEQ_ID`, `WRITER_ID`, `WRITER_IP`, `REPRESENT_IMAGE`, `TITLE`, `CONTENT`, `VIEW_COUNT`, `CREATED_AT`, `UPDATED_AT`, `FILE_NAME`, `FILE_PATH`) VALUES
	(9, 10001, '210.95.41.129', '6dd09a88-fcd6-4dca-b4ba-567ba26c6217.jpg', '새길 뚫리는 3기 신도시 하남... 김상호 시장이 가는 길', '<div class="newstitlwrap" style="padding:20px 0px 40px; text-align:start; text-indent:0px; -webkit-text-stroke-width:0px">\r\n<div class="newstitle" style="border-bottom:1px solid #e6e6e6; padding:0px 10px 26px; margin-bottom:10px">\r\n<h3 class="tit_subject" style="padding:0px 0px 8px"><span style="font-size:12px"><span style="font-family:&quot;Nanum Gothic&quot;, &quot;Nanum Gothic&quot;, 나눔고딕, NanumGothic, dotum, 돋움, Helvetica, sans-serif, Apple-Gothic"><span style="color:#666666"><span style="font-style:normal"><span style="font-variant-ligatures:normal"><span style="font-variant-caps:normal"><span style="font-weight:400"><span style="letter-spacing:normal"><span style="orphans:2"><span style="text-transform:none"><span style="white-space:normal"><span style="widows:2"><span style="word-spacing:0px"><span style="background-color:#ffffff"><span style="text-decoration-thickness:initial"><span style="text-decoration-style:initial"><span style="text-decoration-color:initial"><span style="font-size:12px"><span style="font-family:&quot;Nanum Gothic&quot;, &quot;Nanum Gothic&quot;, 나눔고딕, NanumGothic, dotum, 돋움, Helvetica, sans-serif, Apple-Gothic"><span style="color:#666666"><span style="font-size:31px"><span style="font-family:&quot;Nanum Gothic&quot;, &quot;Nanum Gothic&quot;, 나눔고딕, NanumGothic, dotum, 돋움, Helvetica, sans-serif, Apple-Gothic"><span style="color:#000a19"><span style="outline-style:none"><span style="letter-spacing:-0.1em"><span style="font-weight:bold"><span style="line-height:1.2em"><a href="http://www.ohmynews.com/NWS_Web/View/at_pg.aspx?CNTN_CD=A0002729488" onclick="GA_Event(\'뉴스최종면_기사본문\', \'기사정보_클릭\', \'제목\');" style="font-family:&quot;Nanum Gothic&quot;, &quot;Nanum Gothic&quot;, 나눔고딕, NanumGothic, dotum, 돋움, Helvetica, sans-serif, Apple-Gothic; color:#000a19; text-decoration:underline">새길 뚫리는 3기 신도시 하남... 김상호 시장이 가는 길</a></span></span></span></span></span></span></span></span></span></span></span></span></span></span></span></span></span></span></span></span></span></span></span></span></span></span></span></h3>\r\n<span style="font-size:12px"><span style="font-family:&quot;Nanum Gothic&quot;, &quot;Nanum Gothic&quot;, 나눔고딕, NanumGothic, dotum, 돋움, Helvetica, sans-serif, Apple-Gothic"><span style="color:#666666"><span style="font-style:normal"><span style="font-variant-ligatures:normal"><span style="font-variant-caps:normal"><span style="font-weight:400"><span style="letter-spacing:normal"><span style="orphans:2"><span style="text-transform:none"><span style="white-space:normal"><span style="widows:2"><span style="word-spacing:0px"><span style="background-color:#ffffff"><span style="text-decoration-thickness:initial"><span style="text-decoration-style:initial"><span style="text-decoration-color:initial"><span style="font-size:12px"><span style="font-family:&quot;Nanum Gothic&quot;, &quot;Nanum Gothic&quot;, 나눔고딕, NanumGothic, dotum, 돋움, Helvetica, sans-serif, Apple-Gothic"><span style="color:#666666"><strong class="tit_subtit" style="display:block; font-size:15px; color:#666666; padding-bottom:18px">김<a href="http://www.ohmynews.com/NWS_Web/View/at_pg.aspx?CNTN_CD=A0002729488" onclick="GA_Event(\'뉴스최종면_기사본문\', \'기사정보_클릭\', \'부제목\');" style="font-family:&quot;Nanum Gothic&quot;, &quot;Nanum Gothic&quot;, 나눔고딕, NanumGothic, dotum, 돋움, Helvetica, sans-serif, Apple-Gothic; color:#666666; text-decoration:none">상호 하남시장 &ldquo;자족 가능한 고향 같은 도시를 만들고 싶다&rdquo;</a></strong></span></span></span></span></span></span></span></span></span></span></span></span></span></span></span></span></span></span></span></span></div>\r\n</div>\r\n\r\n<div class="newswrap" style="padding:0px; text-align:start; text-indent:0px; -webkit-text-stroke-width:0px">\r\n<div class="news_body" style="padding:0px">\r\n<div class="news_view" style="padding:0px 9px">\r\n<div class="article_view" style="padding:0px; width:602px">\r\n<div class="at_contents" itemprop="articleBody" style="padding:0px">\r\n<table align="center" class="photoCenter" style="padding:0px; border-spacing:0px; border-collapse:collapse; border:undefined">\r\n	<tbody>\r\n		<tr>\r\n			<td colspan="2" style="padding:0px"><span style="font-size:12px"><span style="font-family:&quot;Nanum Gothic&quot;, &quot;Nanum Gothic&quot;, 나눔고딕, NanumGothic, dotum, 돋움, Helvetica, sans-serif, Apple-Gothic"><span style="color:#666666"><span style="font-style:normal"><span style="font-variant-ligatures:normal"><span style="font-variant-caps:normal"><span style="font-weight:400"><span style="letter-spacing:normal"><span style="orphans:2"><span style="text-transform:none"><span style="white-space:normal"><span style="widows:2"><span style="word-spacing:0px"><span style="background-color:#ffffff"><span style="text-decoration-thickness:initial"><span style="text-decoration-style:initial"><span style="text-decoration-color:initial"><span style="font-size:12px"><span style="font-family:&quot;Nanum Gothic&quot;, &quot;Nanum Gothic&quot;, 나눔고딕, NanumGothic, dotum, 돋움, Helvetica, sans-serif, Apple-Gothic"><span style="color:#666666"><span style="font-size:12px"><span style="font-family:&quot;Nanum Gothic&quot;, &quot;Nanum Gothic&quot;, 나눔고딕, NanumGothic, dotum, 돋움, Helvetica, sans-serif, Apple-Gothic"><span style="color:#666666"><span style="position:relative"><span style="z-index:400"><span style="font-size:16px"><span style="font-family:&quot;Nanum Gothic&quot;, &quot;Nanum Gothic&quot;, 나눔고딕, NanumGothic, dotum, 돋움, Helvetica, sans-serif, Apple-Gothic"><span style="color:#000a19"><span style="line-height:25.6px"><span style="font-size:16px"><span style="font-family:&quot;Nanum Gothic&quot;, &quot;Nanum Gothic&quot;, 나눔고딕, NanumGothic, dotum, 돋움, Helvetica, sans-serif, Apple-Gothic"><span style="color:#000a19"><span style="line-height:1.85em"><span style="font-style:normal"><span style="font-variant:normal"><span style="word-break:break-word"><span style="letter-spacing:-0.02em"><span style="position:relative"><img alt=" 김상호 하남시장" class="photo_boder" src="http://ojsfile.ohmynews.com/STD_IMG_FILE/2021/0323/IE002778729_STD.jpg" style="border:1px solid #999999; display:block; text-align:center; max-width:600px; width:600px" /></span></span></span></span></span></span></span></span></span></span></span></span></span></span></span></span></span></span></span></span></span></span></span></span></span></span></span></span></span></span></span></span></span></span></span></span></span></span></td>\r\n		</tr>\r\n		<tr>\r\n			<td align="left" class="cssDesc" colspan="2" style="padding:5px 0px 10px; max-width:1280px; line-height:15px; width:600px"><span style="font-size:12px"><span style="font-family:&quot;Nanum Gothic&quot;, &quot;Nanum Gothic&quot;, 나눔고딕, NanumGothic, dotum, 돋움, Helvetica, sans-serif, Apple-Gothic"><span style="color:#666666"><span style="font-style:normal"><span style="font-variant-ligatures:normal"><span style="font-variant-caps:normal"><span style="font-weight:400"><span style="letter-spacing:normal"><span style="orphans:2"><span style="text-transform:none"><span style="white-space:normal"><span style="widows:2"><span style="word-spacing:0px"><span style="background-color:#ffffff"><span style="text-decoration-thickness:initial"><span style="text-decoration-style:initial"><span style="text-decoration-color:initial"><span style="font-size:12px"><span style="font-family:&quot;Nanum Gothic&quot;, &quot;Nanum Gothic&quot;, 나눔고딕, NanumGothic, dotum, 돋움, Helvetica, sans-serif, Apple-Gothic"><span style="color:#666666"><span style="font-size:12px"><span style="font-family:&quot;Nanum Gothic&quot;, &quot;Nanum Gothic&quot;, 나눔고딕, NanumGothic, dotum, 돋움, Helvetica, sans-serif, Apple-Gothic"><span style="color:#666666"><span style="position:relative"><span style="z-index:400"><span style="font-size:16px"><span style="font-family:&quot;Nanum Gothic&quot;, &quot;Nanum Gothic&quot;, 나눔고딕, NanumGothic, dotum, 돋움, Helvetica, sans-serif, Apple-Gothic"><span style="color:#000a19"><span style="line-height:25.6px"><span style="font-size:16px"><span style="font-family:&quot;Nanum Gothic&quot;, &quot;Nanum Gothic&quot;, 나눔고딕, NanumGothic, dotum, 돋움, Helvetica, sans-serif, Apple-Gothic"><span style="color:#000a19"><span style="line-height:1.85em"><span style="font-style:normal"><span style="font-variant:normal"><span style="word-break:break-word"><span style="letter-spacing:-0.02em"><span style="font-size:12px"><span style="position:relative"><span style="color:#9ea2a7"><b>▲&nbsp;</b>&nbsp;김상호 하남시장</span></span></span></span></span></span></span></span></span></span></span></span></span></span></span></span></span></span></span></span></span></span></span></span></span></span></span></span></span></span></span></span></span></span></span></span></span></span></span></span></td>\r\n		</tr>\r\n		<tr>\r\n			<td align="left" class="box_man" style="line-height:11px; padding:0px"><span style="font-size:12px"><span style="font-family:&quot;Nanum Gothic&quot;, &quot;Nanum Gothic&quot;, 나눔고딕, NanumGothic, dotum, 돋움, Helvetica, sans-serif, Apple-Gothic"><span style="color:#666666"><span style="font-style:normal"><span style="font-variant-ligatures:normal"><span style="font-variant-caps:normal"><span style="font-weight:400"><span style="letter-spacing:normal"><span style="orphans:2"><span style="text-transform:none"><span style="white-space:normal"><span style="widows:2"><span style="word-spacing:0px"><span style="background-color:#ffffff"><span style="text-decoration-thickness:initial"><span style="text-decoration-style:initial"><span style="text-decoration-color:initial"><span style="font-size:12px"><span style="font-family:&quot;Nanum Gothic&quot;, &quot;Nanum Gothic&quot;, 나눔고딕, NanumGothic, dotum, 돋움, Helvetica, sans-serif, Apple-Gothic"><span style="color:#666666"><span style="font-size:12px"><span style="font-family:&quot;Nanum Gothic&quot;, &quot;Nanum Gothic&quot;, 나눔고딕, NanumGothic, dotum, 돋움, Helvetica, sans-serif, Apple-Gothic"><span style="color:#666666"><span style="position:relative"><span style="z-index:400"><span style="font-size:16px"><span style="font-family:&quot;Nanum Gothic&quot;, &quot;Nanum Gothic&quot;, 나눔고딕, NanumGothic, dotum, 돋움, Helvetica, sans-serif, Apple-Gothic"><span style="color:#000a19"><span style="line-height:25.6px"><span style="font-size:16px"><span style="font-family:&quot;Nanum Gothic&quot;, &quot;Nanum Gothic&quot;, 나눔고딕, NanumGothic, dotum, 돋움, Helvetica, sans-serif, Apple-Gothic"><span style="color:#000a19"><span style="line-height:1.85em"><span style="font-style:normal"><span style="font-variant:normal"><span style="word-break:break-word"><span style="letter-spacing:-0.02em"><span style="font-size:11px"><span style="color:#9ea2a7"><span style="font-family:dotum, 돋움"><span style="position:relative">ⓒ 박정훈</span></span></span></span></span></span></span></span></span></span></span></span></span></span></span></span></span></span></span></span></span></span></span></span></span></span></span></span></span></span></span></span></span></span></span></span></span></span></span></span></span></td>\r\n			<td align="right" class="atc_btn" style="text-align:right; padding:0px">\r\n			<p class="btn_area01" style="padding:0px; margin-top:6px"><span style="font-size:12px"><span style="font-family:&quot;Nanum Gothic&quot;, &quot;Nanum Gothic&quot;, 나눔고딕, NanumGothic, dotum, 돋움, Helvetica, sans-serif, Apple-Gothic"><span style="color:#666666"><span style="font-style:normal"><span style="font-variant-ligatures:normal"><span style="font-variant-caps:normal"><span style="font-weight:400"><span style="letter-spacing:normal"><span style="orphans:2"><span style="text-transform:none"><span style="white-space:normal"><span style="widows:2"><span style="word-spacing:0px"><span style="background-color:#ffffff"><span style="text-decoration-thickness:initial"><span style="text-decoration-style:initial"><span style="text-decoration-color:initial"><span style="font-size:12px"><span style="font-family:&quot;Nanum Gothic&quot;, &quot;Nanum Gothic&quot;, 나눔고딕, NanumGothic, dotum, 돋움, Helvetica, sans-serif, Apple-Gothic"><span style="color:#666666"><span style="font-size:12px"><span style="font-family:&quot;Nanum Gothic&quot;, &quot;Nanum Gothic&quot;, 나눔고딕, NanumGothic, dotum, 돋움, Helvetica, sans-serif, Apple-Gothic"><span style="color:#666666"><span style="position:relative"><span style="z-index:400"><span style="font-size:16px"><span style="font-family:&quot;Nanum Gothic&quot;, &quot;Nanum Gothic&quot;, 나눔고딕, NanumGothic, dotum, 돋움, Helvetica, sans-serif, Apple-Gothic"><span style="color:#000a19"><span style="line-height:25.6px"><span style="font-size:16px"><span style="font-family:&quot;Nanum Gothic&quot;, &quot;Nanum Gothic&quot;, 나눔고딕, NanumGothic, dotum, 돋움, Helvetica, sans-serif, Apple-Gothic"><span style="color:#000a19"><span style="line-height:1.85em"><span style="font-style:normal"><span style="font-variant:normal"><span style="word-break:break-word"><span style="letter-spacing:-0.02em"><span style="position:relative"><span style="font-size:16px"><span style="font-family:&quot;Nanum Gothic&quot;, &quot;Nanum Gothic&quot;, 나눔고딕, NanumGothic, dotum, 돋움, Helvetica, sans-serif, Apple-Gothic"><span style="color:#000a19"><span style="line-height:1.85em"><a class="btn_all" href="http://www.ohmynews.com/NWS_Web/View/img_pg.aspx?CNTN_CD=IE002778729" style="font-family:&quot;Nanum Gothic&quot;, &quot;Nanum Gothic&quot;, 나눔고딕, NanumGothic, dotum, 돋움, Helvetica, sans-serif, Apple-Gothic; color:#f4f4f4; text-decoration:none; font-size:11px; background:#949aaa; display:inline-block; padding:0px 8px" target="_blank">관련사진보기</a></span></span></span></span></span></span></span></span></span></span></span></span></span></span></span></span></span></span></span></span></span></span></span></span></span></span></span></span></span></span></span></span></span></span></span></span></span></span></span></span></span></span></p>\r\n			</td>\r\n		</tr>\r\n	</tbody>\r\n</table>\r\n<span style="font-size:12px"><span style="font-family:&quot;Nanum Gothic&quot;, &quot;Nanum Gothic&quot;, 나눔고딕, NanumGothic, dotum, 돋움, Helvetica, sans-serif, Apple-Gothic"><span style="color:#666666"><span style="font-style:normal"><span style="font-variant-ligatures:normal"><span style="font-variant-caps:normal"><span style="font-weight:400"><span style="letter-spacing:normal"><span style="orphans:2"><span style="text-transform:none"><span style="white-space:normal"><span style="widows:2"><span style="word-spacing:0px"><span style="background-color:#ffffff"><span style="text-decoration-thickness:initial"><span style="text-decoration-style:initial"><span style="text-decoration-color:initial"><span style="font-size:12px"><span style="font-family:&quot;Nanum Gothic&quot;, &quot;Nanum Gothic&quot;, 나눔고딕, NanumGothic, dotum, 돋움, Helvetica, sans-serif, Apple-Gothic"><span style="color:#666666"><span style="font-size:12px"><span style="font-family:&quot;Nanum Gothic&quot;, &quot;Nanum Gothic&quot;, 나눔고딕, NanumGothic, dotum, 돋움, Helvetica, sans-serif, Apple-Gothic"><span style="color:#666666"><span style="position:relative"><span style="z-index:400"><span style="font-size:16px"><span style="font-family:&quot;Nanum Gothic&quot;, &quot;Nanum Gothic&quot;, 나눔고딕, NanumGothic, dotum, 돋움, Helvetica, sans-serif, Apple-Gothic"><span style="color:#000a19"><span style="line-height:25.6px"><span style="font-size:16px"><span style="font-family:&quot;Nanum Gothic&quot;, &quot;Nanum Gothic&quot;, 나눔고딕, NanumGothic, dotum, 돋움, Helvetica, sans-serif, Apple-Gothic"><span style="color:#000a19"><span style="line-height:1.85em"><span style="font-style:normal"><span style="font-variant:normal"><span style="word-break:break-word"><span style="letter-spacing:-0.02em">&nbsp;<br />\r\n<font color="#996633">&quot;전 국회의원, 전 시장님들께 감사드립니다.&quot;</font><br />\r\n<br />\r\n김상호 하남시장의 인터뷰 첫 인사말이다. 지난 19일 기자와 만난 그는 5호선 개통의 기쁨을 숨기지 않았다. 또 그 길에 함께한 이들에 대한 감사를 잊지 않았다.&nbsp;<br />\r\n<br />\r\n5년 만에 인구가 2배로 증가한 하남시. 3월 중으로 곧 30만 돌파를 앞두고 있다. 급변하는 전환기에 마주선 이곳은 교산신도시 추진, 지하철 5호선 개통 및 3호선・9호선 확정 등 많은 변화를 겪었다.&nbsp;</span></span></span></span></span></span></span></span></span></span></span></span></span></span></span></span></span></span></span></span></span></span></span></span></span></span></span></span></span></span></span></span></span></span></span></span></span><br />\r\n&nbsp;\r\n<div id="dvCenterAd" style="padding:0px; margin-right:15px"><span style="font-size:12px"><span style="font-family:&quot;Nanum Gothic&quot;, &quot;Nanum Gothic&quot;, 나눔고딕, NanumGothic, dotum, 돋움, Helvetica, sans-serif, Apple-Gothic"><span style="color:#666666"><span style="font-style:normal"><span style="font-variant-ligatures:normal"><span style="font-variant-caps:normal"><span style="font-weight:400"><span style="letter-spacing:normal"><span style="orphans:2"><span style="text-transform:none"><span style="white-space:normal"><span style="widows:2"><span style="word-spacing:0px"><span style="background-color:#ffffff"><span style="text-decoration-thickness:initial"><span style="text-decoration-style:initial"><span style="text-decoration-color:initial"><span style="font-size:12px"><span style="font-family:&quot;Nanum Gothic&quot;, &quot;Nanum Gothic&quot;, 나눔고딕, NanumGothic, dotum, 돋움, Helvetica, sans-serif, Apple-Gothic"><span style="color:#666666"><span style="font-size:12px"><span style="font-family:&quot;Nanum Gothic&quot;, &quot;Nanum Gothic&quot;, 나눔고딕, NanumGothic, dotum, 돋움, Helvetica, sans-serif, Apple-Gothic"><span style="color:#666666"><span style="position:relative"><span style="z-index:400"><span style="font-size:16px"><span style="font-family:&quot;Nanum Gothic&quot;, &quot;Nanum Gothic&quot;, 나눔고딕, NanumGothic, dotum, 돋움, Helvetica, sans-serif, Apple-Gothic"><span style="color:#000a19"><span style="line-height:25.6px"><span style="font-size:16px"><span style="font-family:&quot;Nanum Gothic&quot;, &quot;Nanum Gothic&quot;, 나눔고딕, NanumGothic, dotum, 돋움, Helvetica, sans-serif, Apple-Gothic"><span style="color:#000a19"><span style="line-height:1.85em"><span style="font-style:normal"><span style="font-variant:normal"><span style="word-break:break-word"><span style="letter-spacing:-0.02em"><span style="font-size:12px"><span style="font-family:&quot;Nanum Gothic&quot;, &quot;Nanum Gothic&quot;, 나눔고딕, NanumGothic, dotum, 돋움, Helvetica, sans-serif, Apple-Gothic"><span style="color:#666666"><span style="float:left"><iframe allowtransparency="true" frameborder="0" height="250" id="ttx_area_1078087127_93" marginheight="0" marginwidth="0" onload="onLoaded()" scrolling="NO" style="border:0px none" width="250"></iframe><span style="font-size:12px; padding:0px"><span style="font-family:Helvetica-light, AppleSDGothicNeo-Light, &quot;Malgun Gothic&quot;, &quot;맑은 고딕&quot;, Dotum, 돋움, sans-serif"><span style="color:#666666"><span style="position:absolute"><span style="left:0px"><span style="top:0px"><span style="visibility:hidden"><img alt="ad" src="https://adlc-exchange.toast.com/log?u=http%3A%2F%2Fwww.ohmynews.com%2FNWS_Web%2FView%2Fat_pg.aspx%3FCNTN_CD%3DA0002729488&amp;pubcode=1285348784" style="border:0px; width:0px; height:0px" /></span></span></span></span></span></span></span></span></span></span></span></span></span></span></span></span></span></span></span></span></span></span></span></span></span></span></span></span></span></span></span></span></span></span></span></span></span></span></span></span></span></span></span></span></span></span></span></span></div>\r\n<span style="font-size:12px"><span style="font-family:&quot;Nanum Gothic&quot;, &quot;Nanum Gothic&quot;, 나눔고딕, NanumGothic, dotum, 돋움, Helvetica, sans-serif, Apple-Gothic"><span style="color:#666666"><span style="font-style:normal"><span style="font-variant-ligatures:normal"><span style="font-variant-caps:normal"><span style="font-weight:400"><span style="letter-spacing:normal"><span style="orphans:2"><span style="text-transform:none"><span style="white-space:normal"><span style="widows:2"><span style="word-spacing:0px"><span style="background-color:#ffffff"><span style="text-decoration-thickness:initial"><span style="text-decoration-style:initial"><span style="text-decoration-color:initial"><span style="font-size:12px"><span style="font-family:&quot;Nanum Gothic&quot;, &quot;Nanum Gothic&quot;, 나눔고딕, NanumGothic, dotum, 돋움, Helvetica, sans-serif, Apple-Gothic"><span style="color:#666666"><span style="font-size:12px"><span style="font-family:&quot;Nanum Gothic&quot;, &quot;Nanum Gothic&quot;, 나눔고딕, NanumGothic, dotum, 돋움, Helvetica, sans-serif, Apple-Gothic"><span style="color:#666666"><span style="position:relative"><span style="z-index:400"><span style="font-size:16px"><span style="font-family:&quot;Nanum Gothic&quot;, &quot;Nanum Gothic&quot;, 나눔고딕, NanumGothic, dotum, 돋움, Helvetica, sans-serif, Apple-Gothic"><span style="color:#000a19"><span style="line-height:25.6px"><span style="font-size:16px"><span style="font-family:&quot;Nanum Gothic&quot;, &quot;Nanum Gothic&quot;, 나눔고딕, NanumGothic, dotum, 돋움, Helvetica, sans-serif, Apple-Gothic"><span style="color:#000a19"><span style="line-height:1.85em"><span style="font-style:normal"><span style="font-variant:normal"><span style="word-break:break-word"><span style="letter-spacing:-0.02em"><font color="#996633">&quot;정치와 행정하는 사람은 통합과 경영능력이 있어야 한다.&quot;</font><br />\r\n<br />\r\n김 시장은 문희상 전 의장의 말을 인용하며 정치와 행정의 어려움을 나타냈다. 그는 문 전 의장의 말을 통해 &quot;통합과 경영은 덧셈이 아닌 곱셈이다. 하나가 0이면 둘 다 0&quot;이라며 &quot;통합을 위해 구조적 협치를 해야 하고 경영을 위해 자체적 재원 확보 위한 노력을 해야 한다&quot;고 강조했다.&nbsp;<br />\r\n<br />\r\n그러나 그는 최근 전국적으로 논란이 되고 있는 신도시 투기와 관련 무관용 방침을 밝히며 단호한 입장을 나타냈다.&nbsp;김 시장은 &quot;해당 지역 주민들의 상실감과 허탈감을 알고 있다. 하남시 공직자도 엄격히 조사해 보고 할 것&quot;이라며 &quot;의혹 발견 시 사법기관에 수사의뢰 하겠다&quot;고 말했다.&nbsp;<br />\r\n<br />\r\n김 시장은 &quot;교통은 자족도시의 필요조건&quot;이라며 &quot;하남시는 서울과 경기도를 잇는 교통도시가 될 것이다. 2030년까지 &#39;5철&#39;(5개 철도) 시대를 열겠다는 목표를 갖고 있다&quot;고 밝혔다. 다음은 김상호 하남시장과의 일문일답 전문이다.&nbsp;<br />\r\n<br />\r\n<font color="#333399">- 하남시장이 된 지 벌써 3년이 됐다. 시정 운영하면서 느낀 소회는?</font><br />\r\n<br />\r\n&quot;하남시는 5년 만에 인구가 2배로 늘었다. 3월 중으로 곧 30만 명을 돌파한다. 도시다운 도시로 급변하는 전환기에 있다. 시민들과 함께 밑그림을 그려간 시기였다고 생각한다. 교산신도시 추진, 지하철 5호선 개통 및 3호선・9호선 확정 등 많은 결실을 맺었다. 이러한 결실들이 하남시 중장기 발전의 기틀이 될 것이다.&nbsp;<br />\r\n<br />\r\n그러나 &#39;연못을 말려 고기를 잡는다&#39;는 &#39;갈택이어(竭泽而渔)&#39;의 우를 범하지는 말아야 한다. 개발이 되더라도 지속가능한 개발이 이루어져야 하고, 공동체를 지켜야 한다. 신장동 원도심에 620억 원 예산을 투입해 균형발전을 위한 도시재생 뉴딜 사업을 2023년까지 추진한다. 또 교산신도시 개발 과정에서 주민 이주대책과 기업이전 대책을 마련하고, 문화재 민관공협의체를 운영하는 것은 공동체를 보존하고 발전시키고자 하는 시의 의지다.&quot;<br />\r\n<br />\r\n<font color="#333399">- 작년 주요공약 추진 상황과 주요성과는?</font><br />\r\n<br />\r\n&quot;70개의 공약 중 현재 60%에 해당하는 42개의 공약을 완료했다. 작년 주요 공약이자 시민들의 오랜 숙원인 &#39;지하철5호선 개통&#39; 및 &#39;지하철9호선 확정&#39;으로 본격적인 지하철 시대가 됐고, 각종 공모사업을 통해 획득한 국도비 등을 통해 지역별로 도시재생사업과 생활SOC사업을 본격화했다.<br />\r\n<br />\r\n시민참여 분야 공약인 &#39;3대 시민협치제도&#39; 백년도시위원회, 공공갈등심의위원회, 시민감사관제도가 제도화된 후 완전히 자리 잡게 된 점도 강조하고 싶다. 시민과의 연대는 빛나는 하남의 토대다. 시민들이 행정에 협력하는 데 머무르지 않고 시정을 주체적으로 이끌어 갈 수 있도록 시민과의 연대를 바탕으로 한 협치 역량강화 등 노력을 계속해 나갈 생각이다. 남은 기간, 추진 중인 공약도 차질 없이 완료할 수 있도록 최선을 다할 것이다.<br />\r\n<br />\r\n지난해는 시민의 안전을 지키기 위한 &#39;코로나 위기대응의 해&#39;였다. 코로나 장기화, 위드코로나 시대로 진입하면서, 시민들과 함께 하지 않으면 대응이 불가능했다. 그런 점에서 시민사회와의 긴밀한 협력을 통해 코로나19를 효과적으로 대응해 나갔던 점을 큰 성과로 꼽고 싶다. 대표적인 사례가 하남 방역의 큰 축인 &#39;호흡기감염 클리닉&#39;과 &#39;범시민 민관협력위원회&#39;다. 시민 참여, 시민 협치의 훌륭한 모델이라 평가한다.&quot;<br />\r\n<br />\r\n<strong>&quot;베드타운에 머물던 하남시, &#39;자족도시&#39; 만들겠다&quot;</strong><br />\r\n&nbsp;</span></span></span></span></span></span></span></span></span></span></span></span></span></span></span></span></span></span></span></span></span></span></span></span></span></span></span></span></span></span></span></span></span></span></span></span></span>\r\n\r\n<table align="center" class="photoCenter" style="padding:0px; border-spacing:0px; border-collapse:collapse; border:undefined">\r\n	<tbody>\r\n		<tr>\r\n			<td colspan="2" style="padding:0px"><span style="font-size:12px"><span style="font-family:&quot;Nanum Gothic&quot;, &quot;Nanum Gothic&quot;, 나눔고딕, NanumGothic, dotum, 돋움, Helvetica, sans-serif, Apple-Gothic"><span style="color:#666666"><span style="font-style:normal"><span style="font-variant-ligatures:normal"><span style="font-variant-caps:normal"><span style="font-weight:400"><span style="letter-spacing:normal"><span style="orphans:2"><span style="text-transform:none"><span style="white-space:normal"><span style="widows:2"><span style="word-spacing:0px"><span style="background-color:#ffffff"><span style="text-decoration-thickness:initial"><span style="text-decoration-style:initial"><span style="text-decoration-color:initial"><span style="font-size:12px"><span style="font-family:&quot;Nanum Gothic&quot;, &quot;Nanum Gothic&quot;, 나눔고딕, NanumGothic, dotum, 돋움, Helvetica, sans-serif, Apple-Gothic"><span style="color:#666666"><span style="font-size:12px"><span style="font-family:&quot;Nanum Gothic&quot;, &quot;Nanum Gothic&quot;, 나눔고딕, NanumGothic, dotum, 돋움, Helvetica, sans-serif, Apple-Gothic"><span style="color:#666666"><span style="position:relative"><span style="z-index:400"><span style="font-size:16px"><span style="font-family:&quot;Nanum Gothic&quot;, &quot;Nanum Gothic&quot;, 나눔고딕, NanumGothic, dotum, 돋움, Helvetica, sans-serif, Apple-Gothic"><span style="color:#000a19"><span style="line-height:25.6px"><span style="font-size:16px"><span style="font-family:&quot;Nanum Gothic&quot;, &quot;Nanum Gothic&quot;, 나눔고딕, NanumGothic, dotum, 돋움, Helvetica, sans-serif, Apple-Gothic"><span style="color:#000a19"><span style="line-height:1.85em"><span style="font-style:normal"><span style="font-variant:normal"><span style="word-break:break-word"><span style="letter-spacing:-0.02em"><span style="position:relative"><img alt=" 하남시 전경" class="photo_boder" src="http://ojsfile.ohmynews.com/STD_IMG_FILE/2021/0323/IE002778731_STD.jpg" style="border:1px solid #999999; display:block; text-align:center; max-width:600px; width:600px" /></span></span></span></span></span></span></span></span></span></span></span></span></span></span></span></span></span></span></span></span></span></span></span></span></span></span></span></span></span></span></span></span></span></span></span></span></span></span></td>\r\n		</tr>\r\n		<tr>\r\n			<td align="left" class="cssDesc" colspan="2" style="padding:5px 0px 10px; max-width:600px; line-height:15px; width:600px"><span style="font-size:12px"><span style="font-family:&quot;Nanum Gothic&quot;, &quot;Nanum Gothic&quot;, 나눔고딕, NanumGothic, dotum, 돋움, Helvetica, sans-serif, Apple-Gothic"><span style="color:#666666"><span style="font-style:normal"><span style="font-variant-ligatures:normal"><span style="font-variant-caps:normal"><span style="font-weight:400"><span style="letter-spacing:normal"><span style="orphans:2"><span style="text-transform:none"><span style="white-space:normal"><span style="widows:2"><span style="word-spacing:0px"><span style="background-color:#ffffff"><span style="text-decoration-thickness:initial"><span style="text-decoration-style:initial"><span style="text-decoration-color:initial"><span style="font-size:12px"><span style="font-family:&quot;Nanum Gothic&quot;, &quot;Nanum Gothic&quot;, 나눔고딕, NanumGothic, dotum, 돋움, Helvetica, sans-serif, Apple-Gothic"><span style="color:#666666"><span style="font-size:12px"><span style="font-family:&quot;Nanum Gothic&quot;, &quot;Nanum Gothic&quot;, 나눔고딕, NanumGothic, dotum, 돋움, Helvetica, sans-serif, Apple-Gothic"><span style="color:#666666"><span style="position:relative"><span style="z-index:400"><span style="font-size:16px"><span style="font-family:&quot;Nanum Gothic&quot;, &quot;Nanum Gothic&quot;, 나눔고딕, NanumGothic, dotum, 돋움, Helvetica, sans-serif, Apple-Gothic"><span style="color:#000a19"><span style="line-height:25.6px"><span style="font-size:16px"><span style="font-family:&quot;Nanum Gothic&quot;, &quot;Nanum Gothic&quot;, 나눔고딕, NanumGothic, dotum, 돋움, Helvetica, sans-serif, Apple-Gothic"><span style="color:#000a19"><span style="line-height:1.85em"><span style="font-style:normal"><span style="font-variant:normal"><span style="word-break:break-word"><span style="letter-spacing:-0.02em"><span style="font-size:12px"><span style="position:relative"><span style="color:#9ea2a7"><b>▲&nbsp;</b>&nbsp;하남시 전경</span></span></span></span></span></span></span></span></span></span></span></span></span></span></span></span></span></span></span></span></span></span></span></span></span></span></span></span></span></span></span></span></span></span></span></span></span></span></span></span></td>\r\n		</tr>\r\n		<tr>\r\n			<td align="left" class="box_man" style="line-height:11px; padding:0px"><span style="font-size:12px"><span style="font-family:&quot;Nanum Gothic&quot;, &quot;Nanum Gothic&quot;, 나눔고딕, NanumGothic, dotum, 돋움, Helvetica, sans-serif, Apple-Gothic"><span style="color:#666666"><span style="font-style:normal"><span style="font-variant-ligatures:normal"><span style="font-variant-caps:normal"><span style="font-weight:400"><span style="letter-spacing:normal"><span style="orphans:2"><span style="text-transform:none"><span style="white-space:normal"><span style="widows:2"><span style="word-spacing:0px"><span style="background-color:#ffffff"><span style="text-decoration-thickness:initial"><span style="text-decoration-style:initial"><span style="text-decoration-color:initial"><span style="font-size:12px"><span style="font-family:&quot;Nanum Gothic&quot;, &quot;Nanum Gothic&quot;, 나눔고딕, NanumGothic, dotum, 돋움, Helvetica, sans-serif, Apple-Gothic"><span style="color:#666666"><span style="font-size:12px"><span style="font-family:&quot;Nanum Gothic&quot;, &quot;Nanum Gothic&quot;, 나눔고딕, NanumGothic, dotum, 돋움, Helvetica, sans-serif, Apple-Gothic"><span style="color:#666666"><span style="position:relative"><span style="z-index:400"><span style="font-size:16px"><span style="font-family:&quot;Nanum Gothic&quot;, &quot;Nanum Gothic&quot;, 나눔고딕, NanumGothic, dotum, 돋움, Helvetica, sans-serif, Apple-Gothic"><span style="color:#000a19"><span style="line-height:25.6px"><span style="font-size:16px"><span style="font-family:&quot;Nanum Gothic&quot;, &quot;Nanum Gothic&quot;, 나눔고딕, NanumGothic, dotum, 돋움, Helvetica, sans-serif, Apple-Gothic"><span style="color:#000a19"><span style="line-height:1.85em"><span style="font-style:normal"><span style="font-variant:normal"><span style="word-break:break-word"><span style="letter-spacing:-0.02em"><span style="font-size:11px"><span style="color:#9ea2a7"><span style="font-family:dotum, 돋움"><span style="position:relative">ⓒ 하남시</span></span></span></span></span></span></span></span></span></span></span></span></span></span></span></span></span></span></span></span></span></span></span></span></span></span></span></span></span></span></span></span></span></span></span></span></span></span></span></span></span></td>\r\n			<td align="right" class="atc_btn" style="text-align:right; padding:0px">\r\n			<p class="btn_area01" style="padding:0px; margin-top:6px"><span style="font-size:12px"><span style="font-family:&quot;Nanum Gothic&quot;, &quot;Nanum Gothic&quot;, 나눔고딕, NanumGothic, dotum, 돋움, Helvetica, sans-serif, Apple-Gothic"><span style="color:#666666"><span style="font-style:normal"><span style="font-variant-ligatures:normal"><span style="font-variant-caps:normal"><span style="font-weight:400"><span style="letter-spacing:normal"><span style="orphans:2"><span style="text-transform:none"><span style="white-space:normal"><span style="widows:2"><span style="word-spacing:0px"><span style="background-color:#ffffff"><span style="text-decoration-thickness:initial"><span style="text-decoration-style:initial"><span style="text-decoration-color:initial"><span style="font-size:12px"><span style="font-family:&quot;Nanum Gothic&quot;, &quot;Nanum Gothic&quot;, 나눔고딕, NanumGothic, dotum, 돋움, Helvetica, sans-serif, Apple-Gothic"><span style="color:#666666"><span style="font-size:12px"><span style="font-family:&quot;Nanum Gothic&quot;, &quot;Nanum Gothic&quot;, 나눔고딕, NanumGothic, dotum, 돋움, Helvetica, sans-serif, Apple-Gothic"><span style="color:#666666"><span style="position:relative"><span style="z-index:400"><span style="font-size:16px"><span style="font-family:&quot;Nanum Gothic&quot;, &quot;Nanum Gothic&quot;, 나눔고딕, NanumGothic, dotum, 돋움, Helvetica, sans-serif, Apple-Gothic"><span style="color:#000a19"><span style="line-height:25.6px"><span style="font-size:16px"><span style="font-family:&quot;Nanum Gothic&quot;, &quot;Nanum Gothic&quot;, 나눔고딕, NanumGothic, dotum, 돋움, Helvetica, sans-serif, Apple-Gothic"><span style="color:#000a19"><span style="line-height:1.85em"><span style="font-style:normal"><span style="font-variant:normal"><span style="word-break:break-word"><span style="letter-spacing:-0.02em"><span style="position:relative"><span style="font-size:16px"><span style="font-family:&quot;Nanum Gothic&quot;, &quot;Nanum Gothic&quot;, 나눔고딕, NanumGothic, dotum, 돋움, Helvetica, sans-serif, Apple-Gothic"><span style="color:#000a19"><span style="line-height:1.85em"><a class="btn_all" href="http://www.ohmynews.com/NWS_Web/View/img_pg.aspx?CNTN_CD=IE002778731" style="font-family:&quot;Nanum Gothic&quot;, &quot;Nanum Gothic&quot;, 나눔고딕, NanumGothic, dotum, 돋움, Helvetica, sans-serif, Apple-Gothic; color:#f4f4f4; text-decoration:none; font-size:11px; background:#949aaa; display:inline-block; padding:0px 8px" target="_blank">관련사진보기</a></span></span></span></span></span></span></span></span></span></span></span></span></span></span></span></span></span></span></span></span></span></span></span></span></span></span></span></span></span></span></span></span></span></span></span></span></span></span></span></span></span></span></p>\r\n			</td>\r\n		</tr>\r\n	</tbody>\r\n</table>\r\n<span style="font-size:12px"><span style="font-family:&quot;Nanum Gothic&quot;, &quot;Nanum Gothic&quot;, 나눔고딕, NanumGothic, dotum, 돋움, Helvetica, sans-serif, Apple-Gothic"><span style="color:#666666"><span style="font-style:normal"><span style="font-variant-ligatures:normal"><span style="font-variant-caps:normal"><span style="font-weight:400"><span style="letter-spacing:normal"><span style="orphans:2"><span style="text-transform:none"><span style="white-space:normal"><span style="widows:2"><span style="word-spacing:0px"><span style="background-color:#ffffff"><span style="text-decoration-thickness:initial"><span style="text-decoration-style:initial"><span style="text-decoration-color:initial"><span style="font-size:12px"><span style="font-family:&quot;Nanum Gothic&quot;, &quot;Nanum Gothic&quot;, 나눔고딕, NanumGothic, dotum, 돋움, Helvetica, sans-serif, Apple-Gothic"><span style="color:#666666"><span style="font-size:12px"><span style="font-family:&quot;Nanum Gothic&quot;, &quot;Nanum Gothic&quot;, 나눔고딕, NanumGothic, dotum, 돋움, Helvetica, sans-serif, Apple-Gothic"><span style="color:#666666"><span style="position:relative"><span style="z-index:400"><span style="font-size:16px"><span style="font-family:&quot;Nanum Gothic&quot;, &quot;Nanum Gothic&quot;, 나눔고딕, NanumGothic, dotum, 돋움, Helvetica, sans-serif, Apple-Gothic"><span style="color:#000a19"><span style="line-height:25.6px"><span style="font-size:16px"><span style="font-family:&quot;Nanum Gothic&quot;, &quot;Nanum Gothic&quot;, 나눔고딕, NanumGothic, dotum, 돋움, Helvetica, sans-serif, Apple-Gothic"><span style="color:#000a19"><span style="line-height:1.85em"><span style="font-style:normal"><span style="font-variant:normal"><span style="word-break:break-word"><span style="letter-spacing:-0.02em">&nbsp;<br />\r\n<font color="#333399">- 2021년도 벌써 3월에 접어들었다. 올해 최우선 과제는?</font><br />\r\n<br />\r\n&quot;최우선 과제는 &#39;코로나19 극복&#39;과 &#39;지역경제 회복&#39;이다. 이와 함께 도시 지향점인 &#39;생태환경도시&#39;, &#39;교육도시&#39; 그리고 &#39;자족도시&#39;를 만드는 데 집중하려 한다.<br />\r\n<br />\r\n코로나19 같은 재난 등 환경위기의 근본적 해결책은 기후변화 대응이다. 올해 조직 내 녹색환경국을 신설한 이유다. 지속가능한 도시를 만들기 위해 시 차원에서 할 수 있는 비전과 실천과제가 포함된 로드맵을 상반기 중 수립해 시행할 계획이다.<br />\r\n<br />\r\n다음은 교육이다. 교육은 살고 싶은 도시, 정주성 향상의 제1조건이다. 올해 시 교육방향의 화두를 4차 산업혁명 시대의 창의적 인재육성과 포스트 코로나19 시대를 대비한 역량 보유로 삼았다. 이를 실현하기 위한 방안은 미래교육과 평생학습이다. 고교 학점제, 마을체험학교 및 하남형 로컬대학제 같은 다양한 제도 도입할 예정이다.<br />\r\n<br />\r\n마지막으로 베드타운에 머물던 하남시의 오랜 숙원, 자족도시를 만들어 내려 한다. 하남시는 경기도 31개 시군 중 GRDP(지역 내 총생산)가 22위에 머물러 있는 실정이다. &#39;자족&#39;은 지방자치의 근간이다. 혁신기업 육성과 우수기업 유치를 통해 그 해법을 모색하고 있다. 하남디지털캠프와 하남 스타트업 캠퍼스, 이 둘을 축으로 혁신기업을 육성에 힘쓰고 있다. 그리고 교산신도시를 중심으로 배후 개발지인 지역현안 H2와 캠프콜번 등 개발이 기업유치의 중요 역할을 맡게 될 것이다.&quot;<br />\r\n<br />\r\n<font color="#333399">- 교산신도시 구상 및 교통 해법은?</font><br />\r\n<br />\r\n&quot;크게 3가지 콘셉트의 개발을 구상하고 있다. 첫째는 &#39;첨단 자족도시&#39;, 둘째는 &#39;문화도시&#39;, 셋째는 &#39;공동체가 살아있는 정주(定住)도시&#39;다.<br />\r\n<br />\r\n먼저, 교산신도시 내 자족용지에 첨단산업 융복합단지를 조성해 4차 산업의 전진기지로 삼을 계획이다. 미래가 있는 첨단기업을 유치・육성 하고, 바이오 헬스와 스마트 모빌리티 산업 등이 성장할 수 있는 터전으로 만들 것이다.<br />\r\n<br />\r\n이와 함께 교산신도시가 품고 있는 소중한 역사문화자원을 활용해 문화도시의 중심으로 만들 계획이다. 광주향교와 은행나무, 문화재 등 소중한 유산을 잘 보존하고 가꿔 시민들 나아가 대한민국의 국민들이 하남의 역사를 즐길 수 있도록 하려 한다. 이를 위해 지난 해 발굴된 감일 고분과 광주향교-이성산성-유니온파크・타워-미사리 조정경기장으로 이어지는 역사문화관광벨트 구축을 구상하고 있다.<br />\r\n<br />\r\n가장 중요한 것은 공동체가 살아있는 정주도시를 만드는 것이다. 교산신도시는 남한산성 아래 위치해 주민들이 공동체를 이루며 살던, 아름다움과 오랜 역사를 자랑하는 곳이다. 이 공동체가 조상대대로 살던 곳에 재정착해 평안한 삶을 살 수 있도록 이주대책을 마련하고, 주민들과 함께 실현해 나갈 것이다.<br />\r\n<br />\r\n교산신도시 교통대책의 핵심은 &#39;지하철3호선 연장&#39;이다. 지난 2018년 12월 신도시 발표 당시 광역교통개선대책에 포함돼, 작년 5월 확정됐다. 국토부 및 관련기관과 적극 협의해 조기 추진될 수 있도록 최선을 다할 것이다.<br />\r\n<br />\r\n이밖에도 ▲서울~양평고속도로 4.7㎞ 선 시공 ▲서하남IC개량 ▲황산교통문제 해소를 위한 현안1지구~초이동 방향 도로 2.1㎞ 신설 ▲춘궁동~서울 강동구 보훈병원 방향 도로 4㎞ 신설 등 사업이 추진될 계획이다. 교통문제가 획기적으로 개선될 것으로 기대된다.<br />\r\n<br />\r\n기존 신도시 개발과정에 나타난 교통문제 개선 및 원도심 교통피해 방지 대책 마련을 포함해 탄소중립, 스마트 교통기법 도입을 통한 한국형 뉴딜 교통도시로 개발될 수 있도록 국토부 등에 지속적으로 의견을 제시해 최대한 반영될 수 있도록 하겠다.&quot;<br />\r\n<br />\r\n<strong>&quot;2030년까지 &#39;5철&#39;(5개 철도) 시대를 열겠다&quot;</strong><br />\r\n&nbsp;</span></span></span></span></span></span></span></span></span></span></span></span></span></span></span></span></span></span></span></span></span></span></span></span></span></span></span></span></span></span></span></span></span></span></span></span></span>\r\n\r\n<table align="center" class="photoCenter" style="padding:0px; border-spacing:0px; border-collapse:collapse; border:undefined">\r\n	<tbody>\r\n		<tr>\r\n			<td colspan="2" style="padding:0px"><span style="font-size:12px"><span style="font-family:&quot;Nanum Gothic&quot;, &quot;Nanum Gothic&quot;, 나눔고딕, NanumGothic, dotum, 돋움, Helvetica, sans-serif, Apple-Gothic"><span style="color:#666666"><span style="font-style:normal"><span style="font-variant-ligatures:normal"><span style="font-variant-caps:normal"><span style="font-weight:400"><span style="letter-spacing:normal"><span style="orphans:2"><span style="text-transform:none"><span style="white-space:normal"><span style="widows:2"><span style="word-spacing:0px"><span style="background-color:#ffffff"><span style="text-decoration-thickness:initial"><span style="text-decoration-style:initial"><span style="text-decoration-color:initial"><span style="font-size:12px"><span style="font-family:&quot;Nanum Gothic&quot;, &quot;Nanum Gothic&quot;, 나눔고딕, NanumGothic, dotum, 돋움, Helvetica, sans-serif, Apple-Gothic"><span style="color:#666666"><span style="font-size:12px"><span style="font-family:&quot;Nanum Gothic&quot;, &quot;Nanum Gothic&quot;, 나눔고딕, NanumGothic, dotum, 돋움, Helvetica, sans-serif, Apple-Gothic"><span style="color:#666666"><span style="position:relative"><span style="z-index:400"><span style="font-size:16px"><span style="font-family:&quot;Nanum Gothic&quot;, &quot;Nanum Gothic&quot;, 나눔고딕, NanumGothic, dotum, 돋움, Helvetica, sans-serif, Apple-Gothic"><span style="color:#000a19"><span style="line-height:25.6px"><span style="font-size:16px"><span style="font-family:&quot;Nanum Gothic&quot;, &quot;Nanum Gothic&quot;, 나눔고딕, NanumGothic, dotum, 돋움, Helvetica, sans-serif, Apple-Gothic"><span style="color:#000a19"><span style="line-height:1.85em"><span style="font-style:normal"><span style="font-variant:normal"><span style="word-break:break-word"><span style="letter-spacing:-0.02em"><span style="position:relative"><img alt=" 지역 현안에 대해 설명하고 있는 김상호 하남시장" class="photo_boder" src="http://ojsfile.ohmynews.com/STD_IMG_FILE/2021/0323/IE002778730_STD.jpg" style="border:1px solid #999999; display:block; text-align:center; max-width:600px; width:600px" /></span></span></span></span></span></span></span></span></span></span></span></span></span></span></span></span></span></span></span></span></span></span></span></span></span></span></span></span></span></span></span></span></span></span></span></span></span></span></td>\r\n		</tr>\r\n		<tr>\r\n			<td align="left" class="cssDesc" colspan="2" style="padding:5px 0px 10px; max-width:1280px; line-height:15px; width:600px"><span style="font-size:12px"><span style="font-family:&quot;Nanum Gothic&quot;, &quot;Nanum Gothic&quot;, 나눔고딕, NanumGothic, dotum, 돋움, Helvetica, sans-serif, Apple-Gothic"><span style="color:#666666"><span style="font-style:normal"><span style="font-variant-ligatures:normal"><span style="font-variant-caps:normal"><span style="font-weight:400"><span style="letter-spacing:normal"><span style="orphans:2"><span style="text-transform:none"><span style="white-space:normal"><span style="widows:2"><span style="word-spacing:0px"><span style="background-color:#ffffff"><span style="text-decoration-thickness:initial"><span style="text-decoration-style:initial"><span style="text-decoration-color:initial"><span style="font-size:12px"><span style="font-family:&quot;Nanum Gothic&quot;, &quot;Nanum Gothic&quot;, 나눔고딕, NanumGothic, dotum, 돋움, Helvetica, sans-serif, Apple-Gothic"><span style="color:#666666"><span style="font-size:12px"><span style="font-family:&quot;Nanum Gothic&quot;, &quot;Nanum Gothic&quot;, 나눔고딕, NanumGothic, dotum, 돋움, Helvetica, sans-serif, Apple-Gothic"><span style="color:#666666"><span style="position:relative"><span style="z-index:400"><span style="font-size:16px"><span style="font-family:&quot;Nanum Gothic&quot;, &quot;Nanum Gothic&quot;, 나눔고딕, NanumGothic, dotum, 돋움, Helvetica, sans-serif, Apple-Gothic"><span style="color:#000a19"><span style="line-height:25.6px"><span style="font-size:16px"><span style="font-family:&quot;Nanum Gothic&quot;, &quot;Nanum Gothic&quot;, 나눔고딕, NanumGothic, dotum, 돋움, Helvetica, sans-serif, Apple-Gothic"><span style="color:#000a19"><span style="line-height:1.85em"><span style="font-style:normal"><span style="font-variant:normal"><span style="word-break:break-word"><span style="letter-spacing:-0.02em"><span style="font-size:12px"><span style="position:relative"><span style="color:#9ea2a7"><b>▲&nbsp;</b>&nbsp;지역 현안에 대해 설명하고 있는 김상호 하남시장</span></span></span></span></span></span></span></span></span></span></span></span></span></span></span></span></span></span></span></span></span></span></span></span></span></span></span></span></span></span></span></span></span></span></span></span></span></span></span></span></td>\r\n		</tr>\r\n		<tr>\r\n			<td align="left" class="box_man" style="line-height:11px; padding:0px"><span style="font-size:12px"><span style="font-family:&quot;Nanum Gothic&quot;, &quot;Nanum Gothic&quot;, 나눔고딕, NanumGothic, dotum, 돋움, Helvetica, sans-serif, Apple-Gothic"><span style="color:#666666"><span style="font-style:normal"><span style="font-variant-ligatures:normal"><span style="font-variant-caps:normal"><span style="font-weight:400"><span style="letter-spacing:normal"><span style="orphans:2"><span style="text-transform:none"><span style="white-space:normal"><span style="widows:2"><span style="word-spacing:0px"><span style="background-color:#ffffff"><span style="text-decoration-thickness:initial"><span style="text-decoration-style:initial"><span style="text-decoration-color:initial"><span style="font-size:12px"><span style="font-family:&quot;Nanum Gothic&quot;, &quot;Nanum Gothic&quot;, 나눔고딕, NanumGothic, dotum, 돋움, Helvetica, sans-serif, Apple-Gothic"><span style="color:#666666"><span style="font-size:12px"><span style="font-family:&quot;Nanum Gothic&quot;, &quot;Nanum Gothic&quot;, 나눔고딕, NanumGothic, dotum, 돋움, Helvetica, sans-serif, Apple-Gothic"><span style="color:#666666"><span style="position:relative"><span style="z-index:400"><span style="font-size:16px"><span style="font-family:&quot;Nanum Gothic&quot;, &quot;Nanum Gothic&quot;, 나눔고딕, NanumGothic, dotum, 돋움, Helvetica, sans-serif, Apple-Gothic"><span style="color:#000a19"><span style="line-height:25.6px"><span style="font-size:16px"><span style="font-family:&quot;Nanum Gothic&quot;, &quot;Nanum Gothic&quot;, 나눔고딕, NanumGothic, dotum, 돋움, Helvetica, sans-serif, Apple-Gothic"><span style="color:#000a19"><span style="line-height:1.85em"><span style="font-style:normal"><span style="font-variant:normal"><span style="word-break:break-word"><span style="letter-spacing:-0.02em"><span style="font-size:11px"><span style="color:#9ea2a7"><span style="font-family:dotum, 돋움"><span style="position:relative">ⓒ 박정훈</span></span></span></span></span></span></span></span></span></span></span></span></span></span></span></span></span></span></span></span></span></span></span></span></span></span></span></span></span></span></span></span></span></span></span></span></span></span></span></span></span></td>\r\n			<td align="right" class="atc_btn" style="text-align:right; padding:0px">\r\n			<p class="btn_area01" style="padding:0px; margin-top:6px"><span style="font-size:12px"><span style="font-family:&quot;Nanum Gothic&quot;, &quot;Nanum Gothic&quot;, 나눔고딕, NanumGothic, dotum, 돋움, Helvetica, sans-serif, Apple-Gothic"><span style="color:#666666"><span style="font-style:normal"><span style="font-variant-ligatures:normal"><span style="font-variant-caps:normal"><span style="font-weight:400"><span style="letter-spacing:normal"><span style="orphans:2"><span style="text-transform:none"><span style="white-space:normal"><span style="widows:2"><span style="word-spacing:0px"><span style="background-color:#ffffff"><span style="text-decoration-thickness:initial"><span style="text-decoration-style:initial"><span style="text-decoration-color:initial"><span style="font-size:12px"><span style="font-family:&quot;Nanum Gothic&quot;, &quot;Nanum Gothic&quot;, 나눔고딕, NanumGothic, dotum, 돋움, Helvetica, sans-serif, Apple-Gothic"><span style="color:#666666"><span style="font-size:12px"><span style="font-family:&quot;Nanum Gothic&quot;, &quot;Nanum Gothic&quot;, 나눔고딕, NanumGothic, dotum, 돋움, Helvetica, sans-serif, Apple-Gothic"><span style="color:#666666"><span style="position:relative"><span style="z-index:400"><span style="font-size:16px"><span style="font-family:&quot;Nanum Gothic&quot;, &quot;Nanum Gothic&quot;, 나눔고딕, NanumGothic, dotum, 돋움, Helvetica, sans-serif, Apple-Gothic"><span style="color:#000a19"><span style="line-height:25.6px"><span style="font-size:16px"><span style="font-family:&quot;Nanum Gothic&quot;, &quot;Nanum Gothic&quot;, 나눔고딕, NanumGothic, dotum, 돋움, Helvetica, sans-serif, Apple-Gothic"><span style="color:#000a19"><span style="line-height:1.85em"><span style="font-style:normal"><span style="font-variant:normal"><span style="word-break:break-word"><span style="letter-spacing:-0.02em"><span style="position:relative"><span style="font-size:16px"><span style="font-family:&quot;Nanum Gothic&quot;, &quot;Nanum Gothic&quot;, 나눔고딕, NanumGothic, dotum, 돋움, Helvetica, sans-serif, Apple-Gothic"><span style="color:#000a19"><span style="line-height:1.85em"><a class="btn_all" href="http://www.ohmynews.com/NWS_Web/View/img_pg.aspx?CNTN_CD=IE002778730" style="font-family:&quot;Nanum Gothic&quot;, &quot;Nanum Gothic&quot;, 나눔고딕, NanumGothic, dotum, 돋움, Helvetica, sans-serif, Apple-Gothic; color:#f4f4f4; text-decoration:none; font-size:11px; background:#949aaa; display:inline-block; padding:0px 8px" target="_blank">관련사진보기</a></span></span></span></span></span></span></span></span></span></span></span></span></span></span></span></span></span></span></span></span></span></span></span></span></span></span></span></span></span></span></span></span></span></span></span></span></span></span></span></span></span></span></p>\r\n			</td>\r\n		</tr>\r\n	</tbody>\r\n</table>\r\n\r\n<p><span style="font-size:12px"><span style="font-family:&quot;Nanum Gothic&quot;, &quot;Nanum Gothic&quot;, 나눔고딕, NanumGothic, dotum, 돋움, Helvetica, sans-serif, Apple-Gothic"><span style="color:#666666"><span style="font-style:normal"><span style="font-variant-ligatures:normal"><span style="font-variant-caps:normal"><span style="font-weight:400"><span style="letter-spacing:normal"><span style="orphans:2"><span style="text-transform:none"><span style="white-space:normal"><span style="widows:2"><span style="word-spacing:0px"><span style="background-color:#ffffff"><span style="text-decoration-thickness:initial"><span style="text-decoration-style:initial"><span style="text-decoration-color:initial"><span style="font-size:12px"><span style="font-family:&quot;Nanum Gothic&quot;, &quot;Nanum Gothic&quot;, 나눔고딕, NanumGothic, dotum, 돋움, Helvetica, sans-serif, Apple-Gothic"><span style="color:#666666"><span style="font-size:12px"><span style="font-family:&quot;Nanum Gothic&quot;, &quot;Nanum Gothic&quot;, 나눔고딕, NanumGothic, dotum, 돋움, Helvetica, sans-serif, Apple-Gothic"><span style="color:#666666"><span style="position:relative"><span style="z-index:400"><span style="font-size:16px"><span style="font-family:&quot;Nanum Gothic&quot;, &quot;Nanum Gothic&quot;, 나눔고딕, NanumGothic, dotum, 돋움, Helvetica, sans-serif, Apple-Gothic"><span style="color:#000a19"><span style="line-height:25.6px"><span style="font-size:16px"><span style="font-family:&quot;Nanum Gothic&quot;, &quot;Nanum Gothic&quot;, 나눔고딕, NanumGothic, dotum, 돋움, Helvetica, sans-serif, Apple-Gothic"><span style="color:#000a19"><span style="line-height:1.85em"><span style="font-style:normal"><span style="font-variant:normal"><span style="word-break:break-word"><span style="letter-spacing:-0.02em">&nbsp;<br />\r\n<font color="#333399">- 지하철 5호선 2단계도 개통을 앞두고 있는데?</font><br />\r\n<br />\r\n&quot;지하철 5호선의 경우 지난해 미사역과 풍산역이 1단계 개통한 데 이어, 2단계 구간인 하남시청역부터 하남검단산역인 2단계가 3월 말 개통될 예정이다. 3개월이나 지연되었는데, 인내해 주신 원도심의 시민 여러분께 감사드린다.<br />\r\n<br />\r\n교통은 자족도시의 필요조건이다. 하남시는 서울과 경기도를 잇는 교통도시가 될 것이다. 2030년까지 &#39;5철&#39;(5개 철도) 시대를 열겠다는 목표를 갖고 있다. 지하철 5호선이 3월까지 개통되고, 9호선은 서울 강동에서 하남시를 거쳐 남양주로 연결된다. 3호선은 감일지구에서 교산신도시를 거쳐 원도심으로 이어진다. GTX-D 노선은 상반기 중 국토부 발표가 있을 예정이다. 위례신도시 주민들의 아픔이 있는 위례신사선은 본선의 정상적인 추진과 하남 연장안을 포함 검토해 단계별 추진될 수 있도록 정부, 경기도 그리고 서울시에 그 정당성과 필요성을 끝까지 설득하려 한다.&quot;<br />\r\n<br />\r\n<font color="#333399">- 하남-남양주간 한강교량 건설 놓고 인근 주민 반발이 거세다. 해법은?</font><br />\r\n<br />\r\n&quot;인근 미사지구 시민들의 우려 충분히 이해하고 있다. 국책사업이 갖고 있는 어려움이 있는데, 그 해답을 시민들의 합의과정에서 도출하기 위해 힘썼다.<br />\r\n<br />\r\n지난 2018년 12월 한강교량 신설안이 발표된 국토부, LH와 함께 작년 8월까지 총 17회의 주민설명회와 토론회를 열었다. 이 과정에서 미사지구 시민들의 참여와 비판이 이뤄졌고, 네 가지 대안이 도출됐다. ▲2022년 선동 IC개선(40억원) ▲2023년 선동-강일 IC 우회도록 2차선(292억원) ▲2028년 올림픽대로 8차선에서 10차선으로 확장(210억원) ▲2029년 지하철 9호선 연장 개통(3300억원)을 국토부와 LH에 대안으로 제시했고, 모두 반영됐다. 이 대안들을 통해 미사지구도 지금보다 더 나은 교통환경이 될 것이라 확신한다.<br />\r\n<br />\r\n하남시는 동서남북으로 연결되어야 자족도시로 성공할 수 있다. 한강교량이 미사 주민들의 피해가 발생하지 않게 설계되도록 할 것이다.&quot;<br />\r\n<br />\r\n<font color="#333399">- 마지막으로 하남시민에게 당부 드리고 싶은 메시지가 있다면?</font><br />\r\n<br />\r\n&quot;하남시가 최근 전국 155개 지자체를 대상으로 한 사회안전지수 조사에서 경기도 내 3위, 전국 27위를 기록해 &#39;살기 좋은 도시&#39;로 선정됐다. 시민들이 만들어 주신 성과라 생각한다. 시민들이 계시기에, 민선7기를 마칠 때쯤이면 &#39;살고 싶은 도시, 지속가능한 도시, 하남다운 도시 하남&#39;에 한 걸음 더 가까이 가 있을 것이라 확신한다.<br />\r\n<br />\r\n&#39;하남시를 제대로 발전시켜 달라, 균형발전을 시켜 달라, 초심을 잃지 마라&#39;는 취임사를 늘 곁에 두고 성찰하고 있다. 더욱 노력하겠다.<br />\r\n<br />\r\n마지막으로 시민 여러분께도 부탁드리고 싶다. 하남시 14개 동은 같은 하남 공동체다. 부모님, 우리 그리고 아이들 세대가 함께 공존하는 도시를 함께 꿈꾸고, 코로나19의 교훈인 &#39;연대와 포용&#39; 정신을 바탕으로 시대의 대전환기 준비를 함께 해주시길 호소 드린다.</span></span></span></span></span></span></span></span></span></span></span></span></span></span></span></span></span></span></span></span></span></span></span></span></span></span></span></span></span></span></span></span></span></span></span></span></span></p>\r\n\r\n<p><span style="font-size:12px"><span style="font-family:&quot;Nanum Gothic&quot;, &quot;Nanum Gothic&quot;, 나눔고딕, NanumGothic, dotum, 돋움, Helvetica, sans-serif, Apple-Gothic"><span style="color:#666666"><span style="font-style:normal"><span style="font-variant-ligatures:normal"><span style="font-variant-caps:normal"><span style="font-weight:400"><span style="letter-spacing:normal"><span style="orphans:2"><span style="text-transform:none"><span style="white-space:normal"><span style="widows:2"><span style="word-spacing:0px"><span style="background-color:#ffffff"><span style="text-decoration-thickness:initial"><span style="text-decoration-style:initial"><span style="text-decoration-color:initial"><span style="font-size:12px"><span style="font-family:&quot;Nanum Gothic&quot;, &quot;Nanum Gothic&quot;, 나눔고딕, NanumGothic, dotum, 돋움, Helvetica, sans-serif, Apple-Gothic"><span style="color:#666666"><span style="font-size:12px"><span style="font-family:&quot;Nanum Gothic&quot;, &quot;Nanum Gothic&quot;, 나눔고딕, NanumGothic, dotum, 돋움, Helvetica, sans-serif, Apple-Gothic"><span style="color:#666666"><span style="position:relative"><span style="z-index:400"><span style="font-size:16px"><span style="font-family:&quot;Nanum Gothic&quot;, &quot;Nanum Gothic&quot;, 나눔고딕, NanumGothic, dotum, 돋움, Helvetica, sans-serif, Apple-Gothic"><span style="color:#000a19"><span style="line-height:25.6px"><span style="font-size:16px"><span style="font-family:&quot;Nanum Gothic&quot;, &quot;Nanum Gothic&quot;, 나눔고딕, NanumGothic, dotum, 돋움, Helvetica, sans-serif, Apple-Gothic"><span style="color:#000a19"><span style="line-height:1.85em"><span style="font-style:normal"><span style="font-variant:normal"><span style="word-break:break-word"><span style="letter-spacing:-0.02em">출처:&nbsp;</span></span></span></span></span></span></span></span></span></span></span></span></span></span></span></span></span></span></span></span></span></span></span></span></span></span></span></span></span></span></span></span></span></span></span></span></span><a href="http://www.ohmynews.com/NWS_Web/View/at_pg.aspx?CNTN_CD=A0002729488&amp;CMPT_CD=P0010&amp;utm_source=naver&amp;utm_medium=newsearch&amp;utm_campaign=naver_news">새길 뚫리는 3기 신도시 하남... 김상호 시장이 가는 길 - 오마이뉴스 (ohmynews.com)</a></p>\r\n</div>\r\n</div>\r\n</div>\r\n</div>\r\n</div>\r\n', 11, '2021-04-13 07:17:00', '2021-04-19 06:53:31', NULL, NULL);
INSERT INTO `board_press` (`SEQ_ID`, `WRITER_ID`, `WRITER_IP`, `REPRESENT_IMAGE`, `TITLE`, `CONTENT`, `VIEW_COUNT`, `CREATED_AT`, `UPDATED_AT`, `FILE_NAME`, `FILE_PATH`) VALUES
	(10, 10001, '210.95.41.129', '03bb6468-eaaa-41aa-b9b8-6a7bcbb57a01.png', '하남소식지 청정하남 4월호 ', '<p><img alt="" height="965" src="/startupcampus/upload/gallery/press/cd8c9e12-8fe7-4f9d-9f47-bf0c10d45067.png" width="770" /></p>\r\n\r\n<p><img alt="" height="969" src="/startupcampus/upload/gallery/press/d2a5783e-d5c2-49a1-86ff-794a0815f0f6.png" width="771" /></p>\r\n\r\n<p><img alt="" height="962" src="/startupcampus/upload/gallery/press/5492bf0f-2240-482f-a9f4-0a39aef7486c.png" width="772" /></p>\r\n\r\n<p><img alt="" height="970" src="/startupcampus/upload/gallery/press/dacc9f6c-6008-487c-8509-f09e915f68e1.png" width="774" /></p>\r\n\r\n<p>하남소식지 청정하남 4월호에 실린 하남스타트업캠퍼스 관련 기사입니다.&nbsp;</p>\r\n\r\n<p><span style="text-autospace:none"><span style="letter-spacing:0pt"><span lang="EN-US" style="letter-spacing:0pt"><span style="font-style: normal;">출처&nbsp;</span>https://www.hanam.go.kr/cleanh/cleanhNewsLetterWebList.do?key=4348&amp;newsletterType=HO&nbsp;&nbsp;</span></span></span></p>\r\n', 9, '2021-04-14 08:35:30', '2021-04-19 11:51:28', NULL, NULL);
/*!40000 ALTER TABLE `board_press` ENABLE KEYS */;

-- 테이블 startup_campus.board_promotion 구조 내보내기
DROP TABLE IF EXISTS `board_promotion`;
CREATE TABLE IF NOT EXISTS `board_promotion` (
  `SEQ_ID` int(11) NOT NULL AUTO_INCREMENT,
  `WRITER_ID` int(11) NOT NULL COMMENT '홍보자료 게시자 계정 SEQ_ID',
  `WRITER_IP` varchar(30) NOT NULL COMMENT '홍보자료  게시자 IP',
  `REPRESENT_IMAGE` varchar(50) NOT NULL COMMENT '홍보자료 대표이미지 파일이름',
  `TITLE` varchar(50) NOT NULL COMMENT '홍보자료 제목',
  `CONTENT` mediumtext NOT NULL COMMENT '홍보자료 내용',
  `VIEW_COUNT` int(11) NOT NULL DEFAULT '0' COMMENT '홍보자료 게시글 조회수',
  `CREATED_AT` datetime NOT NULL DEFAULT CURRENT_TIMESTAMP COMMENT '홍보자료 최초 작성일',
  `UPDATED_AT` datetime NOT NULL DEFAULT CURRENT_TIMESTAMP ON UPDATE CURRENT_TIMESTAMP COMMENT '홍보자료 최근 수정일',
  `FILE_NAME` varchar(200) DEFAULT NULL,
  `FILE_PATH` varchar(300) DEFAULT NULL,
  PRIMARY KEY (`SEQ_ID`) USING BTREE,
  KEY `FK_NOTICE_USER_ID_WRITER_ID` (`WRITER_ID`) USING BTREE,
  CONSTRAINT `board_promotion_ibfk_1` FOREIGN KEY (`WRITER_ID`) REFERENCES `user_info` (`SEQ_ID`)
) ENGINE=InnoDB AUTO_INCREMENT=10 DEFAULT CHARSET=utf8 ROW_FORMAT=DYNAMIC COMMENT='홍보자료 게시판 테이블';

-- 테이블 데이터 startup_campus.board_promotion:~5 rows (대략적) 내보내기
DELETE FROM `board_promotion`;
/*!40000 ALTER TABLE `board_promotion` DISABLE KEYS */;
INSERT INTO `board_promotion` (`SEQ_ID`, `WRITER_ID`, `WRITER_IP`, `REPRESENT_IMAGE`, `TITLE`, `CONTENT`, `VIEW_COUNT`, `CREATED_AT`, `UPDATED_AT`, `FILE_NAME`, `FILE_PATH`) VALUES
	(3, 10001, '112.168.255.194', 'b549481e-cabc-4d26-87a0-57b8e6a39512.jpg', '제1회 입주기업 간담회', '<p><strong>2021년 3월 24일&nbsp;</strong></p>\r\n\r\n<p>&nbsp;</p>\r\n\r\n<p>스타트업 캠퍼스에서 오픈 이후 처음으로 입주 기업들과 하남도시공사의 운영 사무실 직원들이&nbsp;한자리에 모여 이야기를 나누는 시간을 가졌습니다.</p>\r\n\r\n<p>코로나 상황으로 인해 다 같이 다과 시간을 가지지는 못했지만 (준비한 간식은 각자 사무실에서 따로 먹었습니다),&nbsp;&nbsp;서로에 대해 알아가고 조금 더 가까워질 수 있었던 시간이었습니다.&nbsp;</p>\r\n\r\n<p>앞으로 이러한 만남의&nbsp;시간을 정기적으로 가질 예정이며, 입주 기업들 간의&nbsp;교류를 통한 긍정적인 시너지 효과를 기대하고 있습니다.</p>\r\n\r\n<p>감사합니다.</p>\r\n', 16, '2021-03-30 04:50:28', '2021-04-16 04:58:38', NULL, NULL),
	(4, 10001, '210.95.41.129', 'fa03a438-51ad-4719-849b-cc7561d2c3b3.jpg', '하남스타트업캠퍼스 SNS(인스타그램, 유튜브) 계정 개설', '<p><img alt="" height="566" src="/startupcampus/upload/gallery/promotion/d066accd-0ad3-4214-94af-b462a4593006.jpg" style="float:left" width="332" /><img alt="" height="568" src="/startupcampus/upload/gallery/promotion/00cbe267-55e1-427d-a7e1-e2aea34443e9.jpg" style="float:right" width="387" /></p>\r\n\r\n<p>&nbsp;</p>\r\n\r\n<p>&nbsp;</p>\r\n\r\n<p>&nbsp;</p>\r\n\r\n<p>&nbsp;</p>\r\n\r\n<p>&nbsp;</p>\r\n\r\n<p>&nbsp;</p>\r\n\r\n<p>&nbsp;</p>\r\n\r\n<p>&nbsp;</p>\r\n\r\n<p>&nbsp;</p>\r\n\r\n<p>&nbsp;</p>\r\n\r\n<p>&nbsp;</p>\r\n\r\n<p>&nbsp;</p>\r\n\r\n<p>&nbsp;</p>\r\n\r\n<p>&nbsp;</p>\r\n\r\n<p>&nbsp;</p>\r\n\r\n<p>&nbsp;</p>\r\n\r\n<p>&nbsp;</p>\r\n\r\n<p>하남스타트업캠퍼스에서 인스타그램과 유튜브 계정을 개설하였습니다. 앞으로 캠퍼스와 입주기업 관련 소식들을 업로드 할 예정이니 자주 방문해주세요!!&nbsp;</p>\r\n\r\n<p>인스타그램_hanamstartup&nbsp; &nbsp; /&nbsp; &nbsp; 유튜브_하남 스타트업캠퍼스</p>\r\n', 11, '2021-04-02 00:42:38', '2021-04-16 04:17:44', NULL, NULL),
	(5, 10001, '210.95.41.129', '1118e9c7-d0a5-40f9-a808-cbb331f59f5f.jpg', '우리 캠퍼스에서는 미얀마의 민주주의를 응원하는 챌린지를 진행 중입니다', '<p><img alt="" height="371" src="/startupcampus/upload/gallery/promotion/10c1600b-2d6f-49f0-94ec-672b4547dfd4.jpg" width="371" /><img alt="" height="371" src="/startupcampus/upload/gallery/promotion/ef95d2ef-f248-4c99-9f51-87b72a8b229b.jpg" width="371" /></p>\r\n\r\n<p>&nbsp; &nbsp; &nbsp; &nbsp; &nbsp; &nbsp; &nbsp; &nbsp; &nbsp; &nbsp; &nbsp; &nbsp; &nbsp; &nbsp; &nbsp; &nbsp; &nbsp; &nbsp; &nbsp; &nbsp;&nbsp;<img alt="" height="378" src="/startupcampus/upload/gallery/promotion/f359e38c-a0a6-4109-ad4d-4f471fcfd35e.jpg" width="378" />&nbsp; &nbsp;</p>\r\n', 16, '2021-04-02 01:12:47', '2021-04-23 05:22:54', NULL, NULL),
	(6, 10001, '210.95.41.129', '4b3d2d4f-6509-49e4-8f59-08145cbe5100.png', '10개 입주기업들의 IR영상 촬영을 진행하였습니다', '<p><img alt="" height="2000" src="/startupcampus/upload/gallery/promotion/5b7f78dd-cb7d-4251-9172-34f7e914e724.jpg" width="2000" /></p>\r\n\r\n<p>&nbsp;</p>\r\n\r\n<p><strong>닉스</strong>의 김동신 대표님, <strong>등자</strong>의 김학무 대표님, <strong>케이닷코리아</strong>의 장예현 대표님, <strong>엠엘피</strong>의 김종배 대표님, <strong>엘엔로보틱스</strong>의 권남희 대리님, <strong>애니메드</strong>의 최오수 대표님, <strong>아토플렉스</strong>의 정인혁 대표님, <strong>메디인테크</strong>의 이치원&nbsp;<span style="text-autospace:none"><span style="letter-spacing:0pt"><span lang="EN-US" style="letter-spacing:0pt">&middot;&nbsp;</span></span></span>김명준 대표님, <strong>앤코어스</strong>의 정재인 이사님, <strong>설랩</strong>의 이주훈 대표님입니다.&nbsp;</p>\r\n', 26, '2021-04-13 05:27:47', '2021-04-14 08:59:46', NULL, NULL),
	(7, 10001, '112.168.255.194', 'd3c0cd64-06a1-4195-a7b1-2e542368af20.jpg', '제2회 입주기업 간담회', '<p><strong>2021년 4월 15일</strong></p>\r\n\r\n<p>&nbsp;</p>\r\n\r\n<p>지난달에 이어 2번째로 입주기업들간의 소통의 시간을 가졌습니다.&nbsp;</p>\r\n\r\n<p>맛있는 간식과 즐거운 이야기, 그리고 이번에는 특별히 작은 선물들도 준비했습니다.&nbsp;</p>\r\n\r\n<p>짧은 시간이었지만 서로의 이야기를 들을 수 있는 값진 시간이었습니다.&nbsp;</p>\r\n\r\n<p>앞으로도 입주기업분들의 많은 참석 부탁드립니다.</p>\r\n\r\n<p>감사합니다!</p>\r\n', 15, '2021-04-16 04:37:53', '2021-04-23 05:22:17', NULL, NULL),
	(8, 10001, '210.95.41.129', '90d994bf-d9d6-468c-b543-8b1dc1b03f59.png', '입주기업 아토플렉스(주) 투자유치행사', '<p class="0" style="margin-left:32px; text-indent:-24.0pt"><strong>2021년 4월 21일 아토플렉스(주) 투자유치행사</strong></p>\r\n\r\n<p class="0" style="margin-left:32px; text-indent:-24.0pt">하남스타트업캠퍼스의 입주기업 아토플렉스(주)가 20억원 투자유치를 성공하며 첫번째 투자유치의 주인공이 되었습니다. 투자금은 벤처기업 투자전문업체인 디티앤인베스트먼트와 나우아이비캐피탈로부터 각 10억원씩 투자를 받게 되었습니다.&nbsp;</p>\r\n\r\n<p class="0" style="margin-left:32px; text-indent:-24.0pt">아토플렉스(주) (대표 윤현규)는 &#39;리얼타임 PCR&#39;을 이용한 실시간 질병 검사 키트를 개발했습니다. 유전자 검사결과를 색의 변화에 따라 손쉽게 진단하는 방식으로 가정에서도 식중독, 코로나19 등의 바이러스를 검사할 수 있는 스마트 헬스케어 진단 시스템입니다.&nbsp;</p>\r\n\r\n<p class="0" style="margin-left:32px; text-indent:-24.0pt">투자유치를 기념하여 스타트업캠퍼스에서 투자유치행사를 진행했습니다. 하남시와 하남도시공사의 많은 분들이 오셔서 축하를 해주셨습니다. 감사합니다!</p>\r\n\r\n<p class="0" style="margin-left:32px; text-indent:-24.0pt"><img alt="" height="487" src="/startupcampus/upload/gallery/promotion/cd99ed8b-3bdf-4602-80ca-5f2f4ddff72a.png" width="648" /></p>\r\n\r\n<p class="0" style="margin-left:32px; text-indent:-24.0pt"><img alt="" height="487" src="/startupcampus/upload/gallery/promotion/5ccf9817-1949-4486-8ae1-62eb2d073d8f.png" width="649" /></p>\r\n\r\n<hr />\r\n<p class="0" style="margin-left:32px; text-indent:-24.0pt">&nbsp;</p>\r\n\r\n<p class="0"><span style="text-autospace:none">&nbsp; </span></p>\r\n', 10, '2021-04-22 04:38:43', '2021-04-23 05:22:09', NULL, NULL),
	(9, 10001, '210.95.41.129', 'c2d7897e-5a95-48be-b118-4414c53f3baa.jpg', '4월 CEO 특강 (강연자: 박준수 센터장님)', '<p><img alt="" height="308" src="/startupcampus/upload/gallery/promotion/91bcb86a-4b66-41f7-a0ca-eb80c72b8ebb.jpg" width="650" /></p>\r\n\r\n<p><strong>2021년 4월 21일</strong></p>\r\n\r\n<p>4월 21일 수요일, 첫번째 CEO특강을 진행했습니다. 첫번째 강연자는 하남스타트업캠퍼스의 박준수 센터장님으로,&nbsp;&quot;창업에서 글로벌 히든챔피언까지&quot;를 주제로 강연을 해주셨습니다.&nbsp;</p>\r\n\r\n<p>각 기업 대표자분들께서 모여서 강연을 듣고, 강연이 끝난 후에는 센터장님과의 질의응답 시간도 있었습니다. 캠퍼스의 CEO특강은 매달 3째주 수요일에 정기적으로 진행될 예정입니다. 많은 관심과 참여부탁드립니다!&nbsp;</p>\r\n', 13, '2021-04-22 04:44:18', '2021-04-23 05:21:46', NULL, NULL);
/*!40000 ALTER TABLE `board_promotion` ENABLE KEYS */;

-- 테이블 startup_campus.book_list 구조 내보내기
DROP TABLE IF EXISTS `book_list`;
CREATE TABLE IF NOT EXISTS `book_list` (
  `SEQ_ID` int(11) NOT NULL AUTO_INCREMENT COMMENT '고유키',
  `USER_ID` int(11) NOT NULL COMMENT '회의실 예약 유저 ID',
  `USER_NAME` varchar(50) NOT NULL DEFAULT '' COMMENT '회의실 예약 유저 기업명',
  `PLACE_ID` int(11) NOT NULL COMMENT '회의실 외래키',
  `DESCRIPTION` varchar(200) NOT NULL COMMENT '회의실 사용용도',
  `STATUS` int(11) NOT NULL COMMENT '회의실 예약 레벨',
  `BOOK_DATE` date NOT NULL COMMENT '회의실 예약 일자',
  `H09` tinyint(4) DEFAULT NULL COMMENT '09:00 ~ 10:00',
  `H10` tinyint(4) DEFAULT NULL COMMENT '10:00 ~ 11:00',
  `H11` tinyint(4) DEFAULT NULL COMMENT '11:00 ~ 12:00',
  `H12` tinyint(4) DEFAULT NULL COMMENT '12:00 ~ 13:00',
  `H13` tinyint(4) DEFAULT NULL COMMENT '13:00 ~ 14:00',
  `H14` tinyint(4) DEFAULT NULL COMMENT '14:00 ~ 15:00',
  `H15` tinyint(4) DEFAULT NULL COMMENT '15:00 ~ 16:00',
  `H16` tinyint(4) DEFAULT NULL COMMENT '16:00 ~ 17:00',
  `H17` tinyint(4) DEFAULT NULL COMMENT '17:00 ~ 18:00',
  `START_INDEX` tinyint(4) NOT NULL COMMENT '선택 시간대 인덱스 (시작)',
  `END_INDEX` tinyint(4) NOT NULL COMMENT '선택 시간대 인덱스 (끝)',
  `CREATED_AT` timestamp NOT NULL DEFAULT CURRENT_TIMESTAMP COMMENT '회의실 예약 최초 작성일',
  `UPDATED_AT` timestamp NOT NULL DEFAULT CURRENT_TIMESTAMP ON UPDATE CURRENT_TIMESTAMP COMMENT '회의실 예약 최근 수정일',
  PRIMARY KEY (`SEQ_ID`),
  UNIQUE KEY `UK_BOOK_START_INDEX` (`PLACE_ID`,`BOOK_DATE`,`START_INDEX`,`STATUS`) USING BTREE,
  UNIQUE KEY `UK_BOOK_END_INDEX` (`STATUS`,`PLACE_ID`,`BOOK_DATE`,`END_INDEX`) USING BTREE,
  UNIQUE KEY `UK_BOOK_TIME_H09` (`STATUS`,`PLACE_ID`,`BOOK_DATE`,`H09`) USING BTREE,
  UNIQUE KEY `UK_BOOK_TIME_H10` (`STATUS`,`PLACE_ID`,`BOOK_DATE`,`H10`) USING BTREE,
  UNIQUE KEY `UK_BOOK_TIME_H11` (`STATUS`,`PLACE_ID`,`BOOK_DATE`,`H11`) USING BTREE,
  UNIQUE KEY `UK_BOOK_TIME_H12` (`STATUS`,`PLACE_ID`,`BOOK_DATE`,`H12`) USING BTREE,
  UNIQUE KEY `UK_BOOK_TIME_H13` (`STATUS`,`PLACE_ID`,`BOOK_DATE`,`H13`) USING BTREE,
  UNIQUE KEY `UK_BOOK_TIME_H14` (`STATUS`,`PLACE_ID`,`BOOK_DATE`,`H14`) USING BTREE,
  UNIQUE KEY `UK_BOOK_TIME_H15` (`STATUS`,`PLACE_ID`,`BOOK_DATE`,`H15`) USING BTREE,
  UNIQUE KEY `UK_BOOK_TIME_H16` (`STATUS`,`PLACE_ID`,`BOOK_DATE`,`H16`) USING BTREE,
  UNIQUE KEY `UK_BOOK_TIME_H17` (`STATUS`,`PLACE_ID`,`BOOK_DATE`,`H17`) USING BTREE,
  KEY `FK_SEQ_ID_USER_BOOK` (`USER_ID`),
  CONSTRAINT `FK_SEQ_ID_PLACE_BOOK` FOREIGN KEY (`PLACE_ID`) REFERENCES `book_place` (`SEQ_ID`),
  CONSTRAINT `FK_SEQ_ID_USER_BOOK` FOREIGN KEY (`USER_ID`) REFERENCES `user_info` (`SEQ_ID`)
) ENGINE=InnoDB AUTO_INCREMENT=101 DEFAULT CHARSET=utf8;

-- 테이블 데이터 startup_campus.book_list:~0 rows (대략적) 내보내기
DELETE FROM `book_list`;
/*!40000 ALTER TABLE `book_list` DISABLE KEYS */;
INSERT INTO `book_list` (`SEQ_ID`, `USER_ID`, `USER_NAME`, `PLACE_ID`, `DESCRIPTION`, `STATUS`, `BOOK_DATE`, `H09`, `H10`, `H11`, `H12`, `H13`, `H14`, `H15`, `H16`, `H17`, `START_INDEX`, `END_INDEX`, `CREATED_AT`, `UPDATED_AT`) VALUES
	(77, 1, '입주기업 01', 3, '아이디어 회의', 0, '2021-03-21', NULL, NULL, NULL, NULL, NULL, 1, 1, 1, NULL, 5, 7, '2021-02-21 21:29:37', '2021-03-02 01:39:26'),
	(79, 2, '(주)케이닷코리아', 1, '일일 회의', 0, '2021-03-04', 1, NULL, NULL, NULL, NULL, NULL, NULL, NULL, NULL, 0, 0, '2021-03-04 18:36:25', '2021-03-04 18:36:25'),
	(81, 10001, '관리자1', 1, '1', 0, '2021-03-05', 1, NULL, NULL, NULL, NULL, NULL, NULL, NULL, NULL, 0, 0, '2021-03-04 18:39:22', '2021-03-04 18:39:22'),
	(82, 10001, '관리자1', 1, 'ㅁㄴㅇ', 0, '2021-03-05', NULL, 1, 1, 1, NULL, NULL, NULL, NULL, NULL, 1, 3, '2021-03-04 18:39:28', '2021-03-04 18:39:28'),
	(83, 10001, '관리자1', 1, 'ㅁㄴㅇ', 0, '2021-03-05', NULL, NULL, NULL, NULL, 1, 1, 1, NULL, NULL, 4, 6, '2021-03-04 18:39:44', '2021-03-04 18:39:44'),
	(84, 10001, '관리자1', 1, 'ㅗㄷㄱ소', 0, '2021-03-05', NULL, NULL, NULL, NULL, NULL, NULL, NULL, 1, NULL, 7, 7, '2021-03-04 18:39:53', '2021-03-04 18:39:53'),
	(85, 10001, '관리자1', 1, 'ㅁㄴㅇㅁㄴㅇ', 0, '2021-03-05', NULL, NULL, NULL, NULL, NULL, NULL, NULL, NULL, 1, 8, 8, '2021-03-04 18:40:03', '2021-03-04 18:40:03'),
	(87, 5, '(주)엘엔로보틱스', 1, '회사 주간 회의', 0, '2021-04-20', 1, NULL, NULL, NULL, NULL, NULL, NULL, NULL, NULL, 0, 0, '2021-04-19 01:53:34', '2021-04-19 01:53:34'),
	(89, 10001, '관리자1', 1, '(운영사무실) 투자유치행사', 0, '2021-04-21', NULL, NULL, NULL, NULL, NULL, NULL, NULL, 1, NULL, 7, 7, '2021-04-19 02:15:55', '2021-04-19 02:15:55'),
	(90, 10001, '관리자1', 2, 'CEO 특강', 0, '2021-04-21', NULL, NULL, NULL, NULL, NULL, NULL, NULL, NULL, 1, 8, 8, '2021-04-19 02:35:12', '2021-04-19 02:35:12'),
	(91, 8, '닉스(주)', 1, '닉스 주간회의', 0, '2021-04-21', NULL, NULL, NULL, NULL, NULL, 1, 1, NULL, NULL, 5, 6, '2021-04-19 06:26:55', '2021-04-19 06:26:55'),
	(92, 5, '(주)엘엔로보틱스', 1, '회사 품질관리부 내부 회의', 0, '2021-04-20', NULL, NULL, NULL, NULL, NULL, 1, 1, 1, NULL, 5, 7, '2021-04-19 06:50:41', '2021-04-19 06:50:41'),
	(93, 10, '아토플렉스(주)', 1, '주간 회의', 0, '2021-04-26', NULL, NULL, 1, 1, NULL, NULL, NULL, NULL, NULL, 2, 3, '2021-04-20 01:45:37', '2021-04-20 01:45:37'),
	(94, 5, '(주)엘엔로보틱스', 1, '회사 품질관리부 내부 회의', 0, '2021-04-21', NULL, 1, 1, NULL, NULL, NULL, NULL, NULL, NULL, 1, 2, '2021-04-20 08:13:37', '2021-04-20 08:13:37'),
	(95, 9, '(주)등자', 1, '(주)등자 기술보증기금 실사', 0, '2021-04-28', NULL, NULL, NULL, NULL, NULL, NULL, 1, 1, 1, 6, 8, '2021-04-21 02:30:12', '2021-04-21 02:30:12'),
	(96, 9, '(주)등자', 1, '(주)등자 방송국 촬영', 0, '2021-04-26', NULL, 1, NULL, NULL, NULL, NULL, NULL, NULL, NULL, 1, 1, '2021-04-21 02:59:47', '2021-04-21 02:59:47'),
	(97, 9, '(주)등자', 1, '(주)등자 방송국 촬영', 0, '2021-04-26', NULL, NULL, NULL, NULL, 1, 1, NULL, NULL, NULL, 4, 5, '2021-04-21 03:00:44', '2021-04-21 03:00:44'),
	(98, 8, '닉스(주)', 2, '닉스 전체회의', 0, '2021-04-28', NULL, NULL, NULL, NULL, NULL, NULL, NULL, 1, 1, 7, 8, '2021-04-22 03:05:01', '2021-04-22 03:05:01'),
	(99, 8, '닉스(주)', 1, '디자인 업체 미팅', 0, '2021-04-23', NULL, NULL, 1, 1, NULL, NULL, NULL, NULL, NULL, 2, 3, '2021-04-22 04:37:57', '2021-04-22 04:37:57'),
	(100, 10001, '관리자1', 2, '운영사무실 회의', 0, '2021-05-03', NULL, NULL, NULL, NULL, NULL, NULL, 1, 1, NULL, 6, 7, '2021-04-23 00:01:06', '2021-04-23 00:01:06');
/*!40000 ALTER TABLE `book_list` ENABLE KEYS */;

-- 테이블 startup_campus.book_place 구조 내보내기
DROP TABLE IF EXISTS `book_place`;
CREATE TABLE IF NOT EXISTS `book_place` (
  `SEQ_ID` int(11) NOT NULL AUTO_INCREMENT,
  `TITLE` varchar(20) NOT NULL,
  `DESCRIPTION` text NOT NULL,
  `DISPLAY_IMG` varchar(300) NOT NULL,
  PRIMARY KEY (`SEQ_ID`) USING BTREE
) ENGINE=InnoDB AUTO_INCREMENT=3 DEFAULT CHARSET=utf8;

-- 테이블 데이터 startup_campus.book_place:~2 rows (대략적) 내보내기
DELETE FROM `book_place`;
/*!40000 ALTER TABLE `book_place` DISABLE KEYS */;
INSERT INTO `book_place` (`SEQ_ID`, `TITLE`, `DESCRIPTION`, `DISPLAY_IMG`) VALUES
	(1, '회의실 1', '제 1 회의실', 'default.jpg'),
	(2, '회의실 2 (외부회의실)', '제 2 회의실 (외부회의실)', 'default.jpg');
/*!40000 ALTER TABLE `book_place` ENABLE KEYS */;

-- 테이블 startup_campus.family_sites 구조 내보내기
DROP TABLE IF EXISTS `family_sites`;
CREATE TABLE IF NOT EXISTS `family_sites` (
  `SEQ_ID` int(11) NOT NULL AUTO_INCREMENT,
  `NAME` varchar(50) NOT NULL DEFAULT '',
  `PAGE_ADDRESS` varchar(200) NOT NULL DEFAULT '',
  PRIMARY KEY (`SEQ_ID`)
) ENGINE=InnoDB AUTO_INCREMENT=10 DEFAULT CHARSET=utf8;

-- 테이블 데이터 startup_campus.family_sites:~3 rows (대략적) 내보내기
DELETE FROM `family_sites`;
/*!40000 ALTER TABLE `family_sites` DISABLE KEYS */;
INSERT INTO `family_sites` (`SEQ_ID`, `NAME`, `PAGE_ADDRESS`) VALUES
	(7, '하남도시공사', 'https://www.huic.co.kr/www/index.do'),
	(8, '하남시청', 'https://www.hanam.go.kr/www/index.do'),
	(9, '하남시 기업인 협의회', 'http://hanament.com/main/main.php');
/*!40000 ALTER TABLE `family_sites` ENABLE KEYS */;

-- 테이블 startup_campus.login_history 구조 내보내기
DROP TABLE IF EXISTS `login_history`;
CREATE TABLE IF NOT EXISTS `login_history` (
  `SEQ_ID` int(11) NOT NULL AUTO_INCREMENT,
  `USER_ID` int(11) DEFAULT NULL,
  `ACCOUNT_ID` varchar(30) NOT NULL,
  `IP_ADDR` varchar(50) NOT NULL,
  `DEVICE` varchar(200) NOT NULL,
  `SUCCESS` varchar(10) NOT NULL,
  `LOGIN_DATETIME` varchar(50) NOT NULL,
  PRIMARY KEY (`SEQ_ID`),
  KEY `FK_USER_ID` (`USER_ID`)
) ENGINE=InnoDB AUTO_INCREMENT=227 DEFAULT CHARSET=utf8;

-- 테이블 데이터 startup_campus.login_history:~0 rows (대략적) 내보내기
DELETE FROM `login_history`;
/*!40000 ALTER TABLE `login_history` DISABLE KEYS */;
INSERT INTO `login_history` (`SEQ_ID`, `USER_ID`, `ACCOUNT_ID`, `IP_ADDR`, `DEVICE`, `SUCCESS`, `LOGIN_DATETIME`) VALUES
	(1, 1, 'user01', '222.112.13.171', 'Windows / Chrome-89.0.4389.82', 'success', '2021-03-17 05:00:48'),
	(2, 10001, 'campus_admin01', '222.112.13.171', 'Windows / Chrome-89.0.4389.82', 'success', '2021-03-17 05:03:53'),
	(3, 10001, 'campus_admin01', '222.112.13.171', 'Windows / Chrome-89.0.4389.82', 'success', '2021-03-17 05:29:43'),
	(4, 10001, 'campus_admin01', '222.112.13.171', 'Windows / Chrome-89.0.4389.82', 'success', '2021-03-17 05:37:39'),
	(5, 1, 'user01', '222.112.13.171', 'Windows / Chrome-89.0.4389.82', 'success', '2021-03-17 05:43:34'),
	(6, 0, 'campus_admin02', '222.112.13.171', 'Windows / Chrome-89.0.4389.82', 'fail', '2021-03-17 05:48:45'),
	(7, 10002, 'campus_admin02', '222.112.13.171', 'Windows / Chrome-89.0.4389.82', 'success', '2021-03-17 05:48:55'),
	(8, 10002, 'campus_admin02', '222.112.13.171', 'Windows / Chrome-89.0.4389.82', 'success', '2021-03-17 05:59:18'),
	(9, 10002, 'campus_admin02', '222.112.13.171', 'Windows / Chrome-89.0.4389.82', 'success', '2021-03-17 06:13:02'),
	(10, 0, 'user99', '222.112.13.171', 'Windows / Chrome-89.0.4389.82', 'fail', '2021-03-17 06:13:53'),
	(11, 1, 'user01', '222.112.13.171', 'Windows / Chrome-89.0.4389.82', 'success', '2021-03-17 06:14:07'),
	(12, 0, 'user99', '222.112.13.171', 'Windows / Chrome-89.0.4389.82', 'fail', '2021-03-17 06:14:28'),
	(13, 0, 'user99', '222.112.13.171', 'Windows / Chrome-89.0.4389.82', 'fail', '2021-03-17 06:18:56'),
	(14, 1, 'user01', '222.112.13.171', 'Windows / Chrome-89.0.4389.82', 'success', '2021-03-17 06:19:19'),
	(15, 0, 'user30', '222.112.13.171', 'Windows / Chrome-89.0.4389.82', 'fail', '2021-03-17 06:20:18'),
	(16, 2, 'user02', '222.112.13.171', 'Windows / Chrome-89.0.4389.82', 'success', '2021-03-17 06:20:27'),
	(17, 0, 'campus_admin02', '222.112.13.171', 'Windows / Chrome-89.0.4389.82', 'fail', '2021-03-17 06:20:47'),
	(18, 10002, 'campus_admin02', '222.112.13.171', 'Windows / Chrome-89.0.4389.82', 'success', '2021-03-17 06:20:54'),
	(19, 99, 'user99', '222.112.13.171', 'Windows / Chrome-89.0.4389.90', 'success', '2021-03-17 06:21:31'),
	(20, 1, 'user01', '210.95.41.129', 'Windows / Chrome-89.0.4389.90', 'success', '2021-03-17 07:20:05'),
	(21, 0, 'campus-admin01', '210.95.41.129', 'Windows / Chrome-89.0.4389.90', 'fail', '2021-03-17 07:30:21'),
	(22, 0, 'Campus-admin01', '210.95.41.129', 'Windows / Chrome-89.0.4389.90', 'fail', '2021-03-17 07:30:35'),
	(23, 1, 'user01', '210.95.41.129', 'Windows / Chrome-89.0.4389.90', 'success', '2021-03-17 07:44:37'),
	(24, 0, 'campus_admin01', '210.95.41.129', 'Windows / Chrome-89.0.4389.90', 'fail', '2021-03-17 07:45:43'),
	(25, 10001, 'campus_admin01', '210.95.41.129', 'Windows / Chrome-89.0.4389.90', 'success', '2021-03-17 07:46:13'),
	(26, 0, 'hanam_admin01', '118.235.8.179', 'Android / Chrome-83.0.4103.106', 'fail', '2021-03-17 08:13:16'),
	(27, 10001, 'campus_admin01', '118.235.8.179', 'Android / Chrome-83.0.4103.106', 'success', '2021-03-17 08:14:38'),
	(28, 10001, 'campus_admin01', '210.95.41.129', 'Windows / Chrome-89.0.4389.90', 'success', '2021-03-17 08:20:52'),
	(29, 10001, 'campus_admin01', '210.95.41.129', 'Windows / Chrome-89.0.4389.90', 'success', '2021-03-17 08:33:00'),
	(30, 10003, 'campus_admin03', '222.112.13.171', 'Windows / Chrome-89.0.4389.82', 'success', '2021-03-18 01:50:46'),
	(31, 9, 'user09', '222.112.13.171', 'Windows / Chrome-89.0.4389.82', 'success', '2021-03-18 01:55:26'),
	(32, 0, 'campus_admin01', '210.95.41.129', 'Windows / Chrome-89.0.4389.90', 'fail', '2021-03-18 04:27:46'),
	(33, 0, 'campus_admin01', '210.95.41.129', 'Windows / Chrome-89.0.4389.90', 'fail', '2021-03-18 04:28:18'),
	(34, 10001, 'campus_admin01', '210.95.41.129', 'Windows / Chrome-89.0.4389.90', 'success', '2021-03-18 04:28:58'),
	(35, 0, 'campus_admin01', '210.95.41.129', 'Windows / IE-11.0', 'fail', '2021-03-18 06:05:57'),
	(36, 0, 'campus_admin01', '210.95.41.129', 'Windows / IE-11.0', 'fail', '2021-03-18 06:06:04'),
	(37, 10001, 'campus_admin01', '210.95.41.129', 'Windows / IE-11.0', 'success', '2021-03-18 06:06:28'),
	(38, 10001, 'campus_admin01', '210.95.41.129', 'Windows / IE-11.0', 'success', '2021-03-18 06:07:24'),
	(39, 10001, 'campus_admin01', '210.95.41.129', 'Windows / Chrome-89.0.4389.90', 'success', '2021-03-18 06:25:31'),
	(40, 1, 'user01', '210.95.41.129', 'Windows / IE-11.0', 'success', '2021-03-18 08:05:12'),
	(41, 10001, 'campus_admin01', '210.95.41.129', 'Windows / IE-11.0', 'success', '2021-03-18 08:09:22'),
	(42, 10001, 'campus_admin01', '210.95.41.129', 'Windows / Chrome-89.0.4389.90', 'success', '2021-03-18 08:51:53'),
	(43, 10001, 'campus_admin01', '210.95.41.129', 'Windows / Chrome-89.0.4389.90', 'success', '2021-03-18 08:53:26'),
	(44, 10001, 'campus_admin01', '210.95.41.129', 'Windows / Chrome-89.0.4389.90', 'success', '2021-03-19 01:01:51'),
	(45, 10001, 'campus_admin01', '192.168.0.1', 'Windows / Chrome-89.0.4389.82', 'success', '2021-03-19 03:35:03'),
	(46, 0, 'campus_admin01', '192.168.0.1', 'Windows / Chrome-89.0.4389.82', 'fail', '2021-03-19 08:12:55'),
	(47, 0, 'campus_admin01', '192.168.0.1', 'Windows / Chrome-89.0.4389.82', 'fail', '2021-03-19 08:13:02'),
	(48, 10001, 'campus_admin01', '192.168.0.1', 'Windows / Chrome-89.0.4389.82', 'success', '2021-03-19 08:13:12'),
	(49, 10001, 'campus_admin01', '192.168.0.1', 'Windows / Chrome-89.0.4389.82', 'success', '2021-03-19 08:22:39'),
	(50, 10001, 'campus_admin01', '222.112.13.171', 'Windows / Chrome-89.0.4389.82', 'success', '2021-03-19 08:54:43'),
	(51, 10001, 'campus_admin01', '210.95.41.129', 'Windows / Chrome-89.0.4389.90', 'success', '2021-03-22 01:07:57'),
	(52, 10001, 'campus_admin01', '210.95.41.129', 'Windows / Chrome-89.0.4389.90', 'success', '2021-03-22 06:57:46'),
	(53, 1, 'user01', '210.95.41.129', 'Windows / Chrome-89.0.4389.90', 'success', '2021-03-22 07:51:35'),
	(54, 10001, 'campus_admin01', '210.95.41.129', 'Windows / Chrome-89.0.4389.90', 'success', '2021-03-22 07:53:57'),
	(55, 0, 'user02', '210.95.41.129', 'Windows / Chrome-89.0.4389.90', 'fail', '2021-03-22 07:54:53'),
	(56, 0, 'user02', '210.95.41.129', 'Windows / Chrome-89.0.4389.90', 'fail', '2021-03-22 07:55:00'),
	(57, 0, 'user03', '210.95.41.129', 'Windows / Chrome-89.0.4389.90', 'fail', '2021-03-22 07:55:07'),
	(58, 10001, 'campus_admin01', '210.95.41.129', 'Windows / Chrome-89.0.4389.90', 'success', '2021-03-22 08:34:09'),
	(59, 0, 'campus_admin01', '210.95.41.129', 'Windows / Chrome-89.0.4389.90', 'fail', '2021-03-23 00:12:44'),
	(60, 10001, 'campus_admin01', '210.95.41.129', 'Windows / Chrome-89.0.4389.90', 'success', '2021-03-23 00:13:09'),
	(61, 10001, 'campus_admin01', '210.95.41.129', 'Windows / Chrome-89.0.4389.90', 'success', '2021-03-23 00:19:58'),
	(62, 10001, 'campus_admin01', '222.112.13.171', 'Windows / Chrome-89.0.4389.82', 'success', '2021-03-23 01:01:25'),
	(63, 10001, 'campus_admin01', '222.112.13.171', 'Windows / Chrome-89.0.4389.82', 'success', '2021-03-23 01:11:30'),
	(64, 10001, 'campus_admin01', '210.95.41.129', 'Windows / Chrome-89.0.4389.90', 'success', '2021-03-23 01:16:42'),
	(65, 10001, 'campus_admin01', '210.95.41.129', 'Windows / Chrome-89.0.4389.90', 'success', '2021-03-23 01:33:57'),
	(66, 0, 'campus_admin01', '210.95.41.129', 'Windows / Chrome-89.0.4389.90', 'fail', '2021-03-23 02:24:16'),
	(67, 10001, 'campus_admin01', '210.95.41.129', 'Windows / Chrome-89.0.4389.90', 'success', '2021-03-23 02:24:32'),
	(68, 10001, 'campus_admin01', '210.95.41.129', 'Windows / Chrome-89.0.4389.90', 'success', '2021-03-23 04:46:27'),
	(69, 10001, 'campus_admin01', '210.95.41.129', 'Windows / Chrome-89.0.4389.90', 'success', '2021-03-23 04:49:23'),
	(70, 0, 'campus_admin03', '222.112.13.171', 'Windows / Chrome-89.0.4389.82', 'fail', '2021-03-23 06:24:11'),
	(71, 0, 'campus_admin01', '210.95.41.129', 'Windows / Chrome-89.0.4389.90', 'fail', '2021-03-23 07:17:41'),
	(72, 10001, 'campus_admin01', '210.95.41.129', 'Windows / Chrome-89.0.4389.90', 'success', '2021-03-23 07:17:51'),
	(73, 10001, 'campus_admin01', '210.95.41.129', 'Windows / Chrome-89.0.4389.90', 'success', '2021-03-24 00:24:30'),
	(74, 10001, 'campus_admin01', '210.95.41.129', 'Windows / IE-11.0', 'success', '2021-03-24 00:59:02'),
	(75, 10001, 'campus_admin01', '210.95.41.129', 'Windows / Chrome-89.0.4389.90', 'success', '2021-03-24 01:10:38'),
	(76, 10001, 'campus_admin01', '210.95.41.129', 'Windows / Chrome-89.0.4389.90', 'success', '2021-03-24 07:15:46'),
	(77, 10001, 'campus_admin01', '210.95.41.129', 'Windows / Chrome-89.0.4389.90', 'success', '2021-03-25 00:11:26'),
	(78, 0, 'campus_admin01', '210.95.41.129', 'Windows / Chrome-89.0.4389.90', 'fail', '2021-03-25 01:46:24'),
	(79, 0, 'campus_admin01', '210.95.41.129', 'Windows / Chrome-89.0.4389.90', 'fail', '2021-03-25 01:47:11'),
	(80, 10001, 'campus_admin01', '210.95.41.129', 'Windows / Chrome-89.0.4389.90', 'success', '2021-03-25 01:47:40'),
	(81, 10001, 'campus_admin01', '210.95.41.129', 'Windows / Chrome-89.0.4389.90', 'success', '2021-03-25 04:33:44'),
	(82, 10001, 'campus_admin01', '210.95.41.129', 'Windows / Chrome-89.0.4389.90', 'success', '2021-03-26 00:06:06'),
	(83, 10001, 'campus_admin01', '210.95.41.129', 'Windows / Chrome-89.0.4389.90', 'success', '2021-03-26 00:25:07'),
	(84, 10001, 'campus_admin01', '210.95.41.129', 'Windows / Chrome-89.0.4389.90', 'success', '2021-03-26 04:37:24'),
	(85, 0, '', '124.111.221.129', 'Mac / Safari-14.0', 'fail', '2021-03-26 14:23:55'),
	(86, 10001, 'campus_admin01', '210.95.41.129', 'Windows / Chrome-89.0.4389.90', 'success', '2021-03-29 00:18:56'),
	(87, 10001, 'campus_admin01', '210.95.41.129', 'Windows / Chrome-89.0.4389.90', 'success', '2021-03-29 01:34:42'),
	(88, 10001, 'campus_admin01', '210.95.41.129', 'Windows / Chrome-89.0.4389.90', 'success', '2021-03-29 02:35:05'),
	(89, 10003, 'campus_admin03', '222.112.13.171', 'Windows / Chrome-89.0.4389.90', 'success', '2021-03-29 04:41:58'),
	(90, 10001, 'campus_admin01', '210.95.41.129', 'Windows / Chrome-89.0.4389.90', 'success', '2021-03-30 00:54:29'),
	(91, 10001, 'campus_admin01', '112.168.255.194', 'Windows / Chrome-89.0.4389.90', 'success', '2021-03-30 02:44:25'),
	(92, 10001, 'campus_admin01', '112.168.255.194', 'Windows / Chrome-89.0.4389.90', 'success', '2021-03-30 04:49:37'),
	(93, 10001, 'campus_admin01', '210.95.41.129', 'Windows / Chrome-89.0.4389.90', 'success', '2021-03-30 05:06:31'),
	(94, 10001, 'campus_admin01', '210.95.41.129', 'Windows / Chrome-89.0.4389.90', 'success', '2021-03-30 05:10:58'),
	(95, 10001, 'campus_admin01', '210.95.41.129', 'Windows / Chrome-89.0.4389.90', 'success', '2021-03-30 06:34:36'),
	(96, 10001, 'campus_admin01', '210.95.41.129', 'Windows / Chrome-89.0.4389.90', 'success', '2021-03-30 07:04:17'),
	(97, 10001, 'campus_admin01', '210.95.41.129', 'Windows / Chrome-89.0.4389.90', 'success', '2021-03-31 01:35:38'),
	(98, 10001, 'campus_admin01', '210.95.41.129', 'Windows / Chrome-89.0.4389.90', 'success', '2021-03-31 04:51:43'),
	(99, 10001, 'campus_admin01', '210.95.41.129', 'Windows / Chrome-89.0.4389.90', 'success', '2021-03-31 05:27:01'),
	(100, 10001, 'campus_admin01', '210.95.41.129', 'Windows / Chrome-89.0.4389.90', 'success', '2021-04-01 02:31:56'),
	(101, 10001, 'campus_admin01', '210.95.41.129', 'Windows / Chrome-89.0.4389.90', 'success', '2021-04-01 04:08:04'),
	(102, 10001, 'campus_admin01', '210.95.41.129', 'Windows / Chrome-89.0.4389.90', 'success', '2021-04-01 05:00:56'),
	(103, 10001, 'campus_admin01', '210.95.41.129', 'Windows / Chrome-89.0.4389.90', 'success', '2021-04-01 07:26:57'),
	(104, 10001, 'campus_admin01', '210.97.77.94', 'Windows / Chrome-89.0.4389.90', 'success', '2021-04-01 09:55:06'),
	(105, 1, 'user01', '210.95.41.129', 'Windows / Chrome-89.0.4389.90', 'success', '2021-04-02 00:02:43'),
	(106, 1, 'user01', '210.95.41.129', 'Windows / Chrome-89.0.4389.90', 'success', '2021-04-02 00:03:12'),
	(107, 10001, 'campus_admin01', '210.95.41.129', 'Windows / Chrome-89.0.4389.90', 'success', '2021-04-02 00:04:46'),
	(108, 1, 'user01', '210.95.41.129', 'Windows / Chrome-89.0.4389.90', 'success', '2021-04-02 00:05:05'),
	(109, 10001, 'campus_admin01', '210.95.41.129', 'Windows / Chrome-89.0.4389.90', 'success', '2021-04-02 00:05:14'),
	(110, 10001, 'campus_admin01', '210.95.41.129', 'Windows / Chrome-89.0.4389.90', 'success', '2021-04-02 00:21:11'),
	(111, 10001, 'campus_admin01', '210.95.41.129', 'Windows / Chrome-89.0.4389.90', 'success', '2021-04-02 05:20:44'),
	(112, 10001, 'campus_admin01', '210.95.41.129', 'Windows / Chrome-89.0.4389.90', 'success', '2021-04-02 06:18:36'),
	(113, 1, 'user01', '210.95.41.129', 'Windows / Chrome-89.0.4389.90', 'success', '2021-04-02 07:22:43'),
	(114, 10001, 'campus_admin01', '210.95.41.129', 'Windows / Chrome-89.0.4389.90', 'success', '2021-04-05 01:03:35'),
	(115, 10001, 'campus_admin01', '210.95.41.129', 'Windows / Chrome-89.0.4389.90', 'success', '2021-04-05 01:15:46'),
	(116, 10001, 'campus_admin01', '210.95.41.129', 'Windows / Chrome-89.0.4389.90', 'success', '2021-04-05 02:23:16'),
	(117, 10001, 'campus_admin01', '210.95.41.129', 'Windows / Chrome-89.0.4389.90', 'success', '2021-04-05 04:08:40'),
	(118, 10001, 'campus_admin01', '210.95.41.129', 'Windows / Chrome-89.0.4389.114', 'success', '2021-04-05 05:57:20'),
	(119, 10001, 'campus_admin01', '210.95.41.129', 'Windows / Chrome-89.0.4389.114', 'success', '2021-04-06 00:27:45'),
	(120, 10001, 'campus_admin01', '210.95.41.129', 'Windows / Chrome-89.0.4389.114', 'success', '2021-04-06 04:41:26'),
	(121, 10001, 'campus_admin01', '210.95.41.129', 'Windows / Chrome-89.0.4389.114', 'success', '2021-04-06 08:50:47'),
	(122, 10001, 'campus_admin01', '210.95.41.129', 'Windows / Chrome-89.0.4389.114', 'success', '2021-04-07 00:27:10'),
	(123, 10001, 'campus_admin01', '210.95.41.129', 'Windows / Chrome-89.0.4389.114', 'success', '2021-04-07 01:00:31'),
	(124, 10001, 'campus_admin01', '210.95.41.129', 'Windows / Chrome-89.0.4389.114', 'success', '2021-04-08 02:11:36'),
	(125, 10001, 'campus_admin01', '210.95.41.129', 'Windows / Chrome-89.0.4389.114', 'success', '2021-04-08 02:54:17'),
	(126, 10001, 'campus_admin01', '210.95.41.129', 'Windows / Chrome-89.0.4389.114', 'success', '2021-04-08 05:36:32'),
	(127, 10001, 'campus_admin01', '210.95.41.129', 'Windows / Chrome-89.0.4389.114', 'success', '2021-04-08 07:29:00'),
	(128, 10001, 'campus_admin01', '210.95.41.129', 'Windows / Chrome-89.0.4389.114', 'success', '2021-04-08 08:35:51'),
	(129, 10001, 'campus_admin01', '210.95.41.129', 'Windows / Chrome-89.0.4389.114', 'success', '2021-04-09 00:31:28'),
	(130, 10001, 'campus_admin01', '210.95.41.129', 'Windows / Chrome-89.0.4389.114', 'success', '2021-04-09 08:15:40'),
	(131, 0, 'campus_admin01', '210.95.41.129', 'Windows / Chrome-89.0.4389.114', 'fail', '2021-04-12 00:15:11'),
	(132, 0, 'campus_admin01', '210.95.41.129', 'Windows / Chrome-89.0.4389.114', 'fail', '2021-04-12 00:15:19'),
	(133, 10001, 'campus_admin01', '210.95.41.129', 'Windows / Chrome-89.0.4389.114', 'success', '2021-04-12 00:15:35'),
	(134, 10001, 'campus_admin01', '210.95.41.129', 'Windows / Chrome-89.0.4389.114', 'success', '2021-04-12 01:28:31'),
	(135, 10001, 'campus_admin01', '112.168.255.194', 'Windows / Chrome-89.0.4389.114', 'success', '2021-04-13 01:23:33'),
	(136, 10001, 'campus_admin01', '210.95.41.129', 'Windows / Chrome-89.0.4389.114', 'success', '2021-04-13 01:29:37'),
	(137, 10001, 'campus_admin01', '210.95.41.129', 'Windows / Chrome-89.0.4389.114', 'success', '2021-04-13 04:17:29'),
	(138, 10001, 'campus_admin01', '210.95.41.129', 'Windows / Chrome-89.0.4389.114', 'success', '2021-04-13 05:12:46'),
	(139, 10001, 'campus_admin01', '210.95.41.129', 'Windows / Chrome-89.0.4389.114', 'success', '2021-04-13 07:13:45'),
	(140, 10001, 'campus_admin01', '210.95.41.129', 'Windows / Chrome-89.0.4389.114', 'success', '2021-04-13 07:25:06'),
	(141, 10001, 'campus_admin01', '210.95.41.129', 'Windows / Chrome-89.0.4389.114', 'success', '2021-04-13 07:44:45'),
	(142, 10001, 'campus_admin01', '210.95.41.129', 'Windows / Chrome-89.0.4389.114', 'success', '2021-04-14 00:32:41'),
	(143, 10001, 'campus_admin01', '210.95.41.129', 'Windows / Chrome-89.0.4389.114', 'success', '2021-04-14 01:42:40'),
	(144, 10001, 'campus_admin01', '210.95.41.129', 'Windows / Chrome-89.0.4389.114', 'success', '2021-04-14 02:13:54'),
	(145, 10001, 'campus_admin01', '210.95.41.129', 'Windows / Chrome-89.0.4389.114', 'success', '2021-04-14 08:23:30'),
	(146, 10001, 'campus_admin01', '210.95.41.129', 'Windows / Chrome-89.0.4389.114', 'success', '2021-04-15 00:07:34'),
	(147, 10001, 'campus_admin01', '112.168.255.194', 'Windows / Chrome-89.0.4389.114', 'success', '2021-04-15 00:46:14'),
	(148, 10001, 'campus_admin01', '210.95.41.129', 'Windows / Chrome-89.0.4389.114', 'success', '2021-04-16 00:44:31'),
	(149, 10001, 'campus_admin01', '210.95.41.129', 'Windows / Chrome-89.0.4389.114', 'success', '2021-04-16 01:43:49'),
	(150, 10001, 'campus_admin01', '112.168.255.194', 'Windows / Chrome-89.0.4389.114', 'success', '2021-04-16 04:07:34'),
	(151, 10001, 'campus_admin01', '210.95.41.129', 'Windows / Chrome-89.0.4389.114', 'success', '2021-04-16 04:59:17'),
	(152, 10001, 'campus_admin01', '210.95.41.129', 'Windows / Chrome-89.0.4389.114', 'success', '2021-04-16 05:08:19'),
	(153, 10001, 'campus_admin01', '210.95.41.129', 'Windows / Chrome-89.0.4389.114', 'success', '2021-04-19 00:17:27'),
	(154, 10001, 'campus_admin01', '112.168.255.194', 'Windows / Chrome-89.0.4389.114', 'success', '2021-04-19 00:31:06'),
	(155, 0, 'user01', '210.95.41.129', 'Windows / Chrome-89.0.4389.114', 'fail', '2021-04-19 01:29:13'),
	(156, 0, 'USER01', '210.95.41.129', 'Windows / Chrome-89.0.4389.114', 'fail', '2021-04-19 01:29:19'),
	(157, 1, 'user01', '210.95.41.129', 'Windows / Chrome-89.0.4389.114', 'success', '2021-04-19 01:29:25'),
	(158, 0, 'user02', '210.95.41.129', 'Windows / Chrome-89.0.4389.114', 'fail', '2021-04-19 01:29:36'),
	(159, 2, 'user02', '210.95.41.129', 'Windows / Chrome-89.0.4389.114', 'success', '2021-04-19 01:29:42'),
	(160, 3, 'user03', '210.95.41.129', 'Windows / Chrome-89.0.4389.114', 'success', '2021-04-19 01:29:53'),
	(161, 4, 'user04', '210.95.41.129', 'Windows / Chrome-89.0.4389.114', 'success', '2021-04-19 01:30:03'),
	(162, 8, 'user08', '112.168.255.194', 'Windows / Chrome-89.0.4389.128', 'success', '2021-04-19 01:49:41'),
	(163, 10001, 'campus_admin01', '210.95.41.129', 'Windows / Chrome-89.0.4389.114', 'success', '2021-04-19 01:50:01'),
	(164, 5, 'user05', '112.168.255.194', 'Windows / Chrome-86.0.4240.198', 'success', '2021-04-19 01:50:40'),
	(165, 1, 'user01', '59.7.33.129', 'Windows / IE-11.0', 'success', '2021-04-19 01:58:06'),
	(166, 0, 'user01', '59.7.33.129', 'Windows / IE-11.0', 'fail', '2021-04-19 02:00:18'),
	(167, 1, 'user01', '59.7.33.129', 'Windows / IE-11.0', 'success', '2021-04-19 02:00:31'),
	(168, 1, 'user01', '59.7.33.129', 'Windows / IE-11.0', 'success', '2021-04-19 02:02:10'),
	(169, 5, 'user05', '210.95.41.129', 'Windows / Chrome-89.0.4389.114', 'success', '2021-04-19 02:02:26'),
	(170, 10001, 'campus_admin01', '210.95.41.129', 'Windows / Chrome-89.0.4389.114', 'success', '2021-04-19 02:02:45'),
	(171, 1, 'user01', '59.7.33.129', 'Windows / IE-11.0', 'success', '2021-04-19 02:16:20'),
	(172, 1, 'user01', '59.7.33.129', 'Windows / IE-11.0', 'success', '2021-04-19 02:18:32'),
	(173, 10001, 'campus_admin01', '210.95.41.129', 'Windows / Chrome-90.0.4430.72', 'success', '2021-04-19 02:35:21'),
	(174, 10002, 'campus_admin02', '210.95.41.129', 'Windows / Chrome-89.0.4389.114', 'success', '2021-04-19 02:36:35'),
	(175, 10001, 'campus_admin01', '210.95.41.129', 'Windows / Chrome-89.0.4389.114', 'success', '2021-04-19 02:36:55'),
	(176, 10001, 'campus_admin01', '210.95.41.129', 'Windows / Chrome-89.0.4389.114', 'success', '2021-04-19 04:24:46'),
	(177, 10001, 'campus_admin01', '112.168.255.194', 'Windows / Chrome-89.0.4389.114', 'success', '2021-04-19 05:14:15'),
	(178, 10001, 'campus_admin01', '210.95.41.129', 'Windows / Chrome-89.0.4389.128', 'success', '2021-04-19 05:19:20'),
	(179, 0, 'campus_admin01', '222.112.13.179', 'Windows / Chrome-89.0.4389.128', 'fail', '2021-04-19 05:32:11'),
	(180, 10001, 'campus_admin01', '222.112.13.179', 'Windows / Chrome-89.0.4389.128', 'success', '2021-04-19 05:32:39'),
	(181, 10001, 'campus_admin01', '210.95.41.129', 'Windows / Chrome-89.0.4389.128', 'success', '2021-04-19 06:13:24'),
	(182, 8, 'user08', '112.168.255.194', 'Windows / Chrome-89.0.4389.128', 'success', '2021-04-19 06:18:13'),
	(183, 5, 'user05', '112.169.150.141', 'Mac / Chrome-89.0.4389.128', 'success', '2021-04-19 06:23:03'),
	(184, 10001, 'campus_admin01', '0:0:0:0:0:0:0:1', 'Windows / Chrome-89.0.4389.128', 'success', '2021-04-19 06:41:38'),
	(185, 5, 'user05', '112.168.255.194', 'Windows / Chrome-89.0.4389.128', 'success', '2021-04-19 06:49:37'),
	(186, 10001, 'campus_admin01', '222.112.13.179', 'Windows / Chrome-89.0.4389.128', 'success', '2021-04-19 06:58:12'),
	(187, 10001, 'campus_admin01', '210.95.41.129', 'Windows / Chrome-89.0.4389.128', 'success', '2021-04-19 07:42:51'),
	(188, 8, 'user08', '210.95.41.129', 'Windows / Chrome-89.0.4389.128', 'success', '2021-04-19 07:58:56'),
	(189, 8, 'user08', '112.168.255.194', 'Windows / Chrome-89.0.4389.128', 'success', '2021-04-19 09:12:35'),
	(190, 10001, 'campus_admin01', '210.95.41.129', 'Windows / Chrome-90.0.4430.72', 'success', '2021-04-19 09:35:02'),
	(191, 4, 'user04', '112.168.255.194', 'Windows / Chrome-89.0.4389.114', 'success', '2021-04-19 09:57:40'),
	(192, 10001, 'campus_admin01', '210.97.77.94', 'Mac / UnKnown, More-Info: Mozilla/5.0 (iPhone; CPU iPhone OS 13_5_1 like Mac OS X) AppleWebKit/605.1.15 (KHTML, like Gecko) Mobile/15E148 KAKAOTALK 9.3.0', 'success', '2021-04-19 10:03:34'),
	(193, 10001, 'campus_admin01', '210.95.41.129', 'Windows / Chrome-89.0.4389.128', 'success', '2021-04-19 23:58:07'),
	(194, 10001, 'campus_admin01', '210.95.41.129', 'Windows / Chrome-89.0.4389.128', 'success', '2021-04-20 00:13:04'),
	(195, 1, 'user01', '112.168.255.194', 'Mac / Safari-14.0', 'success', '2021-04-20 00:56:52'),
	(196, 1, 'user01', '112.168.255.194', 'Mac / Safari-14.0', 'success', '2021-04-20 00:58:04'),
	(197, 5, 'user05', '112.168.255.194', 'Windows / Chrome-86.0.4240.198', 'success', '2021-04-20 00:58:44'),
	(198, 10, 'user10', '112.168.255.194', 'Windows / Chrome-86.0.4240.198', 'success', '2021-04-20 01:44:11'),
	(199, 0, 'user08 ', '112.168.255.194', 'Windows / Chrome-89.0.4389.128', 'fail', '2021-04-20 02:14:43'),
	(200, 0, 'user08 ', '112.168.255.194', 'Windows / Chrome-89.0.4389.128', 'fail', '2021-04-20 02:14:55'),
	(201, 0, 'user08 ', '112.168.255.194', 'Windows / Chrome-89.0.4389.128', 'fail', '2021-04-20 02:15:02'),
	(202, 0, 'user08 ', '112.168.255.194', 'Windows / Chrome-89.0.4389.128', 'fail', '2021-04-20 02:15:08'),
	(203, 0, 'user08 ', '112.168.255.194', 'Windows / Chrome-89.0.4389.128', 'fail', '2021-04-20 02:15:14'),
	(204, 0, 'user08 ', '112.168.255.194', 'Windows / Chrome-89.0.4389.128', 'fail', '2021-04-20 02:15:21'),
	(205, 8, 'user08', '112.168.255.194', 'Windows / Chrome-89.0.4389.128', 'success', '2021-04-20 02:16:27'),
	(206, 8, 'user08', '112.168.255.194', 'Windows / Chrome-89.0.4389.128', 'success', '2021-04-20 02:20:00'),
	(207, 8, 'user08', '112.168.255.194', 'Windows / Chrome-89.0.4389.128', 'success', '2021-04-20 06:07:40'),
	(208, 5, 'user05', '112.168.255.194', 'Windows / Chrome-89.0.4389.128', 'success', '2021-04-20 08:12:19'),
	(209, 10001, 'campus_admin01', '210.97.77.94', 'Mac / UnKnown, More-Info: Mozilla/5.0 (iPhone; CPU iPhone OS 13_5_1 like Mac OS X) AppleWebKit/605.1.15 (KHTML, like Gecko) Mobile/15E148 KAKAOTALK 9.3.0', 'success', '2021-04-20 14:20:09'),
	(210, 10001, 'campus_admin01', '210.95.41.129', 'Windows / Chrome-89.0.4389.128', 'success', '2021-04-21 00:01:31'),
	(211, 10001, 'campus_admin01', '210.95.41.129', 'Windows / Chrome-89.0.4389.128', 'success', '2021-04-21 00:37:59'),
	(212, 10001, 'campus_admin01', '210.95.41.129', 'Windows / Chrome-89.0.4389.128', 'success', '2021-04-21 02:24:12'),
	(213, 9, 'user09', '112.168.255.194', 'Android / Safari-4.0', 'success', '2021-04-21 02:26:54'),
	(214, 10001, 'campus_admin01', '210.95.41.129', 'Windows / Chrome-89.0.4389.128', 'success', '2021-04-22 00:06:56'),
	(215, 10001, 'campus_admin01', '210.95.41.129', 'Windows / Chrome-89.0.4389.128', 'success', '2021-04-22 01:19:27'),
	(216, 10001, 'campus_admin01', '210.95.41.129', 'Windows / Chrome-90.0.4430.72', 'success', '2021-04-22 02:48:53'),
	(217, 8, 'user08', '112.168.255.194', 'Windows / Chrome-90.0.4430.85', 'success', '2021-04-22 03:04:19'),
	(218, 10001, 'campus_admin01', '210.95.41.129', 'Windows / Chrome-90.0.4430.72', 'success', '2021-04-22 04:32:53'),
	(219, 8, 'user08', '112.168.255.194', 'Windows / Chrome-90.0.4430.85', 'success', '2021-04-22 04:37:05'),
	(220, 10001, 'campus_admin01', '210.95.41.129', 'Windows / Chrome-90.0.4430.72', 'success', '2021-04-22 05:18:52'),
	(221, 10001, 'campus_admin01', '210.95.41.129', 'Windows / Chrome-90.0.4430.72', 'success', '2021-04-22 23:59:18'),
	(222, 8, 'user08', '112.168.255.194', 'Windows / Chrome-89.0.4389.128', 'success', '2021-04-23 01:16:03'),
	(223, 10001, 'campus_admin01', '210.95.41.129', 'Windows / Chrome-90.0.4430.72', 'success', '2021-04-23 01:16:40'),
	(224, 10001, 'campus_admin01', '210.95.41.129', 'Windows / Chrome-90.0.4430.72', 'success', '2021-04-23 01:53:03'),
	(225, 10001, 'campus_admin01', '210.95.41.129', 'Windows / Chrome-90.0.4430.72', 'success', '2021-04-23 04:38:52'),
	(226, 10001, 'campus_admin01', '210.95.41.129', 'Windows / Chrome-90.0.4430.72', 'success', '2021-04-23 04:58:41');
/*!40000 ALTER TABLE `login_history` ENABLE KEYS */;

-- 테이블 startup_campus.popup 구조 내보내기
DROP TABLE IF EXISTS `popup`;
CREATE TABLE IF NOT EXISTS `popup` (
  `num` int(11) NOT NULL AUTO_INCREMENT,
  `title` varchar(20) NOT NULL,
  `link` varchar(300) DEFAULT NULL,
  `contents` text,
  `contents_width` int(11) NOT NULL,
  `contents_height` int(11) NOT NULL,
  `display_yn` char(10) NOT NULL,
  `display_date` date NOT NULL DEFAULT '9999-12-31',
  `display_position_x` int(11) NOT NULL,
  `display_position_y` int(11) NOT NULL,
  `created_at` timestamp NOT NULL DEFAULT CURRENT_TIMESTAMP ON UPDATE CURRENT_TIMESTAMP,
  `updated_at` timestamp NOT NULL DEFAULT '0000-00-00 00:00:00',
  PRIMARY KEY (`num`) USING BTREE
) ENGINE=InnoDB DEFAULT CHARSET=utf8;

-- 테이블 데이터 startup_campus.popup:~0 rows (대략적) 내보내기
DELETE FROM `popup`;
/*!40000 ALTER TABLE `popup` DISABLE KEYS */;
/*!40000 ALTER TABLE `popup` ENABLE KEYS */;

-- 테이블 startup_campus.user_info 구조 내보내기
DROP TABLE IF EXISTS `user_info`;
CREATE TABLE IF NOT EXISTS `user_info` (
  `SEQ_ID` int(11) NOT NULL AUTO_INCREMENT COMMENT 'PK',
  `ACTIVATE` varchar(50) NOT NULL DEFAULT 'EMPTY' COMMENT 'ADMIN: 관리자, PARTNER: 입주사, EMPTY: 비활성화',
  `ACCOUNT_ID` varchar(100) NOT NULL COMMENT '계정 ID',
  `ACCOUNT_PW` varchar(100) NOT NULL COMMENT '계정 PW',
  `BUSINESS_NAME` varchar(100) NOT NULL COMMENT '입주사 업종',
  `NAME` varchar(100) NOT NULL COMMENT '입주사 명',
  `ROOM_NAME` varchar(100) NOT NULL COMMENT '입주한 방 이름',
  `CEO_NAME` varchar(100) NOT NULL DEFAULT '대표자' COMMENT '입주사 대표명',
  `HOMEPAGE` varchar(100) NOT NULL COMMENT '입주사 웹사이트',
  `CONTRACT` varchar(100) NOT NULL COMMENT '입주사 연락처',
  `PROFILE_IMAGE` varchar(100) NOT NULL DEFAULT 'default.jpg' COMMENT '입주사 CI',
  `INTRODUCE` mediumtext NOT NULL COMMENT '입주사 소개문',
  `LAST_LOGIN` datetime NOT NULL DEFAULT CURRENT_TIMESTAMP COMMENT '계정 마지막 접속',
  `CREATED_AT` datetime NOT NULL DEFAULT CURRENT_TIMESTAMP COMMENT '생성 일자',
  `UPDATED_AT` datetime NOT NULL DEFAULT CURRENT_TIMESTAMP ON UPDATE CURRENT_TIMESTAMP COMMENT '최근 수정 일자',
  PRIMARY KEY (`SEQ_ID`) USING BTREE,
  UNIQUE KEY `UNIQ_ACCOUNT_ID` (`ACCOUNT_ID`)
) ENGINE=InnoDB AUTO_INCREMENT=10004 DEFAULT CHARSET=utf8;

-- 테이블 데이터 startup_campus.user_info:~102 rows (대략적) 내보내기
DELETE FROM `user_info`;
/*!40000 ALTER TABLE `user_info` DISABLE KEYS */;
INSERT INTO `user_info` (`SEQ_ID`, `ACTIVATE`, `ACCOUNT_ID`, `ACCOUNT_PW`, `BUSINESS_NAME`, `NAME`, `ROOM_NAME`, `CEO_NAME`, `HOMEPAGE`, `CONTRACT`, `PROFILE_IMAGE`, `INTRODUCE`, `LAST_LOGIN`, `CREATED_AT`, `UPDATED_AT`) VALUES
	(1, 'PARTNER', 'user01', '$2a$10$rq41XgcHHnp3uLDWPEpDlO6hH4BRYbqbfUAHmaeJk4OVpmVYQVP1O', '맞춤형 욕창 예방 쿠션', '(주)엠엘피', '입주실 1호', '김종배', 'https://mlp4u.com', '010-3210-5209', '729b25eb-3e7d-4813-b161-16ff70f2322d.jpg', '<p>-</p>\r\n', '2021-04-20 00:58:04', '2021-01-26 13:23:57', '2021-04-20 00:58:04'),
	(2, 'PARTNER', 'user02', '$2a$10$7FTfryFNIwcrlFOpTSTDOehO/wCE3Y9iSnxRtNX1fwOBMJg/eCphi', '한국-동남아 헬스케어 정보 플랫폼', '(주)케이닷코리아', '입주실 2호', '장예현', 'https://www.k-dod.com', '010-4248-2486', '23520c08-f469-4615-b2f9-61307808ef6b.png', '<p>-</p>\r\n\r\n<p>&nbsp;</p>\r\n\r\n<p>&nbsp;</p>\r\n', '2021-04-19 01:29:42', '2021-01-26 13:23:59', '2021-04-19 01:29:42'),
	(3, 'PARTNER', 'user03', '$2a$10$7FTfryFNIwcrlFOpTSTDOehO/wCE3Y9iSnxRtNX1fwOBMJg/eCphi', '영유아 다기능 헬스케어 디바이스', '(주)애니메드', '입주실 3호', '최오수', 'https://www.anymed.co.kr', '010-8567-3850', 'a3aa566c-32e2-43cc-b9fb-a65cf7620a9e.png', '<p>-</p>\r\n\r\n<p>&nbsp;</p>\r\n', '2021-04-19 01:29:53', '2021-01-26 13:24:01', '2021-04-19 01:29:53'),
	(4, 'PARTNER', 'user04', '$2a$10$YrUTNKXMN4f1mwLaFRr/b.IciK0w7PXtjz2/GHbZJ3YKEKLc7NjJa', '피부/두피 관리 디바이스', '앤코어스(주)', '입주실 4호', '주하나', 'https://n-cores.co.kr', '010-4934-5580', 'f5fd9bf2-d187-4f45-b1c0-5f2e49c8da41.png', '<p>-</p>\r\n\r\n<p>&nbsp;</p>\r\n', '2021-04-19 09:57:40', '2021-01-26 13:24:03', '2021-04-19 09:58:02'),
	(5, 'PARTNER', 'user05', '$2a$10$7FTfryFNIwcrlFOpTSTDOehO/wCE3Y9iSnxRtNX1fwOBMJg/eCphi', '심혈관 중재 시술 보조로봇', '(주)엘엔로보틱스', '입주실 5호', '최재순', 'https://www.lnrobo.com', '010-4767-1069', '51a64c97-b2ff-45cb-bb9d-1f4e00bd91f8.png', '<p>-</p>\r\n', '2021-04-20 08:12:19', '2021-01-26 13:24:04', '2021-04-20 08:12:19'),
	(6, 'PARTNER', 'user06', '$2a$10$7FTfryFNIwcrlFOpTSTDOehO/wCE3Y9iSnxRtNX1fwOBMJg/eCphi', '인공지능 의료용 내시경', '(주)메디인테크', '입주실 6호', '이치원', 'www.medintech.co.kr', '010-4479-9766', '0c82b646-8164-48c7-8bf6-0dfcce43754a.jpg', '<p>-</p>\r\n', '2021-02-17 02:48:30', '2021-02-17 02:48:35', '2021-04-01 07:41:24'),
	(7, 'PARTNER', 'user07', '$2a$10$7FTfryFNIwcrlFOpTSTDOehO/wCE3Y9iSnxRtNX1fwOBMJg/eCphi', '기능성 화장품과 건티슈', '(주)설랩', '입주실 7호', '이주훈', 'https://www.sullab.co.kr', '010-5851-0329', 'ab23320e-8715-45e2-87b6-e918027ee9e9.png', '<p>-</p>\r\n', '2021-02-17 02:48:30', '2021-02-17 02:48:35', '2021-03-18 01:52:31'),
	(8, 'PARTNER', 'user08', '$2a$10$7FTfryFNIwcrlFOpTSTDOehO/wCE3Y9iSnxRtNX1fwOBMJg/eCphi', '수면 종합 케어 시스템', '닉스(주)', '입주실 8호', '김동신', 'https://www.gosleep.kr', '010-4612-6090', '60d2b3ea-c6af-412c-b251-b3056e76895c.png', '<p>-</p>\r\n', '2021-04-23 01:16:03', '2021-02-17 02:48:35', '2021-04-23 01:16:03'),
	(9, 'PARTNER', 'user09', '$2a$10$7FTfryFNIwcrlFOpTSTDOehO/wCE3Y9iSnxRtNX1fwOBMJg/eCphi', '자전거 신개념 페달', '(주)등자', '입주실 9호', '김학무', '준비 중', '010-2574-1009', '1a0cae1b-2cc9-4a92-af9c-a0b5dc239d47.png', '<p>-</p>\r\n', '2021-04-21 02:26:54', '2021-02-17 02:48:35', '2021-04-21 02:26:54'),
	(10, 'PARTNER', 'user10', '$2a$10$7FTfryFNIwcrlFOpTSTDOehO/wCE3Y9iSnxRtNX1fwOBMJg/eCphi', '감염증 검사 진단키트', '아토플렉스(주)', '입주실 10호', '윤현규', 'https://www.attoplex.co.kr', '010-8851-6559', '2842909d-f53f-4a29-a814-40107afc981f.jpg', '<p>-</p>\r\n', '2021-04-20 01:44:11', '2021-02-17 02:48:35', '2021-04-20 01:44:11'),
	(11, 'EMPTY', 'user11', '$2a$10$7FTfryFNIwcrlFOpTSTDOehO/wCE3Y9iSnxRtNX1fwOBMJg/eCphi', 'IT · 정보기술', '입주기업 명', '100호', '대표자', 'https://homepage.com', 'johndoe@gmail.com', 'default.jpg', '입주사 소개', '2021-02-17 02:48:30', '2021-02-17 02:48:35', '2021-03-17 06:18:41'),
	(12, 'EMPTY', 'user12', '$2a$10$7FTfryFNIwcrlFOpTSTDOehO/wCE3Y9iSnxRtNX1fwOBMJg/eCphi', 'IT · 정보기술', '입주기업 명', '100호', '대표자', 'https://homepage.com', 'johndoe@gmail.com', 'default.jpg', '입주사 소개', '2021-02-17 02:48:30', '2021-02-17 02:48:35', '2021-03-17 06:18:41'),
	(13, 'EMPTY', 'user13', '$2a$10$7FTfryFNIwcrlFOpTSTDOehO/wCE3Y9iSnxRtNX1fwOBMJg/eCphi', 'IT · 정보기술', '입주기업 명', '100호', '대표자', 'https://homepage.com', 'johndoe@gmail.com', 'default.jpg', '입주사 소개', '2021-02-17 02:48:30', '2021-02-17 02:48:35', '2021-03-17 06:18:41'),
	(14, 'EMPTY', 'user14', '$2a$10$7FTfryFNIwcrlFOpTSTDOehO/wCE3Y9iSnxRtNX1fwOBMJg/eCphi', 'IT · 정보기술', '입주기업 명', '100호', '대표자', 'https://homepage.com', 'johndoe@gmail.com', 'default.jpg', '입주사 소개', '2021-02-17 02:48:30', '2021-02-17 02:48:35', '2021-03-17 06:18:41'),
	(15, 'EMPTY', 'user15', '$2a$10$7FTfryFNIwcrlFOpTSTDOehO/wCE3Y9iSnxRtNX1fwOBMJg/eCphi', 'IT · 정보기술', '입주기업 명', '100호', '대표자', 'https://homepage.com', 'johndoe@gmail.com', 'default.jpg', '입주사 소개', '2021-02-17 02:48:30', '2021-02-17 02:48:35', '2021-03-17 06:18:41'),
	(16, 'EMPTY', 'user16', '$2a$10$7FTfryFNIwcrlFOpTSTDOehO/wCE3Y9iSnxRtNX1fwOBMJg/eCphi', 'IT · 정보기술', '입주기업 명', '100호', '대표자', 'https://homepage.com', 'johndoe@gmail.com', 'default.jpg', '입주사 소개', '2021-02-17 02:48:30', '2021-02-17 02:48:35', '2021-03-17 06:18:41'),
	(17, 'EMPTY', 'user17', '$2a$10$7FTfryFNIwcrlFOpTSTDOehO/wCE3Y9iSnxRtNX1fwOBMJg/eCphi', 'IT · 정보기술', '입주기업 명', '100호', '대표자', 'https://homepage.com', 'johndoe@gmail.com', 'default.jpg', '입주사 소개', '2021-02-17 02:48:30', '2021-02-17 02:48:35', '2021-03-17 06:18:41'),
	(18, 'EMPTY', 'user18', '$2a$10$7FTfryFNIwcrlFOpTSTDOehO/wCE3Y9iSnxRtNX1fwOBMJg/eCphi', 'IT · 정보기술', '입주기업 명', '100호', '대표자', 'https://homepage.com', 'johndoe@gmail.com', 'default.jpg', '입주사 소개', '2021-02-17 02:48:30', '2021-02-17 02:48:35', '2021-03-17 06:18:41'),
	(19, 'EMPTY', 'user19', '$2a$10$7FTfryFNIwcrlFOpTSTDOehO/wCE3Y9iSnxRtNX1fwOBMJg/eCphi', 'IT · 정보기술', '입주기업 명', '100호', '대표자', 'https://homepage.com', 'johndoe@gmail.com', 'default.jpg', '입주사 소개', '2021-02-17 02:48:30', '2021-02-17 02:48:35', '2021-03-17 06:18:41'),
	(20, 'EMPTY', 'user20', '$2a$10$7FTfryFNIwcrlFOpTSTDOehO/wCE3Y9iSnxRtNX1fwOBMJg/eCphi', 'IT · 정보기술', '입주기업 명', '100호', '대표자', 'https://homepage.com', 'johndoe@gmail.com', 'default.jpg', '입주사 소개', '2021-02-17 02:48:30', '2021-02-17 02:48:35', '2021-03-17 06:18:41'),
	(21, 'EMPTY', 'user21', '$2a$10$7FTfryFNIwcrlFOpTSTDOehO/wCE3Y9iSnxRtNX1fwOBMJg/eCphi', 'IT · 정보기술', '입주기업 명', '100호', '대표자', 'https://homepage.com', 'johndoe@gmail.com', 'default.jpg', '입주사 소개', '2021-02-17 02:48:30', '2021-02-17 02:48:35', '2021-03-17 06:18:41'),
	(22, 'EMPTY', 'user22', '$2a$10$7FTfryFNIwcrlFOpTSTDOehO/wCE3Y9iSnxRtNX1fwOBMJg/eCphi', 'IT · 정보기술', '입주기업 명', '100호', '대표자', 'https://homepage.com', 'johndoe@gmail.com', 'default.jpg', '입주사 소개', '2021-02-17 02:48:30', '2021-02-17 02:48:35', '2021-03-17 06:18:41'),
	(23, 'EMPTY', 'user23', '$2a$10$7FTfryFNIwcrlFOpTSTDOehO/wCE3Y9iSnxRtNX1fwOBMJg/eCphi', 'IT · 정보기술', '입주기업 명', '100호', '대표자', 'https://homepage.com', 'johndoe@gmail.com', 'default.jpg', '입주사 소개', '2021-02-17 02:48:30', '2021-02-17 02:48:35', '2021-03-17 06:18:41'),
	(24, 'EMPTY', 'user24', '$2a$10$7FTfryFNIwcrlFOpTSTDOehO/wCE3Y9iSnxRtNX1fwOBMJg/eCphi', 'IT · 정보기술', '입주기업 명', '100호', '대표자', 'https://homepage.com', 'johndoe@gmail.com', 'default.jpg', '입주사 소개', '2021-02-17 02:48:30', '2021-02-17 02:48:35', '2021-03-17 06:18:41'),
	(25, 'EMPTY', 'user25', '$2a$10$7FTfryFNIwcrlFOpTSTDOehO/wCE3Y9iSnxRtNX1fwOBMJg/eCphi', 'IT · 정보기술', '입주기업 명', '100호', '대표자', 'https://homepage.com', 'johndoe@gmail.com', 'default.jpg', '입주사 소개', '2021-02-17 02:48:30', '2021-02-17 02:48:35', '2021-03-17 06:18:41'),
	(26, 'EMPTY', 'user26', '$2a$10$7FTfryFNIwcrlFOpTSTDOehO/wCE3Y9iSnxRtNX1fwOBMJg/eCphi', 'IT · 정보기술', '입주기업 명', '100호', '대표자', 'https://homepage.com', 'johndoe@gmail.com', 'default.jpg', '입주사 소개', '2021-02-17 02:48:30', '2021-02-17 02:48:35', '2021-03-17 06:18:41'),
	(27, 'EMPTY', 'user27', '$2a$10$7FTfryFNIwcrlFOpTSTDOehO/wCE3Y9iSnxRtNX1fwOBMJg/eCphi', 'IT · 정보기술', '입주기업 명', '100호', '대표자', 'https://homepage.com', 'johndoe@gmail.com', 'default.jpg', '입주사 소개', '2021-02-17 02:48:30', '2021-02-17 02:48:35', '2021-03-17 06:18:41'),
	(28, 'EMPTY', 'user28', '$2a$10$7FTfryFNIwcrlFOpTSTDOehO/wCE3Y9iSnxRtNX1fwOBMJg/eCphi', 'IT · 정보기술', '입주기업 명', '100호', '대표자', 'https://homepage.com', 'johndoe@gmail.com', 'default.jpg', '입주사 소개', '2021-02-17 02:48:30', '2021-02-17 02:48:35', '2021-03-17 06:18:41'),
	(29, 'EMPTY', 'user29', '$2a$10$7FTfryFNIwcrlFOpTSTDOehO/wCE3Y9iSnxRtNX1fwOBMJg/eCphi', 'IT · 정보기술', '입주기업 명', '100호', '대표자', 'https://homepage.com', 'johndoe@gmail.com', 'default.jpg', '입주사 소개', '2021-02-17 02:48:30', '2021-02-17 02:48:35', '2021-03-17 06:18:41'),
	(30, 'EMPTY', 'user30', '$2a$10$7FTfryFNIwcrlFOpTSTDOehO/wCE3Y9iSnxRtNX1fwOBMJg/eCphi', 'IT · 정보기술', '입주기업 명', '100호', '대표자', 'https://homepage.com', 'johndoe@gmail.com', 'default.jpg', '입주사 소개', '2021-02-17 02:48:30', '2021-02-17 02:48:35', '2021-03-17 06:18:41'),
	(31, 'EMPTY', 'user31', '$2a$10$7FTfryFNIwcrlFOpTSTDOehO/wCE3Y9iSnxRtNX1fwOBMJg/eCphi', 'IT · 정보기술', '입주기업 명', '100호', '대표자', 'https://homepage.com', 'johndoe@gmail.com', 'default.jpg', '입주사 소개', '2021-02-17 02:48:30', '2021-02-17 02:48:35', '2021-03-17 06:18:41'),
	(32, 'EMPTY', 'user32', '$2a$10$7FTfryFNIwcrlFOpTSTDOehO/wCE3Y9iSnxRtNX1fwOBMJg/eCphi', 'IT · 정보기술', '입주기업 명', '100호', '대표자', 'https://homepage.com', 'johndoe@gmail.com', 'default.jpg', '입주사 소개', '2021-02-17 02:48:30', '2021-02-17 02:48:35', '2021-03-17 06:18:41'),
	(33, 'EMPTY', 'user33', '$2a$10$7FTfryFNIwcrlFOpTSTDOehO/wCE3Y9iSnxRtNX1fwOBMJg/eCphi', 'IT · 정보기술', '입주기업 명', '100호', '대표자', 'https://homepage.com', 'johndoe@gmail.com', 'default.jpg', '입주사 소개', '2021-02-17 02:48:30', '2021-02-17 02:48:35', '2021-03-17 06:18:41'),
	(34, 'EMPTY', 'user34', '$2a$10$7FTfryFNIwcrlFOpTSTDOehO/wCE3Y9iSnxRtNX1fwOBMJg/eCphi', 'IT · 정보기술', '입주기업 명', '100호', '대표자', 'https://homepage.com', 'johndoe@gmail.com', 'default.jpg', '입주사 소개', '2021-02-17 02:48:30', '2021-02-17 02:48:35', '2021-03-17 06:18:41'),
	(35, 'EMPTY', 'user35', '$2a$10$7FTfryFNIwcrlFOpTSTDOehO/wCE3Y9iSnxRtNX1fwOBMJg/eCphi', 'IT · 정보기술', '입주기업 명', '100호', '대표자', 'https://homepage.com', 'johndoe@gmail.com', 'default.jpg', '입주사 소개', '2021-02-17 02:48:30', '2021-02-17 02:48:35', '2021-03-17 06:18:41'),
	(36, 'EMPTY', 'user36', '$2a$10$7FTfryFNIwcrlFOpTSTDOehO/wCE3Y9iSnxRtNX1fwOBMJg/eCphi', 'IT · 정보기술', '입주기업 명', '100호', '대표자', 'https://homepage.com', 'johndoe@gmail.com', 'default.jpg', '입주사 소개', '2021-02-17 02:48:30', '2021-02-17 02:48:35', '2021-03-17 06:18:41'),
	(37, 'EMPTY', 'user37', '$2a$10$7FTfryFNIwcrlFOpTSTDOehO/wCE3Y9iSnxRtNX1fwOBMJg/eCphi', 'IT · 정보기술', '입주기업 명', '100호', '대표자', 'https://homepage.com', 'johndoe@gmail.com', 'default.jpg', '입주사 소개', '2021-02-17 02:48:30', '2021-02-17 02:48:35', '2021-03-17 06:18:41'),
	(38, 'EMPTY', 'user38', '$2a$10$7FTfryFNIwcrlFOpTSTDOehO/wCE3Y9iSnxRtNX1fwOBMJg/eCphi', 'IT · 정보기술', '입주기업 명', '100호', '대표자', 'https://homepage.com', 'johndoe@gmail.com', 'default.jpg', '입주사 소개', '2021-02-17 02:48:30', '2021-02-17 02:48:35', '2021-03-17 06:18:41'),
	(39, 'EMPTY', 'user39', '$2a$10$7FTfryFNIwcrlFOpTSTDOehO/wCE3Y9iSnxRtNX1fwOBMJg/eCphi', 'IT · 정보기술', '입주기업 명', '100호', '대표자', 'https://homepage.com', 'johndoe@gmail.com', 'default.jpg', '입주사 소개', '2021-02-17 02:48:30', '2021-02-17 02:48:35', '2021-03-17 06:18:41'),
	(40, 'EMPTY', 'user40', '$2a$10$7FTfryFNIwcrlFOpTSTDOehO/wCE3Y9iSnxRtNX1fwOBMJg/eCphi', 'IT · 정보기술', '입주기업 명', '100호', '대표자', 'https://homepage.com', 'johndoe@gmail.com', 'default.jpg', '입주사 소개', '2021-02-17 02:48:30', '2021-02-17 02:48:35', '2021-03-17 06:18:41'),
	(41, 'EMPTY', 'user41', '$2a$10$7FTfryFNIwcrlFOpTSTDOehO/wCE3Y9iSnxRtNX1fwOBMJg/eCphi', 'IT · 정보기술', '입주기업 명', '100호', '대표자', 'https://homepage.com', 'johndoe@gmail.com', 'default.jpg', '입주사 소개', '2021-02-17 02:48:30', '2021-02-17 02:48:35', '2021-03-17 06:18:41'),
	(42, 'EMPTY', 'user42', '$2a$10$7FTfryFNIwcrlFOpTSTDOehO/wCE3Y9iSnxRtNX1fwOBMJg/eCphi', 'IT · 정보기술', '입주기업 명', '100호', '대표자', 'https://homepage.com', 'johndoe@gmail.com', 'default.jpg', '입주사 소개', '2021-02-17 02:48:30', '2021-02-17 02:48:35', '2021-03-17 06:18:41'),
	(43, 'EMPTY', 'user43', '$2a$10$7FTfryFNIwcrlFOpTSTDOehO/wCE3Y9iSnxRtNX1fwOBMJg/eCphi', 'IT · 정보기술', '입주기업 명', '100호', '대표자', 'https://homepage.com', 'johndoe@gmail.com', 'default.jpg', '입주사 소개', '2021-02-17 02:48:30', '2021-02-17 02:48:35', '2021-03-17 06:18:41'),
	(44, 'EMPTY', 'user44', '$2a$10$7FTfryFNIwcrlFOpTSTDOehO/wCE3Y9iSnxRtNX1fwOBMJg/eCphi', 'IT · 정보기술', '입주기업 명', '100호', '대표자', 'https://homepage.com', 'johndoe@gmail.com', 'default.jpg', '입주사 소개', '2021-02-17 02:48:30', '2021-02-17 02:48:35', '2021-03-17 06:18:41'),
	(45, 'EMPTY', 'user45', '$2a$10$7FTfryFNIwcrlFOpTSTDOehO/wCE3Y9iSnxRtNX1fwOBMJg/eCphi', 'IT · 정보기술', '입주기업 명', '100호', '대표자', 'https://homepage.com', 'johndoe@gmail.com', 'default.jpg', '입주사 소개', '2021-02-17 02:48:30', '2021-02-17 02:48:35', '2021-03-17 06:18:41'),
	(46, 'EMPTY', 'user46', '$2a$10$7FTfryFNIwcrlFOpTSTDOehO/wCE3Y9iSnxRtNX1fwOBMJg/eCphi', 'IT · 정보기술', '입주기업 명', '100호', '대표자', 'https://homepage.com', 'johndoe@gmail.com', 'default.jpg', '입주사 소개', '2021-02-17 02:48:30', '2021-02-17 02:48:35', '2021-03-17 06:18:41'),
	(47, 'EMPTY', 'user47', '$2a$10$7FTfryFNIwcrlFOpTSTDOehO/wCE3Y9iSnxRtNX1fwOBMJg/eCphi', 'IT · 정보기술', '입주기업 명', '100호', '대표자', 'https://homepage.com', 'johndoe@gmail.com', 'default.jpg', '입주사 소개', '2021-02-17 02:48:30', '2021-02-17 02:48:35', '2021-03-17 06:18:41'),
	(48, 'EMPTY', 'user48', '$2a$10$7FTfryFNIwcrlFOpTSTDOehO/wCE3Y9iSnxRtNX1fwOBMJg/eCphi', 'IT · 정보기술', '입주기업 명', '100호', '대표자', 'https://homepage.com', 'johndoe@gmail.com', 'default.jpg', '입주사 소개', '2021-02-17 02:48:30', '2021-02-17 02:48:35', '2021-03-17 06:18:41'),
	(49, 'EMPTY', 'user49', '$2a$10$7FTfryFNIwcrlFOpTSTDOehO/wCE3Y9iSnxRtNX1fwOBMJg/eCphi', 'IT · 정보기술', '입주기업 명', '100호', '대표자', 'https://homepage.com', 'johndoe@gmail.com', 'default.jpg', '입주사 소개', '2021-02-17 02:48:30', '2021-02-17 02:48:35', '2021-03-17 06:18:41'),
	(50, 'EMPTY', 'user50', '$2a$10$7FTfryFNIwcrlFOpTSTDOehO/wCE3Y9iSnxRtNX1fwOBMJg/eCphi', 'IT · 정보기술', '입주기업 명', '100호', '대표자', 'https://homepage.com', 'johndoe@gmail.com', 'default.jpg', '입주사 소개', '2021-02-17 02:48:30', '2021-02-17 02:48:35', '2021-03-17 06:18:41'),
	(51, 'EMPTY', 'user51', '$2a$10$7FTfryFNIwcrlFOpTSTDOehO/wCE3Y9iSnxRtNX1fwOBMJg/eCphi', 'IT · 정보기술', '입주기업 명', '100호', '대표자', 'https://homepage.com', 'johndoe@gmail.com', 'default.jpg', '입주사 소개', '2021-02-17 02:48:30', '2021-02-17 02:48:35', '2021-03-17 06:18:41'),
	(52, 'EMPTY', 'user52', '$2a$10$7FTfryFNIwcrlFOpTSTDOehO/wCE3Y9iSnxRtNX1fwOBMJg/eCphi', 'IT · 정보기술', '입주기업 명', '100호', '대표자', 'https://homepage.com', 'johndoe@gmail.com', 'default.jpg', '입주사 소개', '2021-02-17 02:48:30', '2021-02-17 02:48:35', '2021-03-17 06:18:41'),
	(53, 'EMPTY', 'user53', '$2a$10$7FTfryFNIwcrlFOpTSTDOehO/wCE3Y9iSnxRtNX1fwOBMJg/eCphi', 'IT · 정보기술', '입주기업 명', '100호', '대표자', 'https://homepage.com', 'johndoe@gmail.com', 'default.jpg', '입주사 소개', '2021-02-17 02:48:30', '2021-02-17 02:48:35', '2021-03-17 06:18:41'),
	(54, 'EMPTY', 'user54', '$2a$10$7FTfryFNIwcrlFOpTSTDOehO/wCE3Y9iSnxRtNX1fwOBMJg/eCphi', 'IT · 정보기술', '입주기업 명', '100호', '대표자', 'https://homepage.com', 'johndoe@gmail.com', 'default.jpg', '입주사 소개', '2021-02-17 02:48:30', '2021-02-17 02:48:35', '2021-03-17 06:18:41'),
	(55, 'EMPTY', 'user55', '$2a$10$7FTfryFNIwcrlFOpTSTDOehO/wCE3Y9iSnxRtNX1fwOBMJg/eCphi', 'IT · 정보기술', '입주기업 명', '100호', '대표자', 'https://homepage.com', 'johndoe@gmail.com', 'default.jpg', '입주사 소개', '2021-02-17 02:48:30', '2021-02-17 02:48:35', '2021-03-17 06:18:41'),
	(56, 'EMPTY', 'user56', '$2a$10$7FTfryFNIwcrlFOpTSTDOehO/wCE3Y9iSnxRtNX1fwOBMJg/eCphi', 'IT · 정보기술', '입주기업 명', '100호', '대표자', 'https://homepage.com', 'johndoe@gmail.com', 'default.jpg', '입주사 소개', '2021-02-17 02:48:30', '2021-02-17 02:48:35', '2021-03-17 06:18:41'),
	(57, 'EMPTY', 'user57', '$2a$10$7FTfryFNIwcrlFOpTSTDOehO/wCE3Y9iSnxRtNX1fwOBMJg/eCphi', 'IT · 정보기술', '입주기업 명', '100호', '대표자', 'https://homepage.com', 'johndoe@gmail.com', 'default.jpg', '입주사 소개', '2021-02-17 02:48:30', '2021-02-17 02:48:35', '2021-03-17 06:18:41'),
	(58, 'EMPTY', 'user58', '$2a$10$7FTfryFNIwcrlFOpTSTDOehO/wCE3Y9iSnxRtNX1fwOBMJg/eCphi', 'IT · 정보기술', '입주기업 명', '100호', '대표자', 'https://homepage.com', 'johndoe@gmail.com', 'default.jpg', '입주사 소개', '2021-02-17 02:48:30', '2021-02-17 02:48:35', '2021-03-17 06:18:41'),
	(59, 'EMPTY', 'user59', '$2a$10$7FTfryFNIwcrlFOpTSTDOehO/wCE3Y9iSnxRtNX1fwOBMJg/eCphi', 'IT · 정보기술', '입주기업 명', '100호', '대표자', 'https://homepage.com', 'johndoe@gmail.com', 'default.jpg', '입주사 소개', '2021-02-17 02:48:30', '2021-02-17 02:48:35', '2021-03-17 06:18:41'),
	(60, 'EMPTY', 'user60', '$2a$10$7FTfryFNIwcrlFOpTSTDOehO/wCE3Y9iSnxRtNX1fwOBMJg/eCphi', 'IT · 정보기술', '입주기업 명', '100호', '대표자', 'https://homepage.com', 'johndoe@gmail.com', 'default.jpg', '입주사 소개', '2021-02-17 02:48:30', '2021-02-17 02:48:35', '2021-03-17 06:18:41'),
	(61, 'EMPTY', 'user61', '$2a$10$7FTfryFNIwcrlFOpTSTDOehO/wCE3Y9iSnxRtNX1fwOBMJg/eCphi', 'IT · 정보기술', '입주기업 명', '100호', '대표자', 'https://homepage.com', 'johndoe@gmail.com', 'default.jpg', '입주사 소개', '2021-02-17 02:48:30', '2021-02-17 02:48:35', '2021-03-17 06:18:41'),
	(62, 'EMPTY', 'user62', '$2a$10$7FTfryFNIwcrlFOpTSTDOehO/wCE3Y9iSnxRtNX1fwOBMJg/eCphi', 'IT · 정보기술', '입주기업 명', '100호', '대표자', 'https://homepage.com', 'johndoe@gmail.com', 'default.jpg', '입주사 소개', '2021-02-17 02:48:30', '2021-02-17 02:48:35', '2021-03-17 06:18:41'),
	(63, 'EMPTY', 'user63', '$2a$10$7FTfryFNIwcrlFOpTSTDOehO/wCE3Y9iSnxRtNX1fwOBMJg/eCphi', 'IT · 정보기술', '입주기업 명', '100호', '대표자', 'https://homepage.com', 'johndoe@gmail.com', 'default.jpg', '입주사 소개', '2021-02-17 02:48:30', '2021-02-17 02:48:35', '2021-03-17 06:18:41'),
	(64, 'EMPTY', 'user64', '$2a$10$7FTfryFNIwcrlFOpTSTDOehO/wCE3Y9iSnxRtNX1fwOBMJg/eCphi', 'IT · 정보기술', '입주기업 명', '100호', '대표자', 'https://homepage.com', 'johndoe@gmail.com', 'default.jpg', '입주사 소개', '2021-02-17 02:48:30', '2021-02-17 02:48:35', '2021-03-17 06:18:41'),
	(65, 'EMPTY', 'user65', '$2a$10$7FTfryFNIwcrlFOpTSTDOehO/wCE3Y9iSnxRtNX1fwOBMJg/eCphi', 'IT · 정보기술', '입주기업 명', '100호', '대표자', 'https://homepage.com', 'johndoe@gmail.com', 'default.jpg', '입주사 소개', '2021-02-17 02:48:30', '2021-02-17 02:48:35', '2021-03-17 06:18:41'),
	(66, 'EMPTY', 'user66', '$2a$10$7FTfryFNIwcrlFOpTSTDOehO/wCE3Y9iSnxRtNX1fwOBMJg/eCphi', 'IT · 정보기술', '입주기업 명', '100호', '대표자', 'https://homepage.com', 'johndoe@gmail.com', 'default.jpg', '입주사 소개', '2021-02-17 02:48:30', '2021-02-17 02:48:35', '2021-03-17 06:18:41'),
	(67, 'EMPTY', 'user67', '$2a$10$7FTfryFNIwcrlFOpTSTDOehO/wCE3Y9iSnxRtNX1fwOBMJg/eCphi', 'IT · 정보기술', '입주기업 명', '100호', '대표자', 'https://homepage.com', 'johndoe@gmail.com', 'default.jpg', '입주사 소개', '2021-02-17 02:48:30', '2021-02-17 02:48:35', '2021-03-17 06:18:41'),
	(68, 'EMPTY', 'user68', '$2a$10$7FTfryFNIwcrlFOpTSTDOehO/wCE3Y9iSnxRtNX1fwOBMJg/eCphi', 'IT · 정보기술', '입주기업 명', '100호', '대표자', 'https://homepage.com', 'johndoe@gmail.com', 'default.jpg', '입주사 소개', '2021-02-17 02:48:30', '2021-02-17 02:48:35', '2021-03-17 06:18:41'),
	(69, 'EMPTY', 'user69', '$2a$10$7FTfryFNIwcrlFOpTSTDOehO/wCE3Y9iSnxRtNX1fwOBMJg/eCphi', 'IT · 정보기술', '입주기업 명', '100호', '대표자', 'https://homepage.com', 'johndoe@gmail.com', 'default.jpg', '입주사 소개', '2021-02-17 02:48:30', '2021-02-17 02:48:35', '2021-03-17 06:18:41'),
	(70, 'EMPTY', 'user70', '$2a$10$7FTfryFNIwcrlFOpTSTDOehO/wCE3Y9iSnxRtNX1fwOBMJg/eCphi', 'IT · 정보기술', '입주기업 명', '100호', '대표자', 'https://homepage.com', 'johndoe@gmail.com', 'default.jpg', '입주사 소개', '2021-02-17 02:48:30', '2021-02-17 02:48:35', '2021-03-17 06:18:41'),
	(71, 'EMPTY', 'user71', '$2a$10$7FTfryFNIwcrlFOpTSTDOehO/wCE3Y9iSnxRtNX1fwOBMJg/eCphi', 'IT · 정보기술', '입주기업 명', '100호', '대표자', 'https://homepage.com', 'johndoe@gmail.com', 'default.jpg', '입주사 소개', '2021-02-17 02:48:30', '2021-02-17 02:48:35', '2021-03-17 06:18:41'),
	(72, 'EMPTY', 'user72', '$2a$10$7FTfryFNIwcrlFOpTSTDOehO/wCE3Y9iSnxRtNX1fwOBMJg/eCphi', 'IT · 정보기술', '입주기업 명', '100호', '대표자', 'https://homepage.com', 'johndoe@gmail.com', 'default.jpg', '입주사 소개', '2021-02-17 02:48:30', '2021-02-17 02:48:35', '2021-03-17 06:18:41'),
	(73, 'EMPTY', 'user73', '$2a$10$7FTfryFNIwcrlFOpTSTDOehO/wCE3Y9iSnxRtNX1fwOBMJg/eCphi', 'IT · 정보기술', '입주기업 명', '100호', '대표자', 'https://homepage.com', 'johndoe@gmail.com', 'default.jpg', '입주사 소개', '2021-02-17 02:48:30', '2021-02-17 02:48:35', '2021-03-17 06:18:41'),
	(74, 'EMPTY', 'user74', '$2a$10$7FTfryFNIwcrlFOpTSTDOehO/wCE3Y9iSnxRtNX1fwOBMJg/eCphi', 'IT · 정보기술', '입주기업 명', '100호', '대표자', 'https://homepage.com', 'johndoe@gmail.com', 'default.jpg', '입주사 소개', '2021-02-17 02:48:30', '2021-02-17 02:48:35', '2021-03-17 06:18:41'),
	(75, 'EMPTY', 'user75', '$2a$10$7FTfryFNIwcrlFOpTSTDOehO/wCE3Y9iSnxRtNX1fwOBMJg/eCphi', 'IT · 정보기술', '입주기업 명', '100호', '대표자', 'https://homepage.com', 'johndoe@gmail.com', 'default.jpg', '입주사 소개', '2021-02-17 02:48:30', '2021-02-17 02:48:35', '2021-03-17 06:18:41'),
	(76, 'EMPTY', 'user76', '$2a$10$7FTfryFNIwcrlFOpTSTDOehO/wCE3Y9iSnxRtNX1fwOBMJg/eCphi', 'IT · 정보기술', '입주기업 명', '100호', '대표자', 'https://homepage.com', 'johndoe@gmail.com', 'default.jpg', '입주사 소개', '2021-02-17 02:48:30', '2021-02-17 02:48:35', '2021-03-17 06:18:41'),
	(77, 'EMPTY', 'user77', '$2a$10$7FTfryFNIwcrlFOpTSTDOehO/wCE3Y9iSnxRtNX1fwOBMJg/eCphi', 'IT · 정보기술', '입주기업 명', '100호', '대표자', 'https://homepage.com', 'johndoe@gmail.com', 'default.jpg', '입주사 소개', '2021-02-17 02:48:30', '2021-02-17 02:48:35', '2021-03-17 06:18:41'),
	(78, 'EMPTY', 'user78', '$2a$10$7FTfryFNIwcrlFOpTSTDOehO/wCE3Y9iSnxRtNX1fwOBMJg/eCphi', 'IT · 정보기술', '입주기업 명', '100호', '대표자', 'https://homepage.com', 'johndoe@gmail.com', 'default.jpg', '입주사 소개', '2021-02-17 02:48:30', '2021-02-17 02:48:35', '2021-03-17 06:18:41'),
	(79, 'EMPTY', 'user79', '$2a$10$7FTfryFNIwcrlFOpTSTDOehO/wCE3Y9iSnxRtNX1fwOBMJg/eCphi', 'IT · 정보기술', '입주기업 명', '100호', '대표자', 'https://homepage.com', 'johndoe@gmail.com', 'default.jpg', '입주사 소개', '2021-02-17 02:48:30', '2021-02-17 02:48:35', '2021-03-17 06:18:41'),
	(80, 'EMPTY', 'user80', '$2a$10$7FTfryFNIwcrlFOpTSTDOehO/wCE3Y9iSnxRtNX1fwOBMJg/eCphi', 'IT · 정보기술', '입주기업 명', '100호', '대표자', 'https://homepage.com', 'johndoe@gmail.com', 'default.jpg', '입주사 소개', '2021-02-17 02:48:30', '2021-02-17 02:48:35', '2021-03-17 06:18:41'),
	(81, 'EMPTY', 'user81', '$2a$10$7FTfryFNIwcrlFOpTSTDOehO/wCE3Y9iSnxRtNX1fwOBMJg/eCphi', 'IT · 정보기술', '입주기업 명', '100호', '대표자', 'https://homepage.com', 'johndoe@gmail.com', 'default.jpg', '입주사 소개', '2021-02-17 02:48:30', '2021-02-17 02:48:35', '2021-03-17 06:18:41'),
	(82, 'EMPTY', 'user82', '$2a$10$7FTfryFNIwcrlFOpTSTDOehO/wCE3Y9iSnxRtNX1fwOBMJg/eCphi', 'IT · 정보기술', '입주기업 명', '100호', '대표자', 'https://homepage.com', 'johndoe@gmail.com', 'default.jpg', '입주사 소개', '2021-02-17 02:48:30', '2021-02-17 02:48:35', '2021-03-17 06:18:41'),
	(83, 'EMPTY', 'user83', '$2a$10$7FTfryFNIwcrlFOpTSTDOehO/wCE3Y9iSnxRtNX1fwOBMJg/eCphi', 'IT · 정보기술', '입주기업 명', '100호', '대표자', 'https://homepage.com', 'johndoe@gmail.com', 'default.jpg', '입주사 소개', '2021-02-17 02:48:30', '2021-02-17 02:48:35', '2021-03-17 06:18:41'),
	(84, 'EMPTY', 'user84', '$2a$10$7FTfryFNIwcrlFOpTSTDOehO/wCE3Y9iSnxRtNX1fwOBMJg/eCphi', 'IT · 정보기술', '입주기업 명', '100호', '대표자', 'https://homepage.com', 'johndoe@gmail.com', 'default.jpg', '입주사 소개', '2021-02-17 02:48:30', '2021-02-17 02:48:35', '2021-03-17 06:18:41'),
	(85, 'EMPTY', 'user85', '$2a$10$7FTfryFNIwcrlFOpTSTDOehO/wCE3Y9iSnxRtNX1fwOBMJg/eCphi', 'IT · 정보기술', '입주기업 명', '100호', '대표자', 'https://homepage.com', 'johndoe@gmail.com', 'default.jpg', '입주사 소개', '2021-02-17 02:48:30', '2021-02-17 02:48:35', '2021-03-17 06:18:41'),
	(86, 'EMPTY', 'user86', '$2a$10$7FTfryFNIwcrlFOpTSTDOehO/wCE3Y9iSnxRtNX1fwOBMJg/eCphi', 'IT · 정보기술', '입주기업 명', '100호', '대표자', 'https://homepage.com', 'johndoe@gmail.com', 'default.jpg', '입주사 소개', '2021-02-17 02:48:30', '2021-02-17 02:48:35', '2021-03-17 06:18:41'),
	(87, 'EMPTY', 'user87', '$2a$10$7FTfryFNIwcrlFOpTSTDOehO/wCE3Y9iSnxRtNX1fwOBMJg/eCphi', 'IT · 정보기술', '입주기업 명', '100호', '대표자', 'https://homepage.com', 'johndoe@gmail.com', 'default.jpg', '입주사 소개', '2021-02-17 02:48:30', '2021-02-17 02:48:35', '2021-03-17 06:18:41'),
	(88, 'EMPTY', 'user88', '$2a$10$7FTfryFNIwcrlFOpTSTDOehO/wCE3Y9iSnxRtNX1fwOBMJg/eCphi', 'IT · 정보기술', '입주기업 명', '100호', '대표자', 'https://homepage.com', 'johndoe@gmail.com', 'default.jpg', '입주사 소개', '2021-02-17 02:48:30', '2021-02-17 02:48:35', '2021-03-17 06:18:41'),
	(89, 'EMPTY', 'user89', '$2a$10$7FTfryFNIwcrlFOpTSTDOehO/wCE3Y9iSnxRtNX1fwOBMJg/eCphi', 'IT · 정보기술', '입주기업 명', '100호', '대표자', 'https://homepage.com', 'johndoe@gmail.com', 'default.jpg', '입주사 소개', '2021-02-17 02:48:30', '2021-02-17 02:48:35', '2021-03-17 06:18:41'),
	(90, 'EMPTY', 'user90', '$2a$10$7FTfryFNIwcrlFOpTSTDOehO/wCE3Y9iSnxRtNX1fwOBMJg/eCphi', 'IT · 정보기술', '입주기업 명', '100호', '대표자', 'https://homepage.com', 'johndoe@gmail.com', 'default.jpg', '입주사 소개', '2021-02-17 02:48:30', '2021-02-17 02:48:35', '2021-03-17 06:18:41'),
	(91, 'EMPTY', 'user91', '$2a$10$7FTfryFNIwcrlFOpTSTDOehO/wCE3Y9iSnxRtNX1fwOBMJg/eCphi', 'IT · 정보기술', '입주기업 명', '100호', '대표자', 'https://homepage.com', 'johndoe@gmail.com', 'default.jpg', '입주사 소개', '2021-02-17 02:48:30', '2021-02-17 02:48:35', '2021-03-17 06:18:41'),
	(92, 'EMPTY', 'user92', '$2a$10$7FTfryFNIwcrlFOpTSTDOehO/wCE3Y9iSnxRtNX1fwOBMJg/eCphi', 'IT · 정보기술', '입주기업 명', '100호', '대표자', 'https://homepage.com', 'johndoe@gmail.com', 'default.jpg', '입주사 소개', '2021-02-17 02:48:30', '2021-02-17 02:48:35', '2021-03-17 06:18:41'),
	(93, 'EMPTY', 'user93', '$2a$10$7FTfryFNIwcrlFOpTSTDOehO/wCE3Y9iSnxRtNX1fwOBMJg/eCphi', 'IT · 정보기술', '입주기업 명', '100호', '대표자', 'https://homepage.com', 'johndoe@gmail.com', 'default.jpg', '입주사 소개', '2021-02-17 02:48:30', '2021-02-17 02:48:35', '2021-03-17 06:18:41'),
	(94, 'EMPTY', 'user94', '$2a$10$7FTfryFNIwcrlFOpTSTDOehO/wCE3Y9iSnxRtNX1fwOBMJg/eCphi', 'IT · 정보기술', '입주기업 명', '100호', '대표자', 'https://homepage.com', 'johndoe@gmail.com', 'default.jpg', '입주사 소개', '2021-02-17 02:48:30', '2021-02-17 02:48:35', '2021-03-17 06:18:41'),
	(95, 'EMPTY', 'user95', '$2a$10$7FTfryFNIwcrlFOpTSTDOehO/wCE3Y9iSnxRtNX1fwOBMJg/eCphi', 'IT · 정보기술', '입주기업 명', '100호', '대표자', 'https://homepage.com', 'johndoe@gmail.com', 'default.jpg', '입주사 소개', '2021-02-17 02:48:30', '2021-02-17 02:48:35', '2021-03-17 06:18:41'),
	(96, 'EMPTY', 'user96', '$2a$10$7FTfryFNIwcrlFOpTSTDOehO/wCE3Y9iSnxRtNX1fwOBMJg/eCphi', 'IT · 정보기술', '입주기업 명', '100호', '대표자', 'https://homepage.com', 'johndoe@gmail.com', 'default.jpg', '입주사 소개', '2021-02-17 02:48:30', '2021-02-17 02:48:35', '2021-03-17 06:18:41'),
	(97, 'EMPTY', 'user97', '$2a$10$7FTfryFNIwcrlFOpTSTDOehO/wCE3Y9iSnxRtNX1fwOBMJg/eCphi', 'IT · 정보기술', '입주기업 명', '100호', '대표자', 'https://homepage.com', 'johndoe@gmail.com', 'default.jpg', '입주사 소개', '2021-02-17 02:48:30', '2021-02-17 02:48:35', '2021-03-17 06:18:41'),
	(98, 'EMPTY', 'user98', '$2a$10$7FTfryFNIwcrlFOpTSTDOehO/wCE3Y9iSnxRtNX1fwOBMJg/eCphi', 'IT · 정보기술', '입주기업 명', '100호', '대표자', 'https://homepage.com', 'johndoe@gmail.com', 'default.jpg', '입주사 소개', '2021-02-17 02:48:30', '2021-02-17 02:48:35', '2021-03-17 06:18:41'),
	(99, 'EMPTY', 'user99', '$2a$10$7FTfryFNIwcrlFOpTSTDOehO/wCE3Y9iSnxRtNX1fwOBMJg/eCphi', 'IT · 정보기술', '입주기업 명', '100호', '대표자', 'https://homepage.com', 'johndoe@gmail.com', 'default.jpg', '<p>입주사 소개</p>\r\n', '2021-03-17 06:21:31', '2021-02-17 02:48:35', '2021-03-17 06:21:53'),
	(10001, 'ADMIN', 'campus_admin01', '$2a$09$K0ah0L1QBKcgAdqb2gvvYOK.oT3w3rQEeTVq2nA1Xh3gsLI1jIga2', '-', '관리자1', '-', '-', '-', '-', 'default.jpg', '-', '2021-04-23 04:58:41', '2021-02-17 02:48:35', '2021-04-23 04:58:41'),
	(10002, 'ADMIN', 'campus_admin02', '$2a$09$cEDtNb4sEk6aXyIxe2X6meTp3NSVHQm9E7wxdcHbAEpdl1K5UljvK', '-', '관리자2', '-', '-', '-', '-', 'default.jpg', '-', '2021-04-19 02:36:35', '2021-02-17 02:48:35', '2021-04-19 02:36:35'),
	(10003, 'ADMIN', 'campus_admin03', '$2a$09$y9UW8TdnI.jIKbRSYpWy0.odXHrqUAu88gXg/QuberbTcfjE2Ir4y', '-', '관리자3', '-', '-', '-', '-', 'default.jpg', '-', '2021-03-29 04:41:58', '2021-02-17 02:48:35', '2021-03-29 04:41:58');
/*!40000 ALTER TABLE `user_info` ENABLE KEYS */;

-- 테이블 startup_campus.user_role 구조 내보내기
DROP TABLE IF EXISTS `user_role`;
CREATE TABLE IF NOT EXISTS `user_role` (
  `USER_ID` int(11) NOT NULL DEFAULT '0',
  `ROLE` varchar(50) NOT NULL,
  KEY `FK_USER_ID_SEQ_ID` (`USER_ID`),
  CONSTRAINT `FK_USER_ID_SEQ_ID` FOREIGN KEY (`USER_ID`) REFERENCES `user_info` (`SEQ_ID`)
) ENGINE=InnoDB DEFAULT CHARSET=utf8;

-- 테이블 데이터 startup_campus.user_role:~111 rows (대략적) 내보내기
DELETE FROM `user_role`;
/*!40000 ALTER TABLE `user_role` DISABLE KEYS */;
INSERT INTO `user_role` (`USER_ID`, `ROLE`) VALUES
	(1, 'ROLE_USER'),
	(2, 'ROLE_USER'),
	(3, 'ROLE_USER'),
	(4, 'ROLE_USER'),
	(5, 'ROLE_USER'),
	(6, 'ROLE_USER'),
	(7, 'ROLE_USER'),
	(8, 'ROLE_USER'),
	(9, 'ROLE_USER'),
	(10, 'ROLE_USER'),
	(11, 'ROLE_USER'),
	(12, 'ROLE_USER'),
	(13, 'ROLE_USER'),
	(14, 'ROLE_USER'),
	(15, 'ROLE_USER'),
	(16, 'ROLE_USER'),
	(17, 'ROLE_USER'),
	(18, 'ROLE_USER'),
	(19, 'ROLE_USER'),
	(20, 'ROLE_USER'),
	(12, 'ROLE_USER'),
	(13, 'ROLE_USER'),
	(14, 'ROLE_USER'),
	(15, 'ROLE_USER'),
	(16, 'ROLE_USER'),
	(17, 'ROLE_USER'),
	(18, 'ROLE_USER'),
	(19, 'ROLE_USER'),
	(20, 'ROLE_USER'),
	(21, 'ROLE_USER'),
	(22, 'ROLE_USER'),
	(23, 'ROLE_USER'),
	(24, 'ROLE_USER'),
	(25, 'ROLE_USER'),
	(26, 'ROLE_USER'),
	(27, 'ROLE_USER'),
	(28, 'ROLE_USER'),
	(29, 'ROLE_USER'),
	(30, 'ROLE_USER'),
	(10001, 'ROLE_ADMIN'),
	(10002, 'ROLE_ADMIN'),
	(10003, 'ROLE_ADMIN'),
	(31, 'ROLE_USER'),
	(32, 'ROLE_USER'),
	(33, 'ROLE_USER'),
	(34, 'ROLE_USER'),
	(35, 'ROLE_USER'),
	(36, 'ROLE_USER'),
	(37, 'ROLE_USER'),
	(38, 'ROLE_USER'),
	(39, 'ROLE_USER'),
	(40, 'ROLE_USER'),
	(41, 'ROLE_USER'),
	(42, 'ROLE_USER'),
	(43, 'ROLE_USER'),
	(44, 'ROLE_USER'),
	(45, 'ROLE_USER'),
	(46, 'ROLE_USER'),
	(47, 'ROLE_USER'),
	(48, 'ROLE_USER'),
	(49, 'ROLE_USER'),
	(50, 'ROLE_USER'),
	(51, 'ROLE_USER'),
	(52, 'ROLE_USER'),
	(53, 'ROLE_USER'),
	(54, 'ROLE_USER'),
	(55, 'ROLE_USER'),
	(56, 'ROLE_USER'),
	(57, 'ROLE_USER'),
	(58, 'ROLE_USER'),
	(59, 'ROLE_USER'),
	(60, 'ROLE_USER'),
	(61, 'ROLE_USER'),
	(62, 'ROLE_USER'),
	(63, 'ROLE_USER'),
	(64, 'ROLE_USER'),
	(65, 'ROLE_USER'),
	(66, 'ROLE_USER'),
	(67, 'ROLE_USER'),
	(68, 'ROLE_USER'),
	(69, 'ROLE_USER'),
	(70, 'ROLE_USER'),
	(71, 'ROLE_USER'),
	(72, 'ROLE_USER'),
	(73, 'ROLE_USER'),
	(74, 'ROLE_USER'),
	(75, 'ROLE_USER'),
	(76, 'ROLE_USER'),
	(77, 'ROLE_USER'),
	(78, 'ROLE_USER'),
	(79, 'ROLE_USER'),
	(80, 'ROLE_USER'),
	(81, 'ROLE_USER'),
	(82, 'ROLE_USER'),
	(83, 'ROLE_USER'),
	(84, 'ROLE_USER'),
	(85, 'ROLE_USER'),
	(86, 'ROLE_USER'),
	(87, 'ROLE_USER'),
	(88, 'ROLE_USER'),
	(89, 'ROLE_USER'),
	(90, 'ROLE_USER'),
	(91, 'ROLE_USER'),
	(92, 'ROLE_USER'),
	(93, 'ROLE_USER'),
	(94, 'ROLE_USER'),
	(95, 'ROLE_USER'),
	(96, 'ROLE_USER'),
	(97, 'ROLE_USER'),
	(98, 'ROLE_USER'),
	(99, 'ROLE_USER');
/*!40000 ALTER TABLE `user_role` ENABLE KEYS */;

/*!40101 SET SQL_MODE=IFNULL(@OLD_SQL_MODE, '') */;
/*!40014 SET FOREIGN_KEY_CHECKS=IFNULL(@OLD_FOREIGN_KEY_CHECKS, 1) */;
/*!40101 SET CHARACTER_SET_CLIENT=@OLD_CHARACTER_SET_CLIENT */;
/*!40111 SET SQL_NOTES=IFNULL(@OLD_SQL_NOTES, 1) */;
